[2026-04-21 13:10:52] local.ERROR: The C:\Users\MSI\Desktop\projet cote serveur\stock-management\bootstrap\cache directory must be present and writable. {"exception":"[object] (Exception(code: 0): The C:\\Users\\MSI\\Desktop\\projet cote serveur\\stock-management\\bootstrap\\cache directory must be present and writable. at C:/Users/MSI/Desktop/projet cote serveur/stock-management/vendor/laravel/framework/src/Illuminate/Foundation/PackageManifest.php:179)
[stacktrace]
#0 C:/Users/MSI/Desktop/projet cote serveur/stock-management/vendor/laravel/framework/src/Illuminate/Foundation/PackageManifest.php(132): Illuminate/Foundation/PackageManifest->write()
#1 C:/Users/MSI/Desktop/projet cote serveur/stock-management/vendor/laravel/framework/src/Illuminate/Foundation/PackageManifest.php(108): Illuminate/Foundation/PackageManifest->build()
#2 C:/Users/MSI/Desktop/projet cote serveur/stock-management/vendor/laravel/framework/src/Illuminate/Foundation/PackageManifest.php(90): Illuminate/Foundation/PackageManifest->getManifest()
#3 C:/Users/MSI/Desktop/projet cote serveur/stock-management/vendor/laravel/framework/src/Illuminate/Foundation/PackageManifest.php(79): Illuminate/Foundation/PackageManifest->config()
#4 C:/Users/MSI/Desktop/projet cote serveur/stock-management/vendor/laravel/framework/src/Illuminate/Foundation/Bootstrap/RegisterFacades.php(26): Illuminate/Foundation/PackageManifest->aliases()
#5 C:/Users/MSI/Desktop/projet cote serveur/stock-management/vendor/laravel/framework/src/Illuminate/Foundation/Application.php(342): Illuminate/Foundation/Bootstrap/RegisterFacades->bootstrap()
#6 C:/Users/MSI/Desktop/projet cote serveur/stock-management/vendor/laravel/framework/src/Illuminate/Foundation/Console/Kernel.php(494): Illuminate/Foundation/Application->bootstrapWith()
#7 C:/Users/MSI/Desktop/projet cote serveur/stock-management/vendor/laravel/framework/src/Illuminate/Foundation/Console/Kernel.php(196): Illuminate/Foundation/Console/Kernel->bootstrap()
#8 C:/Users/MSI/Desktop/projet cote serveur/stock-management/vendor/laravel/framework/src/Illuminate/Foundation/Application.php(1235): Illuminate/Foundation/Console/Kernel->handle()
#9 C:/Users/MSI/Desktop/projet cote serveur/stock-management/artisan(13): Illuminate/Foundation/Application->handleCommand()
#10 {main}
"} 
[2026-04-21 13:10:53] local.ERROR: __VSCODE_LARAVEL_STARTUP_ERROR__: The C:\Users\MSI\Desktop\projet cote serveur\stock-management\bootstrap\cache directory must be present and writable. {"exception":"[object] (Error(code: 0): __VSCODE_LARAVEL_STARTUP_ERROR__: The C:\\Users\\MSI\\Desktop\\projet cote serveur\\stock-management\\bootstrap\\cache directory must be present and writable. at C:/Users/MSI/Desktop/projet cote serveur/stock-management/vendor/_laravel_ide/discover-5c3cbe5e47b16e6c5fd1967f09c399da.php:33)
[stacktrace]
#0 C:/Users/MSI/Desktop/projet cote serveur/stock-management/vendor/_laravel_ide/discover-5c3cbe5e47b16e6c5fd1967f09c399da.php(62): LaravelVsCode::startupError()
#1 {main}
"} 
[2026-04-21 13:10:53] local.ERROR: __VSCODE_LARAVEL_STARTUP_ERROR__: The C:\Users\MSI\Desktop\projet cote serveur\stock-management\bootstrap\cache directory must be present and writable. {"exception":"[object] (Error(code: 0): __VSCODE_LARAVEL_STARTUP_ERROR__: The C:\\Users\\MSI\\Desktop\\projet cote serveur\\stock-management\\bootstrap\\cache directory must be present and writable. at C:/Users/MSI/Desktop/projet cote serveur/stock-management/vendor/_laravel_ide/discover-ec2e9975ebf5755f76a162b3dce99361.php:33)
[stacktrace]
#0 C:/Users/MSI/Desktop/projet cote serveur/stock-management/vendor/_laravel_ide/discover-ec2e9975ebf5755f76a162b3dce99361.php(62): LaravelVsCode::startupError()
#1 {main}
"} 
[2026-04-21 13:10:53] local.ERROR: __VSCODE_LARAVEL_STARTUP_ERROR__: The C:\Users\MSI\Desktop\projet cote serveur\stock-management\bootstrap\cache directory must be present and writable. {"exception":"[object] (Error(code: 0): __VSCODE_LARAVEL_STARTUP_ERROR__: The C:\\Users\\MSI\\Desktop\\projet cote serveur\\stock-management\\bootstrap\\cache directory must be present and writable. at C:/Users/MSI/Desktop/projet cote serveur/stock-management/vendor/_laravel_ide/discover-80bc781b69500326630e3fef7a4fdfeb.php:33)
[stacktrace]
#0 C:/Users/MSI/Desktop/projet cote serveur/stock-management/vendor/_laravel_ide/discover-80bc781b69500326630e3fef7a4fdfeb.php(62): LaravelVsCode::startupError()
#1 {main}
"} 
[2026-04-21 13:10:53] local.ERROR: __VSCODE_LARAVEL_STARTUP_ERROR__: The C:\Users\MSI\Desktop\projet cote serveur\stock-management\bootstrap\cache directory must be present and writable. {"exception":"[object] (Error(code: 0): __VSCODE_LARAVEL_STARTUP_ERROR__: The C:\\Users\\MSI\\Desktop\\projet cote serveur\\stock-management\\bootstrap\\cache directory must be present and writable. at C:/Users/MSI/Desktop/projet cote serveur/stock-management/vendor/_laravel_ide/discover-43419e1773d5590e98dcbfc1b7903297.php:33)
[stacktrace]
#0 C:/Users/MSI/Desktop/projet cote serveur/stock-management/vendor/_laravel_ide/discover-43419e1773d5590e98dcbfc1b7903297.php(62): LaravelVsCode::startupError()
#1 {main}
"} 
[2026-04-21 13:10:53] local.ERROR: __VSCODE_LARAVEL_STARTUP_ERROR__: The C:\Users\MSI\Desktop\projet cote serveur\stock-management\bootstrap\cache directory must be present and writable. {"exception":"[object] (Error(code: 0): __VSCODE_LARAVEL_STARTUP_ERROR__: The C:\\Users\\MSI\\Desktop\\projet cote serveur\\stock-management\\bootstrap\\cache directory must be present and writable. at C:/Users/MSI/Desktop/projet cote serveur/stock-management/vendor/_laravel_ide/discover-6d96201ad95cad12367117063c707ebf.php:33)
[stacktrace]
#0 C:/Users/MSI/Desktop/projet cote serveur/stock-management/vendor/_laravel_ide/discover-6d96201ad95cad12367117063c707ebf.php(62): LaravelVsCode::startupError()
#1 {main}
"} 
[2026-04-21 13:10:53] local.ERROR: __VSCODE_LARAVEL_STARTUP_ERROR__: The C:\Users\MSI\Desktop\projet cote serveur\stock-management\bootstrap\cache directory must be present and writable. {"exception":"[object] (Error(code: 0): __VSCODE_LARAVEL_STARTUP_ERROR__: The C:\\Users\\MSI\\Desktop\\projet cote serveur\\stock-management\\bootstrap\\cache directory must be present and writable. at C:/Users/MSI/Desktop/projet cote serveur/stock-management/vendor/_laravel_ide/discover-31b934f114eabc246b541addb8b458e3.php:33)
[stacktrace]
#0 C:/Users/MSI/Desktop/projet cote serveur/stock-management/vendor/_laravel_ide/discover-31b934f114eabc246b541addb8b458e3.php(62): LaravelVsCode::startupError()
#1 {main}
"} 
[2026-04-21 13:10:53] local.ERROR: __VSCODE_LARAVEL_STARTUP_ERROR__: The C:\Users\MSI\Desktop\projet cote serveur\stock-management\bootstrap\cache directory must be present and writable. {"exception":"[object] (Error(code: 0): __VSCODE_LARAVEL_STARTUP_ERROR__: The C:\\Users\\MSI\\Desktop\\projet cote serveur\\stock-management\\bootstrap\\cache directory must be present and writable. at C:/Users/MSI/Desktop/projet cote serveur/stock-management/vendor/_laravel_ide/discover-19804082b122017c46bdac205a3a1912.php:33)
[stacktrace]
#0 C:/Users/MSI/Desktop/projet cote serveur/stock-management/vendor/_laravel_ide/discover-19804082b122017c46bdac205a3a1912.php(62): LaravelVsCode::startupError()
#1 {main}
"} 
[2026-04-21 13:10:53] local.ERROR: __VSCODE_LARAVEL_STARTUP_ERROR__: The C:\Users\MSI\Desktop\projet cote serveur\stock-management\bootstrap\cache directory must be present and writable. {"exception":"[object] (Error(code: 0): __VSCODE_LARAVEL_STARTUP_ERROR__: The C:\\Users\\MSI\\Desktop\\projet cote serveur\\stock-management\\bootstrap\\cache directory must be present and writable. at C:/Users/MSI/Desktop/projet cote serveur/stock-management/vendor/_laravel_ide/discover-4dd8aa2c89a79640c26a5af93ae899b1.php:33)
[stacktrace]
#0 C:/Users/MSI/Desktop/projet cote serveur/stock-management/vendor/_laravel_ide/discover-4dd8aa2c89a79640c26a5af93ae899b1.php(62): LaravelVsCode::startupError()
#1 {main}
"} 
[2026-04-21 13:10:53] local.ERROR: __VSCODE_LARAVEL_STARTUP_ERROR__: The C:\Users\MSI\Desktop\projet cote serveur\stock-management\bootstrap\cache directory must be present and writable. {"exception":"[object] (Error(code: 0): __VSCODE_LARAVEL_STARTUP_ERROR__: The C:\\Users\\MSI\\Desktop\\projet cote serveur\\stock-management\\bootstrap\\cache directory must be present and writable. at C:/Users/MSI/Desktop/projet cote serveur/stock-management/vendor/_laravel_ide/discover-f5442aeac73a6a9021bd7ce113d6a606.php:33)
[stacktrace]
#0 C:/Users/MSI/Desktop/projet cote serveur/stock-management/vendor/_laravel_ide/discover-f5442aeac73a6a9021bd7ce113d6a606.php(62): LaravelVsCode::startupError()
#1 {main}
"} 
[2026-04-21 13:10:53] local.ERROR: __VSCODE_LARAVEL_STARTUP_ERROR__: The C:\Users\MSI\Desktop\projet cote serveur\stock-management\bootstrap\cache directory must be present and writable. {"exception":"[object] (Error(code: 0): __VSCODE_LARAVEL_STARTUP_ERROR__: The C:\\Users\\MSI\\Desktop\\projet cote serveur\\stock-management\\bootstrap\\cache directory must be present and writable. at C:/Users/MSI/Desktop/projet cote serveur/stock-management/vendor/_laravel_ide/discover-7563160ca998bde672640aa1e68dfd08.php:33)
[stacktrace]
#0 C:/Users/MSI/Desktop/projet cote serveur/stock-management/vendor/_laravel_ide/discover-7563160ca998bde672640aa1e68dfd08.php(62): LaravelVsCode::startupError()
#1 {main}
"} 
[2026-04-21 13:10:53] local.ERROR: __VSCODE_LARAVEL_STARTUP_ERROR__: The C:\Users\MSI\Desktop\projet cote serveur\stock-management\bootstrap\cache directory must be present and writable. {"exception":"[object] (Error(code: 0): __VSCODE_LARAVEL_STARTUP_ERROR__: The C:\\Users\\MSI\\Desktop\\projet cote serveur\\stock-management\\bootstrap\\cache directory must be present and writable. at C:/Users/MSI/Desktop/projet cote serveur/stock-management/vendor/_laravel_ide/discover-bf37f1dc35944596ec71c910bc1ca84f.php:33)
[stacktrace]
#0 C:/Users/MSI/Desktop/projet cote serveur/stock-management/vendor/_laravel_ide/discover-bf37f1dc35944596ec71c910bc1ca84f.php(62): LaravelVsCode::startupError()
#1 {main}
"} 
[2026-04-21 13:10:54] local.ERROR: __VSCODE_LARAVEL_STARTUP_ERROR__: The C:\Users\MSI\Desktop\projet cote serveur\stock-management\bootstrap\cache directory must be present and writable. {"exception":"[object] (Error(code: 0): __VSCODE_LARAVEL_STARTUP_ERROR__: The C:\\Users\\MSI\\Desktop\\projet cote serveur\\stock-management\\bootstrap\\cache directory must be present and writable. at C:/Users/MSI/Desktop/projet cote serveur/stock-management/vendor/_laravel_ide/discover-5c3cbe5e47b16e6c5fd1967f09c399da.php:33)
[stacktrace]
#0 C:/Users/MSI/Desktop/projet cote serveur/stock-management/vendor/_laravel_ide/discover-5c3cbe5e47b16e6c5fd1967f09c399da.php(62): LaravelVsCode::startupError()
#1 {main}
"} 
[2026-04-21 13:10:54] local.ERROR: __VSCODE_LARAVEL_STARTUP_ERROR__: The C:\Users\MSI\Desktop\projet cote serveur\stock-management\bootstrap\cache directory must be present and writable. {"exception":"[object] (Error(code: 0): __VSCODE_LARAVEL_STARTUP_ERROR__: The C:\\Users\\MSI\\Desktop\\projet cote serveur\\stock-management\\bootstrap\\cache directory must be present and writable. at C:/Users/MSI/Desktop/projet cote serveur/stock-management/vendor/_laravel_ide/discover-43419e1773d5590e98dcbfc1b7903297.php:33)
[stacktrace]
#0 C:/Users/MSI/Desktop/projet cote serveur/stock-management/vendor/_laravel_ide/discover-43419e1773d5590e98dcbfc1b7903297.php(62): LaravelVsCode::startupError()
#1 {main}
"} 
[2026-04-21 13:10:54] local.ERROR: __VSCODE_LARAVEL_STARTUP_ERROR__: The C:\Users\MSI\Desktop\projet cote serveur\stock-management\bootstrap\cache directory must be present and writable. {"exception":"[object] (Error(code: 0): __VSCODE_LARAVEL_STARTUP_ERROR__: The C:\\Users\\MSI\\Desktop\\projet cote serveur\\stock-management\\bootstrap\\cache directory must be present and writable. at C:/Users/MSI/Desktop/projet cote serveur/stock-management/vendor/_laravel_ide/discover-6d96201ad95cad12367117063c707ebf.php:33)
[stacktrace]
#0 C:/Users/MSI/Desktop/projet cote serveur/stock-management/vendor/_laravel_ide/discover-6d96201ad95cad12367117063c707ebf.php(62): LaravelVsCode::startupError()
#1 {main}
"} 
[2026-04-21 13:10:54] local.ERROR: __VSCODE_LARAVEL_STARTUP_ERROR__: The C:\Users\MSI\Desktop\projet cote serveur\stock-management\bootstrap\cache directory must be present and writable. {"exception":"[object] (Error(code: 0): __VSCODE_LARAVEL_STARTUP_ERROR__: The C:\\Users\\MSI\\Desktop\\projet cote serveur\\stock-management\\bootstrap\\cache directory must be present and writable. at C:/Users/MSI/Desktop/projet cote serveur/stock-management/vendor/_laravel_ide/discover-f5442aeac73a6a9021bd7ce113d6a606.php:33)
[stacktrace]
#0 C:/Users/MSI/Desktop/projet cote serveur/stock-management/vendor/_laravel_ide/discover-f5442aeac73a6a9021bd7ce113d6a606.php(62): LaravelVsCode::startupError()
#1 {main}
"} 
[2026-04-21 13:10:54] local.ERROR: __VSCODE_LARAVEL_STARTUP_ERROR__: The C:\Users\MSI\Desktop\projet cote serveur\stock-management\bootstrap\cache directory must be present and writable. {"exception":"[object] (Error(code: 0): __VSCODE_LARAVEL_STARTUP_ERROR__: The C:\\Users\\MSI\\Desktop\\projet cote serveur\\stock-management\\bootstrap\\cache directory must be present and writable. at C:/Users/MSI/Desktop/projet cote serveur/stock-management/vendor/_laravel_ide/discover-80bc781b69500326630e3fef7a4fdfeb.php:33)
[stacktrace]
#0 C:/Users/MSI/Desktop/projet cote serveur/stock-management/vendor/_laravel_ide/discover-80bc781b69500326630e3fef7a4fdfeb.php(62): LaravelVsCode::startupError()
#1 {main}
"} 
[2026-04-21 13:11:22] local.ERROR: The C:\Users\MSI\Desktop\projet cote serveur\stock-management\bootstrap\cache directory must be present and writable. {"exception":"[object] (Exception(code: 0): The C:\\Users\\MSI\\Desktop\\projet cote serveur\\stock-management\\bootstrap\\cache directory must be present and writable. at C:/Users/MSI/Desktop/projet cote serveur/stock-management/vendor/laravel/framework/src/Illuminate/Foundation/PackageManifest.php:179)
[stacktrace]
#0 C:/Users/MSI/Desktop/projet cote serveur/stock-management/vendor/laravel/framework/src/Illuminate/Foundation/PackageManifest.php(132): Illuminate/Foundation/PackageManifest->write()
#1 C:/Users/MSI/Desktop/projet cote serveur/stock-management/vendor/laravel/framework/src/Illuminate/Foundation/PackageManifest.php(108): Illuminate/Foundation/PackageManifest->build()
#2 C:/Users/MSI/Desktop/projet cote serveur/stock-management/vendor/laravel/framework/src/Illuminate/Foundation/PackageManifest.php(90): Illuminate/Foundation/PackageManifest->getManifest()
#3 C:/Users/MSI/Desktop/projet cote serveur/stock-management/vendor/laravel/framework/src/Illuminate/Foundation/PackageManifest.php(79): Illuminate/Foundation/PackageManifest->config()
#4 C:/Users/MSI/Desktop/projet cote serveur/stock-management/vendor/laravel/framework/src/Illuminate/Foundation/Bootstrap/RegisterFacades.php(26): Illuminate/Foundation/PackageManifest->aliases()
#5 C:/Users/MSI/Desktop/projet cote serveur/stock-management/vendor/laravel/framework/src/Illuminate/Foundation/Application.php(342): Illuminate/Foundation/Bootstrap/RegisterFacades->bootstrap()
#6 C:/Users/MSI/Desktop/projet cote serveur/stock-management/vendor/laravel/framework/src/Illuminate/Foundation/Console/Kernel.php(494): Illuminate/Foundation/Application->bootstrapWith()
#7 C:/Users/MSI/Desktop/projet cote serveur/stock-management/vendor/laravel/framework/src/Illuminate/Foundation/Console/Kernel.php(196): Illuminate/Foundation/Console/Kernel->bootstrap()
#8 C:/Users/MSI/Desktop/projet cote serveur/stock-management/vendor/laravel/framework/src/Illuminate/Foundation/Application.php(1235): Illuminate/Foundation/Console/Kernel->handle()
#9 C:/Users/MSI/Desktop/projet cote serveur/stock-management/artisan(13): Illuminate/Foundation/Application->handleCommand()
#10 {main}
"} 
[2026-04-21 13:18:28] local.DEBUG: From: Gestion de Stock <noreply@stock-management.local>
To: yassineghorbel62@gmail.com
Subject: Reset Password Notification
MIME-Version: 1.0
Date: Tue, 21 Apr 2026 13:18:28 +0100
Message-ID: <f9ecb319d6b85b1157a3e0368381c08e@stock-management.local>
Content-Type: multipart/alternative; boundary=Jbdi3N8u

--Jbdi3N8u
Content-Type: text/plain; charset=utf-8
Content-Transfer-Encoding: quoted-printable

Gestion de Stock: http://localhost:8000

# Hello!

You are receiving this email because we received a password reset request for your account.

Reset Password: http://127.0.0.1:8000/reset-password/4bd2e17c1ebaccfa8eedf80ccaef7e3598126d0a84d05360cf8c55462da0b17e?email=yassineghorbel62%40gmail.com

This password reset link will expire in 60 minutes.

If you did not request a password reset, no further action is required.

Regards,
Gestion de Stock

If you're having trouble clicking the "Reset Password" button, copy and paste the URL below
into your web browser: [http://127.0.0.1:8000/reset-password/4bd2e17c1ebaccfa8eedf80ccaef7e3598126d0a84d05360cf8c55462da0b17e?email=yassineghorbel62%40gmail.com](http://127.0.0.1:8000/reset-password/4bd2e17c1ebaccfa8eedf80ccaef7e3598126d0a84d05360cf8c55462da0b17e?email=yassineghorbel62%40gmail.com)

© 2026 Gestion de Stock. All rights reserved.

--Jbdi3N8u
Content-Type: text/html; charset=utf-8
Content-Transfer-Encoding: quoted-printable

<!DOCTYPE html PUBLIC "-//W3C//DTD XHTML 1.0 Transitional//EN" "http://www.w3.org/TR/xhtml1/DTD/xhtml1-transitional.dtd">
<html xmlns="http://www.w3.org/1999/xhtml" lang="fr">
<head>
<title>Gestion de Stock</title>
<meta name="viewport" content="width=device-width, initial-scale=1.0">
<meta http-equiv="Content-Type" content="text/html; charset=UTF-8">
<meta name="color-scheme" content="light">
<meta name="supported-color-schemes" content="light">
<style>
@media only screen and (max-width: 600px) {
.inner-body {
width: 100% !important;
}

.footer {
width: 100% !important;
}
}

@media only screen and (max-width: 500px) {
.button {
width: 100% !important;
}
}
</style>

</head>
<body style="box-sizing: border-box; font-family: -apple-system, BlinkMacSystemFont, 'Segoe UI', Roboto, Helvetica, Arial, sans-serif, 'Apple Color Emoji', 'Segoe UI Emoji', 'Segoe UI Symbol'; position: relative; -webkit-text-size-adjust: none; background-color: #ffffff; color: #52525b; height: 100%; line-height: 1.4; margin: 0; padding: 0; width: 100% !important;">

<table class="wrapper" width="100%" cellpadding="0" cellspacing="0" role="presentation" style="box-sizing: border-box; font-family: -apple-system, BlinkMacSystemFont, 'Segoe UI', Roboto, Helvetica, Arial, sans-serif, 'Apple Color Emoji', 'Segoe UI Emoji', 'Segoe UI Symbol'; position: relative; -premailer-cellpadding: 0; -premailer-cellspacing: 0; -premailer-width: 100%; background-color: #fafafa; margin: 0; padding: 0; width: 100%;">
<tr>
<td align="center" style="box-sizing: border-box; font-family: -apple-system, BlinkMacSystemFont, 'Segoe UI', Roboto, Helvetica, Arial, sans-serif, 'Apple Color Emoji', 'Segoe UI Emoji', 'Segoe UI Symbol'; position: relative;">
<table class="content" width="100%" cellpadding="0" cellspacing="0" role="presentation" style="box-sizing: border-box; font-family: -apple-system, BlinkMacSystemFont, 'Segoe UI', Roboto, Helvetica, Arial, sans-serif, 'Apple Color Emoji', 'Segoe UI Emoji', 'Segoe UI Symbol'; position: relative; -premailer-cellpadding: 0; -premailer-cellspacing: 0; -premailer-width: 100%; margin: 0; padding: 0; width: 100%;">
<tr>
<td class="header" style="box-sizing: border-box; font-family: -apple-system, BlinkMacSystemFont, 'Segoe UI', Roboto, Helvetica, Arial, sans-serif, 'Apple Color Emoji', 'Segoe UI Emoji', 'Segoe UI Symbol'; position: relative; padding: 25px 0; text-align: center;">
<a href="http://localhost:8000" style="box-sizing: border-box; font-family: -apple-system, BlinkMacSystemFont, 'Segoe UI', Roboto, Helvetica, Arial, sans-serif, 'Apple Color Emoji', 'Segoe UI Emoji', 'Segoe UI Symbol'; position: relative; color: #18181b; font-size: 19px; font-weight: bold; text-decoration: none; display: inline-block;">
Gestion de Stock
</a>
</td>
</tr>

<!-- Email Body -->
<tr>
<td class="body" width="100%" cellpadding="0" cellspacing="0" style="box-sizing: border-box; font-family: -apple-system, BlinkMacSystemFont, 'Segoe UI', Roboto, Helvetica, Arial, sans-serif, 'Apple Color Emoji', 'Segoe UI Emoji', 'Segoe UI Symbol'; position: relative; -premailer-cellpadding: 0; -premailer-cellspacing: 0; -premailer-width: 100%; background-color: #fafafa; border-bottom: 1px solid #fafafa; border-top: 1px solid #fafafa; margin: 0; padding: 0; width: 100%; border: hidden !important;">
<table class="inner-body" align="center" width="570" cellpadding="0" cellspacing="0" role="presentation" style="box-sizing: border-box; font-family: -apple-system, BlinkMacSystemFont, 'Segoe UI', Roboto, Helvetica, Arial, sans-serif, 'Apple Color Emoji', 'Segoe UI Emoji', 'Segoe UI Symbol'; position: relative; -premailer-cellpadding: 0; -premailer-cellspacing: 0; -premailer-width: 570px; background-color: #ffffff; border-color: #e4e4e7; border-radius: 4px; border-width: 1px; box-shadow: 0 1px 3px 0 rgba(0, 0, 0, 0.1), 0 1px 2px -1px rgba(0, 0, 0, 0.1); margin: 0 auto; padding: 0; width: 570px;">
<!-- Body content -->
<tr>
<td class="content-cell" style="box-sizing: border-box; font-family: -apple-system, BlinkMacSystemFont, 'Segoe UI', Roboto, Helvetica, Arial, sans-serif, 'Apple Color Emoji', 'Segoe UI Emoji', 'Segoe UI Symbol'; position: relative; max-width: 100vw; padding: 32px;">
<h1 style="box-sizing: border-box; font-family: -apple-system, BlinkMacSystemFont, 'Segoe UI', Roboto, Helvetica, Arial, sans-serif, 'Apple Color Emoji', 'Segoe UI Emoji', 'Segoe UI Symbol'; position: relative; color: #18181b; font-size: 18px; font-weight: bold; margin-top: 0; text-align: start;">Hello!</h1>
<p style="box-sizing: border-box; font-family: -apple-system, BlinkMacSystemFont, 'Segoe UI', Roboto, Helvetica, Arial, sans-serif, 'Apple Color Emoji', 'Segoe UI Emoji', 'Segoe UI Symbol'; position: relative; font-size: 16px; line-height: 1.5em; margin-top: 0; text-align: left;">You are receiving this email because we received a password reset request for your account.</p>
<table class="action" align="center" width="100%" cellpadding="0" cellspacing="0" role="presentation" style="box-sizing: border-box; font-family: -apple-system, BlinkMacSystemFont, 'Segoe UI', Roboto, Helvetica, Arial, sans-serif, 'Apple Color Emoji', 'Segoe UI Emoji', 'Segoe UI Symbol'; position: relative; -premailer-cellpadding: 0; -premailer-cellspacing: 0; -premailer-width: 100%; margin: 30px auto; padding: 0; text-align: center; width: 100%; float: unset;">
<tr>
<td align="center" style="box-sizing: border-box; font-family: -apple-system, BlinkMacSystemFont, 'Segoe UI', Roboto, Helvetica, Arial, sans-serif, 'Apple Color Emoji', 'Segoe UI Emoji', 'Segoe UI Symbol'; position: relative;">
<table width="100%" border="0" cellpadding="0" cellspacing="0" role="presentation" style="box-sizing: border-box; font-family: -apple-system, BlinkMacSystemFont, 'Segoe UI', Roboto, Helvetica, Arial, sans-serif, 'Apple Color Emoji', 'Segoe UI Emoji', 'Segoe UI Symbol'; position: relative;">
<tr>
<td align="center" style="box-sizing: border-box; font-family: -apple-system, BlinkMacSystemFont, 'Segoe UI', Roboto, Helvetica, Arial, sans-serif, 'Apple Color Emoji', 'Segoe UI Emoji', 'Segoe UI Symbol'; position: relative;">
<table border="0" cellpadding="0" cellspacing="0" role="presentation" style="box-sizing: border-box; font-family: -apple-system, BlinkMacSystemFont, 'Segoe UI', Roboto, Helvetica, Arial, sans-serif, 'Apple Color Emoji', 'Segoe UI Emoji', 'Segoe UI Symbol'; position: relative;">
<tr>
<td style="box-sizing: border-box; font-family: -apple-system, BlinkMacSystemFont, 'Segoe UI', Roboto, Helvetica, Arial, sans-serif, 'Apple Color Emoji', 'Segoe UI Emoji', 'Segoe UI Symbol'; position: relative;">
<a href="http://127.0.0.1:8000/reset-password/4bd2e17c1ebaccfa8eedf80ccaef7e3598126d0a84d05360cf8c55462da0b17e?email=yassineghorbel62%40gmail.com" class="button button-primary" target="_blank" rel="noopener" style="box-sizing: border-box; font-family: -apple-system, BlinkMacSystemFont, 'Segoe UI', Roboto, Helvetica, Arial, sans-serif, 'Apple Color Emoji', 'Segoe UI Emoji', 'Segoe UI Symbol'; position: relative; -webkit-text-size-adjust: none; border-radius: 4px; color: #fff; display: inline-block; overflow: hidden; text-decoration: none; background-color: #18181b; border-bottom: 8px solid #18181b; border-left: 18px solid #18181b; border-right: 18px solid #18181b; border-top: 8px solid #18181b; word-break: break-all;">Reset Password</a>
</td>
</tr>
</table>
</td>
</tr>
</table>
</td>
</tr>
</table>
<p style="box-sizing: border-box; font-family: -apple-system, BlinkMacSystemFont, 'Segoe UI', Roboto, Helvetica, Arial, sans-serif, 'Apple Color Emoji', 'Segoe UI Emoji', 'Segoe UI Symbol'; position: relative; font-size: 16px; line-height: 1.5em; margin-top: 0; text-align: left;">This password reset link will expire in 60 minutes.</p>
<p style="box-sizing: border-box; font-family: -apple-system, BlinkMacSystemFont, 'Segoe UI', Roboto, Helvetica, Arial, sans-serif, 'Apple Color Emoji', 'Segoe UI Emoji', 'Segoe UI Symbol'; position: relative; font-size: 16px; line-height: 1.5em; margin-top: 0; text-align: left;">If you did not request a password reset, no further action is required.</p>
<p style="box-sizing: border-box; font-family: -apple-system, BlinkMacSystemFont, 'Segoe UI', Roboto, Helvetica, Arial, sans-serif, 'Apple Color Emoji', 'Segoe UI Emoji', 'Segoe UI Symbol'; position: relative; font-size: 16px; line-height: 1.5em; margin-top: 0; text-align: left;">Regards,<br>
Gestion de Stock</p>


<table class="subcopy" width="100%" cellpadding="0" cellspacing="0" role="presentation" style="box-sizing: border-box; font-family: -apple-system, BlinkMacSystemFont, 'Segoe UI', Roboto, Helvetica, Arial, sans-serif, 'Apple Color Emoji', 'Segoe UI Emoji', 'Segoe UI Symbol'; position: relative; border-top: 1px solid #e4e4e7; margin-top: 25px; padding-top: 25px;">
<tr>
<td style="box-sizing: border-box; font-family: -apple-system, BlinkMacSystemFont, 'Segoe UI', Roboto, Helvetica, Arial, sans-serif, 'Apple Color Emoji', 'Segoe UI Emoji', 'Segoe UI Symbol'; position: relative;">
<p style="box-sizing: border-box; font-family: -apple-system, BlinkMacSystemFont, 'Segoe UI', Roboto, Helvetica, Arial, sans-serif, 'Apple Color Emoji', 'Segoe UI Emoji', 'Segoe UI Symbol'; position: relative; line-height: 1.5em; margin-top: 0; text-align: left; font-size: 14px;">If you're having trouble clicking the "Reset Password" button, copy and paste the URL below
into your web browser: <span class="break-all" style="box-sizing: border-box; font-family: -apple-system, BlinkMacSystemFont, 'Segoe UI', Roboto, Helvetica, Arial, sans-serif, 'Apple Color Emoji', 'Segoe UI Emoji', 'Segoe UI Symbol'; position: relative; word-break: break-all;"><a href="http://127.0.0.1:8000/reset-password/4bd2e17c1ebaccfa8eedf80ccaef7e3598126d0a84d05360cf8c55462da0b17e?email=yassineghorbel62%40gmail.com" style="box-sizing: border-box; font-family: -apple-system, BlinkMacSystemFont, 'Segoe UI', Roboto, Helvetica, Arial, sans-serif, 'Apple Color Emoji', 'Segoe UI Emoji', 'Segoe UI Symbol'; position: relative; color: #18181b; word-break: break-all;">http://127.0.0.1:8000/reset-password/4bd2e17c1ebaccfa8eedf80ccaef7e3598126d0a84d05360cf8c55462da0b17e?email=yassineghorbel62%40gmail.com</a></span></p>

</td>
</tr>
</table>
</td>
</tr>
</table>
</td>
</tr>

<tr>
<td style="box-sizing: border-box; font-family: -apple-system, BlinkMacSystemFont, 'Segoe UI', Roboto, Helvetica, Arial, sans-serif, 'Apple Color Emoji', 'Segoe UI Emoji', 'Segoe UI Symbol'; position: relative;">
<table class="footer" align="center" width="570" cellpadding="0" cellspacing="0" role="presentation" style="box-sizing: border-box; font-family: -apple-system, BlinkMacSystemFont, 'Segoe UI', Roboto, Helvetica, Arial, sans-serif, 'Apple Color Emoji', 'Segoe UI Emoji', 'Segoe UI Symbol'; position: relative; -premailer-cellpadding: 0; -premailer-cellspacing: 0; -premailer-width: 570px; margin: 0 auto; padding: 0; text-align: center; width: 570px;">
<tr>
<td class="content-cell" align="center" style="box-sizing: border-box; font-family: -apple-system, BlinkMacSystemFont, 'Segoe UI', Roboto, Helvetica, Arial, sans-serif, 'Apple Color Emoji', 'Segoe UI Emoji', 'Segoe UI Symbol'; position: relative; max-width: 100vw; padding: 32px;">
<p style="box-sizing: border-box; font-family: -apple-system, BlinkMacSystemFont, 'Segoe UI', Roboto, Helvetica, Arial, sans-serif, 'Apple Color Emoji', 'Segoe UI Emoji', 'Segoe UI Symbol'; position: relative; line-height: 1.5em; margin-top: 0; color: #a1a1aa; font-size: 12px; text-align: center;">© 2026 Gestion de Stock. All rights reserved.</p>

</td>
</tr>
</table>
</td>
</tr>
</table>
</td>
</tr>
</table>
</body>
</html>
--Jbdi3N8u--
  
[2026-04-22 10:44:39] local.DEBUG: From: Gestion de Stock <noreply@stock-management.local>
To: yassineghorbel62@gmail.com
Subject: Reset Password Notification
MIME-Version: 1.0
Date: Wed, 22 Apr 2026 10:44:39 +0100
Message-ID: <9a18a5e645f329805a1564082108bc5f@stock-management.local>
Content-Type: multipart/alternative; boundary=BB3PV52z

--BB3PV52z
Content-Type: text/plain; charset=utf-8
Content-Transfer-Encoding: quoted-printable

Gestion de Stock: http://localhost:8000

# Hello!

You are receiving this email because we received a password reset request for your account.

Reset Password: http://127.0.0.1:8000/reset-password/293e5b41446c66fde8065a695749d4f3b415335aeb7192cac3b7478632abc9c5?email=yassineghorbel62%40gmail.com

This password reset link will expire in 60 minutes.

If you did not request a password reset, no further action is required.

Regards,
Gestion de Stock

If you're having trouble clicking the "Reset Password" button, copy and paste the URL below
into your web browser: [http://127.0.0.1:8000/reset-password/293e5b41446c66fde8065a695749d4f3b415335aeb7192cac3b7478632abc9c5?email=yassineghorbel62%40gmail.com](http://127.0.0.1:8000/reset-password/293e5b41446c66fde8065a695749d4f3b415335aeb7192cac3b7478632abc9c5?email=yassineghorbel62%40gmail.com)

© 2026 Gestion de Stock. All rights reserved.

--BB3PV52z
Content-Type: text/html; charset=utf-8
Content-Transfer-Encoding: quoted-printable

<!DOCTYPE html PUBLIC "-//W3C//DTD XHTML 1.0 Transitional//EN" "http://www.w3.org/TR/xhtml1/DTD/xhtml1-transitional.dtd">
<html xmlns="http://www.w3.org/1999/xhtml" lang="fr">
<head>
<title>Gestion de Stock</title>
<meta name="viewport" content="width=device-width, initial-scale=1.0">
<meta http-equiv="Content-Type" content="text/html; charset=UTF-8">
<meta name="color-scheme" content="light">
<meta name="supported-color-schemes" content="light">
<style>
@media only screen and (max-width: 600px) {
.inner-body {
width: 100% !important;
}

.footer {
width: 100% !important;
}
}

@media only screen and (max-width: 500px) {
.button {
width: 100% !important;
}
}
</style>

</head>
<body style="box-sizing: border-box; font-family: -apple-system, BlinkMacSystemFont, 'Segoe UI', Roboto, Helvetica, Arial, sans-serif, 'Apple Color Emoji', 'Segoe UI Emoji', 'Segoe UI Symbol'; position: relative; -webkit-text-size-adjust: none; background-color: #ffffff; color: #52525b; height: 100%; line-height: 1.4; margin: 0; padding: 0; width: 100% !important;">

<table class="wrapper" width="100%" cellpadding="0" cellspacing="0" role="presentation" style="box-sizing: border-box; font-family: -apple-system, BlinkMacSystemFont, 'Segoe UI', Roboto, Helvetica, Arial, sans-serif, 'Apple Color Emoji', 'Segoe UI Emoji', 'Segoe UI Symbol'; position: relative; -premailer-cellpadding: 0; -premailer-cellspacing: 0; -premailer-width: 100%; background-color: #fafafa; margin: 0; padding: 0; width: 100%;">
<tr>
<td align="center" style="box-sizing: border-box; font-family: -apple-system, BlinkMacSystemFont, 'Segoe UI', Roboto, Helvetica, Arial, sans-serif, 'Apple Color Emoji', 'Segoe UI Emoji', 'Segoe UI Symbol'; position: relative;">
<table class="content" width="100%" cellpadding="0" cellspacing="0" role="presentation" style="box-sizing: border-box; font-family: -apple-system, BlinkMacSystemFont, 'Segoe UI', Roboto, Helvetica, Arial, sans-serif, 'Apple Color Emoji', 'Segoe UI Emoji', 'Segoe UI Symbol'; position: relative; -premailer-cellpadding: 0; -premailer-cellspacing: 0; -premailer-width: 100%; margin: 0; padding: 0; width: 100%;">
<tr>
<td class="header" style="box-sizing: border-box; font-family: -apple-system, BlinkMacSystemFont, 'Segoe UI', Roboto, Helvetica, Arial, sans-serif, 'Apple Color Emoji', 'Segoe UI Emoji', 'Segoe UI Symbol'; position: relative; padding: 25px 0; text-align: center;">
<a href="http://localhost:8000" style="box-sizing: border-box; font-family: -apple-system, BlinkMacSystemFont, 'Segoe UI', Roboto, Helvetica, Arial, sans-serif, 'Apple Color Emoji', 'Segoe UI Emoji', 'Segoe UI Symbol'; position: relative; color: #18181b; font-size: 19px; font-weight: bold; text-decoration: none; display: inline-block;">
Gestion de Stock
</a>
</td>
</tr>

<!-- Email Body -->
<tr>
<td class="body" width="100%" cellpadding="0" cellspacing="0" style="box-sizing: border-box; font-family: -apple-system, BlinkMacSystemFont, 'Segoe UI', Roboto, Helvetica, Arial, sans-serif, 'Apple Color Emoji', 'Segoe UI Emoji', 'Segoe UI Symbol'; position: relative; -premailer-cellpadding: 0; -premailer-cellspacing: 0; -premailer-width: 100%; background-color: #fafafa; border-bottom: 1px solid #fafafa; border-top: 1px solid #fafafa; margin: 0; padding: 0; width: 100%; border: hidden !important;">
<table class="inner-body" align="center" width="570" cellpadding="0" cellspacing="0" role="presentation" style="box-sizing: border-box; font-family: -apple-system, BlinkMacSystemFont, 'Segoe UI', Roboto, Helvetica, Arial, sans-serif, 'Apple Color Emoji', 'Segoe UI Emoji', 'Segoe UI Symbol'; position: relative; -premailer-cellpadding: 0; -premailer-cellspacing: 0; -premailer-width: 570px; background-color: #ffffff; border-color: #e4e4e7; border-radius: 4px; border-width: 1px; box-shadow: 0 1px 3px 0 rgba(0, 0, 0, 0.1), 0 1px 2px -1px rgba(0, 0, 0, 0.1); margin: 0 auto; padding: 0; width: 570px;">
<!-- Body content -->
<tr>
<td class="content-cell" style="box-sizing: border-box; font-family: -apple-system, BlinkMacSystemFont, 'Segoe UI', Roboto, Helvetica, Arial, sans-serif, 'Apple Color Emoji', 'Segoe UI Emoji', 'Segoe UI Symbol'; position: relative; max-width: 100vw; padding: 32px;">
<h1 style="box-sizing: border-box; font-family: -apple-system, BlinkMacSystemFont, 'Segoe UI', Roboto, Helvetica, Arial, sans-serif, 'Apple Color Emoji', 'Segoe UI Emoji', 'Segoe UI Symbol'; position: relative; color: #18181b; font-size: 18px; font-weight: bold; margin-top: 0; text-align: start;">Hello!</h1>
<p style="box-sizing: border-box; font-family: -apple-system, BlinkMacSystemFont, 'Segoe UI', Roboto, Helvetica, Arial, sans-serif, 'Apple Color Emoji', 'Segoe UI Emoji', 'Segoe UI Symbol'; position: relative; font-size: 16px; line-height: 1.5em; margin-top: 0; text-align: left;">You are receiving this email because we received a password reset request for your account.</p>
<table class="action" align="center" width="100%" cellpadding="0" cellspacing="0" role="presentation" style="box-sizing: border-box; font-family: -apple-system, BlinkMacSystemFont, 'Segoe UI', Roboto, Helvetica, Arial, sans-serif, 'Apple Color Emoji', 'Segoe UI Emoji', 'Segoe UI Symbol'; position: relative; -premailer-cellpadding: 0; -premailer-cellspacing: 0; -premailer-width: 100%; margin: 30px auto; padding: 0; text-align: center; width: 100%; float: unset;">
<tr>
<td align="center" style="box-sizing: border-box; font-family: -apple-system, BlinkMacSystemFont, 'Segoe UI', Roboto, Helvetica, Arial, sans-serif, 'Apple Color Emoji', 'Segoe UI Emoji', 'Segoe UI Symbol'; position: relative;">
<table width="100%" border="0" cellpadding="0" cellspacing="0" role="presentation" style="box-sizing: border-box; font-family: -apple-system, BlinkMacSystemFont, 'Segoe UI', Roboto, Helvetica, Arial, sans-serif, 'Apple Color Emoji', 'Segoe UI Emoji', 'Segoe UI Symbol'; position: relative;">
<tr>
<td align="center" style="box-sizing: border-box; font-family: -apple-system, BlinkMacSystemFont, 'Segoe UI', Roboto, Helvetica, Arial, sans-serif, 'Apple Color Emoji', 'Segoe UI Emoji', 'Segoe UI Symbol'; position: relative;">
<table border="0" cellpadding="0" cellspacing="0" role="presentation" style="box-sizing: border-box; font-family: -apple-system, BlinkMacSystemFont, 'Segoe UI', Roboto, Helvetica, Arial, sans-serif, 'Apple Color Emoji', 'Segoe UI Emoji', 'Segoe UI Symbol'; position: relative;">
<tr>
<td style="box-sizing: border-box; font-family: -apple-system, BlinkMacSystemFont, 'Segoe UI', Roboto, Helvetica, Arial, sans-serif, 'Apple Color Emoji', 'Segoe UI Emoji', 'Segoe UI Symbol'; position: relative;">
<a href="http://127.0.0.1:8000/reset-password/293e5b41446c66fde8065a695749d4f3b415335aeb7192cac3b7478632abc9c5?email=yassineghorbel62%40gmail.com" class="button button-primary" target="_blank" rel="noopener" style="box-sizing: border-box; font-family: -apple-system, BlinkMacSystemFont, 'Segoe UI', Roboto, Helvetica, Arial, sans-serif, 'Apple Color Emoji', 'Segoe UI Emoji', 'Segoe UI Symbol'; position: relative; -webkit-text-size-adjust: none; border-radius: 4px; color: #fff; display: inline-block; overflow: hidden; text-decoration: none; background-color: #18181b; border-bottom: 8px solid #18181b; border-left: 18px solid #18181b; border-right: 18px solid #18181b; border-top: 8px solid #18181b; word-break: break-all;">Reset Password</a>
</td>
</tr>
</table>
</td>
</tr>
</table>
</td>
</tr>
</table>
<p style="box-sizing: border-box; font-family: -apple-system, BlinkMacSystemFont, 'Segoe UI', Roboto, Helvetica, Arial, sans-serif, 'Apple Color Emoji', 'Segoe UI Emoji', 'Segoe UI Symbol'; position: relative; font-size: 16px; line-height: 1.5em; margin-top: 0; text-align: left;">This password reset link will expire in 60 minutes.</p>
<p style="box-sizing: border-box; font-family: -apple-system, BlinkMacSystemFont, 'Segoe UI', Roboto, Helvetica, Arial, sans-serif, 'Apple Color Emoji', 'Segoe UI Emoji', 'Segoe UI Symbol'; position: relative; font-size: 16px; line-height: 1.5em; margin-top: 0; text-align: left;">If you did not request a password reset, no further action is required.</p>
<p style="box-sizing: border-box; font-family: -apple-system, BlinkMacSystemFont, 'Segoe UI', Roboto, Helvetica, Arial, sans-serif, 'Apple Color Emoji', 'Segoe UI Emoji', 'Segoe UI Symbol'; position: relative; font-size: 16px; line-height: 1.5em; margin-top: 0; text-align: left;">Regards,<br>
Gestion de Stock</p>


<table class="subcopy" width="100%" cellpadding="0" cellspacing="0" role="presentation" style="box-sizing: border-box; font-family: -apple-system, BlinkMacSystemFont, 'Segoe UI', Roboto, Helvetica, Arial, sans-serif, 'Apple Color Emoji', 'Segoe UI Emoji', 'Segoe UI Symbol'; position: relative; border-top: 1px solid #e4e4e7; margin-top: 25px; padding-top: 25px;">
<tr>
<td style="box-sizing: border-box; font-family: -apple-system, BlinkMacSystemFont, 'Segoe UI', Roboto, Helvetica, Arial, sans-serif, 'Apple Color Emoji', 'Segoe UI Emoji', 'Segoe UI Symbol'; position: relative;">
<p style="box-sizing: border-box; font-family: -apple-system, BlinkMacSystemFont, 'Segoe UI', Roboto, Helvetica, Arial, sans-serif, 'Apple Color Emoji', 'Segoe UI Emoji', 'Segoe UI Symbol'; position: relative; line-height: 1.5em; margin-top: 0; text-align: left; font-size: 14px;">If you're having trouble clicking the "Reset Password" button, copy and paste the URL below
into your web browser: <span class="break-all" style="box-sizing: border-box; font-family: -apple-system, BlinkMacSystemFont, 'Segoe UI', Roboto, Helvetica, Arial, sans-serif, 'Apple Color Emoji', 'Segoe UI Emoji', 'Segoe UI Symbol'; position: relative; word-break: break-all;"><a href="http://127.0.0.1:8000/reset-password/293e5b41446c66fde8065a695749d4f3b415335aeb7192cac3b7478632abc9c5?email=yassineghorbel62%40gmail.com" style="box-sizing: border-box; font-family: -apple-system, BlinkMacSystemFont, 'Segoe UI', Roboto, Helvetica, Arial, sans-serif, 'Apple Color Emoji', 'Segoe UI Emoji', 'Segoe UI Symbol'; position: relative; color: #18181b; word-break: break-all;">http://127.0.0.1:8000/reset-password/293e5b41446c66fde8065a695749d4f3b415335aeb7192cac3b7478632abc9c5?email=yassineghorbel62%40gmail.com</a></span></p>

</td>
</tr>
</table>
</td>
</tr>
</table>
</td>
</tr>

<tr>
<td style="box-sizing: border-box; font-family: -apple-system, BlinkMacSystemFont, 'Segoe UI', Roboto, Helvetica, Arial, sans-serif, 'Apple Color Emoji', 'Segoe UI Emoji', 'Segoe UI Symbol'; position: relative;">
<table class="footer" align="center" width="570" cellpadding="0" cellspacing="0" role="presentation" style="box-sizing: border-box; font-family: -apple-system, BlinkMacSystemFont, 'Segoe UI', Roboto, Helvetica, Arial, sans-serif, 'Apple Color Emoji', 'Segoe UI Emoji', 'Segoe UI Symbol'; position: relative; -premailer-cellpadding: 0; -premailer-cellspacing: 0; -premailer-width: 570px; margin: 0 auto; padding: 0; text-align: center; width: 570px;">
<tr>
<td class="content-cell" align="center" style="box-sizing: border-box; font-family: -apple-system, BlinkMacSystemFont, 'Segoe UI', Roboto, Helvetica, Arial, sans-serif, 'Apple Color Emoji', 'Segoe UI Emoji', 'Segoe UI Symbol'; position: relative; max-width: 100vw; padding: 32px;">
<p style="box-sizing: border-box; font-family: -apple-system, BlinkMacSystemFont, 'Segoe UI', Roboto, Helvetica, Arial, sans-serif, 'Apple Color Emoji', 'Segoe UI Emoji', 'Segoe UI Symbol'; position: relative; line-height: 1.5em; margin-top: 0; color: #a1a1aa; font-size: 12px; text-align: center;">© 2026 Gestion de Stock. All rights reserved.</p>

</td>
</tr>
</table>
</td>
</tr>
</table>
</td>
</tr>
</table>
</body>
</html>
--BB3PV52z--
  
[2026-04-28 08:46:17] local.ERROR: SQLSTATE[HY000] [2002] Aucune connexion n’a pu être établie car l’ordinateur cible l’a expressément refusée (Connection: mysql, Host: 127.0.0.1, Port: 3306, Database: stock_management, SQL: select * from `sessions` where `id` = 1ZLvfa2WgxoIzjWt0uMrGXfMp8zFkB3rGm8fdTkZ limit 1) {"exception":"[object] (Illuminate\\Database\\QueryException(code: 2002): SQLSTATE[HY000] [2002] Aucune connexion n’a pu être établie car l’ordinateur cible l’a expressément refusée (Connection: mysql, Host: 127.0.0.1, Port: 3306, Database: stock_management, SQL: select * from `sessions` where `id` = 1ZLvfa2WgxoIzjWt0uMrGXfMp8zFkB3rGm8fdTkZ limit 1) at C:/Users/MSI/Desktop/projet cote serveur/stock-management/vendor/laravel/framework/src/Illuminate/Database/Connection.php:838)
[stacktrace]
#0 C:/Users/MSI/Desktop/projet cote serveur/stock-management/vendor/laravel/framework/src/Illuminate/Database/Connection.php(794): Illuminate/Database/Connection->runQueryCallback()
#1 C:/Users/MSI/Desktop/projet cote serveur/stock-management/vendor/laravel/framework/src/Illuminate/Database/Connection.php(411): Illuminate/Database/Connection->run()
#2 C:/Users/MSI/Desktop/projet cote serveur/stock-management/vendor/laravel/framework/src/Illuminate/Database/Query/Builder.php(3505): Illuminate/Database/Connection->select()
#3 C:/Users/MSI/Desktop/projet cote serveur/stock-management/vendor/laravel/framework/src/Illuminate/Database/Query/Builder.php(3490): Illuminate/Database/Query/Builder->runSelect()
#4 C:/Users/MSI/Desktop/projet cote serveur/stock-management/vendor/laravel/framework/src/Illuminate/Database/Query/Builder.php(4080): Illuminate/Database/Query/Builder->Illuminate/Database/Query/{closure}()
#5 C:/Users/MSI/Desktop/projet cote serveur/stock-management/vendor/laravel/framework/src/Illuminate/Database/Query/Builder.php(3489): Illuminate/Database/Query/Builder->onceWithColumns()
#6 C:/Users/MSI/Desktop/projet cote serveur/stock-management/vendor/laravel/framework/src/Illuminate/Database/Concerns/BuildsQueries.php(366): Illuminate/Database/Query/Builder->get()
#7 C:/Users/MSI/Desktop/projet cote serveur/stock-management/vendor/laravel/framework/src/Illuminate/Database/Query/Builder.php(3412): Illuminate/Database/Query/Builder->first()
#8 C:/Users/MSI/Desktop/projet cote serveur/stock-management/vendor/laravel/framework/src/Illuminate/Session/DatabaseSessionHandler.php(96): Illuminate/Database/Query/Builder->find()
#9 C:/Users/MSI/Desktop/projet cote serveur/stock-management/vendor/laravel/framework/src/Illuminate/Session/Store.php(128): Illuminate/Session/DatabaseSessionHandler->read()
#10 C:/Users/MSI/Desktop/projet cote serveur/stock-management/vendor/laravel/framework/src/Illuminate/Session/Store.php(116): Illuminate/Session/Store->readFromHandler()
#11 C:/Users/MSI/Desktop/projet cote serveur/stock-management/vendor/laravel/framework/src/Illuminate/Session/Store.php(100): Illuminate/Session/Store->loadSession()
#12 C:/Users/MSI/Desktop/projet cote serveur/stock-management/vendor/laravel/framework/src/Illuminate/Session/Middleware/StartSession.php(146): Illuminate/Session/Store->start()
#13 C:/Users/MSI/Desktop/projet cote serveur/stock-management/vendor/laravel/framework/src/Illuminate/Support/helpers.php(393): Illuminate/Session/Middleware/StartSession->Illuminate/Session/Middleware/{closure}()
#14 C:/Users/MSI/Desktop/projet cote serveur/stock-management/vendor/laravel/framework/src/Illuminate/Session/Middleware/StartSession.php(143): tap()
#15 C:/Users/MSI/Desktop/projet cote serveur/stock-management/vendor/laravel/framework/src/Illuminate/Session/Middleware/StartSession.php(115): Illuminate/Session/Middleware/StartSession->startSession()
#16 C:/Users/MSI/Desktop/projet cote serveur/stock-management/vendor/laravel/framework/src/Illuminate/Session/Middleware/StartSession.php(63): Illuminate/Session/Middleware/StartSession->handleStatefulRequest()
#17 C:/Users/MSI/Desktop/projet cote serveur/stock-management/vendor/laravel/framework/src/Illuminate/Pipeline/Pipeline.php(219): Illuminate/Session/Middleware/StartSession->handle()
#18 C:/Users/MSI/Desktop/projet cote serveur/stock-management/vendor/laravel/framework/src/Illuminate/Cookie/Middleware/AddQueuedCookiesToResponse.php(36): Illuminate/Pipeline/Pipeline->Illuminate/Pipeline/{closure}()
#19 C:/Users/MSI/Desktop/projet cote serveur/stock-management/vendor/laravel/framework/src/Illuminate/Pipeline/Pipeline.php(219): Illuminate/Cookie/Middleware/AddQueuedCookiesToResponse->handle()
#20 C:/Users/MSI/Desktop/projet cote serveur/stock-management/vendor/laravel/framework/src/Illuminate/Cookie/Middleware/EncryptCookies.php(74): Illuminate/Pipeline/Pipeline->Illuminate/Pipeline/{closure}()
#21 C:/Users/MSI/Desktop/projet cote serveur/stock-management/vendor/laravel/framework/src/Illuminate/Pipeline/Pipeline.php(219): Illuminate/Cookie/Middleware/EncryptCookies->handle()
#22 C:/Users/MSI/Desktop/projet cote serveur/stock-management/vendor/laravel/framework/src/Illuminate/Pipeline/Pipeline.php(137): Illuminate/Pipeline/Pipeline->Illuminate/Pipeline/{closure}()
#23 C:/Users/MSI/Desktop/projet cote serveur/stock-management/vendor/laravel/framework/src/Illuminate/Routing/Router.php(821): Illuminate/Pipeline/Pipeline->then()
#24 C:/Users/MSI/Desktop/projet cote serveur/stock-management/vendor/laravel/framework/src/Illuminate/Routing/Router.php(800): Illuminate/Routing/Router->runRouteWithinStack()
#25 C:/Users/MSI/Desktop/projet cote serveur/stock-management/vendor/laravel/framework/src/Illuminate/Routing/Router.php(764): Illuminate/Routing/Router->runRoute()
#26 C:/Users/MSI/Desktop/projet cote serveur/stock-management/vendor/laravel/framework/src/Illuminate/Routing/Router.php(753): Illuminate/Routing/Router->dispatchToRoute()
#27 C:/Users/MSI/Desktop/projet cote serveur/stock-management/vendor/laravel/framework/src/Illuminate/Foundation/Http/Kernel.php(200): Illuminate/Routing/Router->dispatch()
#28 C:/Users/MSI/Desktop/projet cote serveur/stock-management/vendor/laravel/framework/src/Illuminate/Pipeline/Pipeline.php(180): Illuminate/Foundation/Http/Kernel->Illuminate/Foundation/Http/{closure}()
#29 C:/Users/MSI/Desktop/projet cote serveur/stock-management/vendor/laravel/framework/src/Illuminate/Foundation/Http/Middleware/TransformsRequest.php(21): Illuminate/Pipeline/Pipeline->Illuminate/Pipeline/{closure}()
#30 C:/Users/MSI/Desktop/projet cote serveur/stock-management/vendor/laravel/framework/src/Illuminate/Foundation/Http/Middleware/ConvertEmptyStringsToNull.php(31): Illuminate/Foundation/Http/Middleware/TransformsRequest->handle()
#31 C:/Users/MSI/Desktop/projet cote serveur/stock-management/vendor/laravel/framework/src/Illuminate/Pipeline/Pipeline.php(219): Illuminate/Foundation/Http/Middleware/ConvertEmptyStringsToNull->handle()
#32 C:/Users/MSI/Desktop/projet cote serveur/stock-management/vendor/laravel/framework/src/Illuminate/Foundation/Http/Middleware/TransformsRequest.php(21): Illuminate/Pipeline/Pipeline->Illuminate/Pipeline/{closure}()
#33 C:/Users/MSI/Desktop/projet cote serveur/stock-management/vendor/laravel/framework/src/Illuminate/Foundation/Http/Middleware/TrimStrings.php(51): Illuminate/Foundation/Http/Middleware/TransformsRequest->handle()
#34 C:/Users/MSI/Desktop/projet cote serveur/stock-management/vendor/laravel/framework/src/Illuminate/Pipeline/Pipeline.php(219): Illuminate/Foundation/Http/Middleware/TrimStrings->handle()
#35 C:/Users/MSI/Desktop/projet cote serveur/stock-management/vendor/laravel/framework/src/Illuminate/Http/Middleware/ValidatePostSize.php(27): Illuminate/Pipeline/Pipeline->Illuminate/Pipeline/{closure}()
#36 C:/Users/MSI/Desktop/projet cote serveur/stock-management/vendor/laravel/framework/src/Illuminate/Pipeline/Pipeline.php(219): Illuminate/Http/Middleware/ValidatePostSize->handle()
#37 C:/Users/MSI/Desktop/projet cote serveur/stock-management/vendor/laravel/framework/src/Illuminate/Foundation/Http/Middleware/PreventRequestsDuringMaintenance.php(109): Illuminate/Pipeline/Pipeline->Illuminate/Pipeline/{closure}()
#38 C:/Users/MSI/Desktop/projet cote serveur/stock-management/vendor/laravel/framework/src/Illuminate/Pipeline/Pipeline.php(219): Illuminate/Foundation/Http/Middleware/PreventRequestsDuringMaintenance->handle()
#39 C:/Users/MSI/Desktop/projet cote serveur/stock-management/vendor/laravel/framework/src/Illuminate/Http/Middleware/HandleCors.php(61): Illuminate/Pipeline/Pipeline->Illuminate/Pipeline/{closure}()
#40 C:/Users/MSI/Desktop/projet cote serveur/stock-management/vendor/laravel/framework/src/Illuminate/Pipeline/Pipeline.php(219): Illuminate/Http/Middleware/HandleCors->handle()
#41 C:/Users/MSI/Desktop/projet cote serveur/stock-management/vendor/laravel/framework/src/Illuminate/Http/Middleware/TrustProxies.php(58): Illuminate/Pipeline/Pipeline->Illuminate/Pipeline/{closure}()
#42 C:/Users/MSI/Desktop/projet cote serveur/stock-management/vendor/laravel/framework/src/Illuminate/Pipeline/Pipeline.php(219): Illuminate/Http/Middleware/TrustProxies->handle()
#43 C:/Users/MSI/Desktop/projet cote serveur/stock-management/vendor/laravel/framework/src/Illuminate/Foundation/Http/Middleware/InvokeDeferredCallbacks.php(22): Illuminate/Pipeline/Pipeline->Illuminate/Pipeline/{closure}()
#44 C:/Users/MSI/Desktop/projet cote serveur/stock-management/vendor/laravel/framework/src/Illuminate/Pipeline/Pipeline.php(219): Illuminate/Foundation/Http/Middleware/InvokeDeferredCallbacks->handle()
#45 C:/Users/MSI/Desktop/projet cote serveur/stock-management/vendor/laravel/framework/src/Illuminate/Http/Middleware/ValidatePathEncoding.php(26): Illuminate/Pipeline/Pipeline->Illuminate/Pipeline/{closure}()
#46 C:/Users/MSI/Desktop/projet cote serveur/stock-management/vendor/laravel/framework/src/Illuminate/Pipeline/Pipeline.php(219): Illuminate/Http/Middleware/ValidatePathEncoding->handle()
#47 C:/Users/MSI/Desktop/projet cote serveur/stock-management/vendor/laravel/framework/src/Illuminate/Pipeline/Pipeline.php(137): Illuminate/Pipeline/Pipeline->Illuminate/Pipeline/{closure}()
#48 C:/Users/MSI/Desktop/projet cote serveur/stock-management/vendor/laravel/framework/src/Illuminate/Foundation/Http/Kernel.php(175): Illuminate/Pipeline/Pipeline->then()
#49 C:/Users/MSI/Desktop/projet cote serveur/stock-management/vendor/laravel/framework/src/Illuminate/Foundation/Http/Kernel.php(144): Illuminate/Foundation/Http/Kernel->sendRequestThroughRouter()
#50 C:/Users/MSI/Desktop/projet cote serveur/stock-management/vendor/laravel/framework/src/Illuminate/Foundation/Application.php(1220): Illuminate/Foundation/Http/Kernel->handle()
#51 C:/Users/MSI/Desktop/projet cote serveur/stock-management/public/index.php(17): Illuminate/Foundation/Application->handleRequest()
#52 C:/Users/MSI/Desktop/projet cote serveur/stock-management/vendor/laravel/framework/src/Illuminate/Foundation/resources/server.php(23): require_once('...')
#53 {main}

[previous exception] [object] (PDOException(code: 2002): SQLSTATE[HY000] [2002] Aucune connexion n’a pu être établie car l’ordinateur cible l’a expressément refusée at C:/Users/MSI/Desktop/projet cote serveur/stock-management/vendor/laravel/framework/src/Illuminate/Database/Connectors/Connector.php:66)
[stacktrace]
#0 C:/Users/MSI/Desktop/projet cote serveur/stock-management/vendor/laravel/framework/src/Illuminate/Database/Connectors/Connector.php(66): PDO->__construct()
#1 C:/Users/MSI/Desktop/projet cote serveur/stock-management/vendor/laravel/framework/src/Illuminate/Database/Connectors/Connector.php(44): Illuminate/Database/Connectors/Connector->createPdoConnection()
#2 C:/Users/MSI/Desktop/projet cote serveur/stock-management/vendor/laravel/framework/src/Illuminate/Database/Connectors/MySqlConnector.php(24): Illuminate/Database/Connectors/Connector->createConnection()
#3 C:/Users/MSI/Desktop/projet cote serveur/stock-management/vendor/laravel/framework/src/Illuminate/Database/Connectors/ConnectionFactory.php(186): Illuminate/Database/Connectors/MySqlConnector->connect()
#4 [internal function]: Illuminate/Database/Connectors/ConnectionFactory->Illuminate/Database/Connectors/{closure}()
#5 C:/Users/MSI/Desktop/projet cote serveur/stock-management/vendor/laravel/framework/src/Illuminate/Database/Connection.php(1257): call_user_func()
#6 C:/Users/MSI/Desktop/projet cote serveur/stock-management/vendor/laravel/framework/src/Illuminate/Database/Connection.php(525): Illuminate/Database/Connection->getPdo()
#7 C:/Users/MSI/Desktop/projet cote serveur/stock-management/vendor/laravel/framework/src/Illuminate/Database/Connection.php(420): Illuminate/Database/Connection->getPdoForSelect()
#8 C:/Users/MSI/Desktop/projet cote serveur/stock-management/vendor/laravel/framework/src/Illuminate/Database/Connection.php(827): Illuminate/Database/Connection->Illuminate/Database/{closure}()
#9 C:/Users/MSI/Desktop/projet cote serveur/stock-management/vendor/laravel/framework/src/Illuminate/Database/Connection.php(794): Illuminate/Database/Connection->runQueryCallback()
#10 C:/Users/MSI/Desktop/projet cote serveur/stock-management/vendor/laravel/framework/src/Illuminate/Database/Connection.php(411): Illuminate/Database/Connection->run()
#11 C:/Users/MSI/Desktop/projet cote serveur/stock-management/vendor/laravel/framework/src/Illuminate/Database/Query/Builder.php(3505): Illuminate/Database/Connection->select()
#12 C:/Users/MSI/Desktop/projet cote serveur/stock-management/vendor/laravel/framework/src/Illuminate/Database/Query/Builder.php(3490): Illuminate/Database/Query/Builder->runSelect()
#13 C:/Users/MSI/Desktop/projet cote serveur/stock-management/vendor/laravel/framework/src/Illuminate/Database/Query/Builder.php(4080): Illuminate/Database/Query/Builder->Illuminate/Database/Query/{closure}()
#14 C:/Users/MSI/Desktop/projet cote serveur/stock-management/vendor/laravel/framework/src/Illuminate/Database/Query/Builder.php(3489): Illuminate/Database/Query/Builder->onceWithColumns()
#15 C:/Users/MSI/Desktop/projet cote serveur/stock-management/vendor/laravel/framework/src/Illuminate/Database/Concerns/BuildsQueries.php(366): Illuminate/Database/Query/Builder->get()
#16 C:/Users/MSI/Desktop/projet cote serveur/stock-management/vendor/laravel/framework/src/Illuminate/Database/Query/Builder.php(3412): Illuminate/Database/Query/Builder->first()
#17 C:/Users/MSI/Desktop/projet cote serveur/stock-management/vendor/laravel/framework/src/Illuminate/Session/DatabaseSessionHandler.php(96): Illuminate/Database/Query/Builder->find()
#18 C:/Users/MSI/Desktop/projet cote serveur/stock-management/vendor/laravel/framework/src/Illuminate/Session/Store.php(128): Illuminate/Session/DatabaseSessionHandler->read()
#19 C:/Users/MSI/Desktop/projet cote serveur/stock-management/vendor/laravel/framework/src/Illuminate/Session/Store.php(116): Illuminate/Session/Store->readFromHandler()
#20 C:/Users/MSI/Desktop/projet cote serveur/stock-management/vendor/laravel/framework/src/Illuminate/Session/Store.php(100): Illuminate/Session/Store->loadSession()
#21 C:/Users/MSI/Desktop/projet cote serveur/stock-management/vendor/laravel/framework/src/Illuminate/Session/Middleware/StartSession.php(146): Illuminate/Session/Store->start()
#22 C:/Users/MSI/Desktop/projet cote serveur/stock-management/vendor/laravel/framework/src/Illuminate/Support/helpers.php(393): Illuminate/Session/Middleware/StartSession->Illuminate/Session/Middleware/{closure}()
#23 C:/Users/MSI/Desktop/projet cote serveur/stock-management/vendor/laravel/framework/src/Illuminate/Session/Middleware/StartSession.php(143): tap()
#24 C:/Users/MSI/Desktop/projet cote serveur/stock-management/vendor/laravel/framework/src/Illuminate/Session/Middleware/StartSession.php(115): Illuminate/Session/Middleware/StartSession->startSession()
#25 C:/Users/MSI/Desktop/projet cote serveur/stock-management/vendor/laravel/framework/src/Illuminate/Session/Middleware/StartSession.php(63): Illuminate/Session/Middleware/StartSession->handleStatefulRequest()
#26 C:/Users/MSI/Desktop/projet cote serveur/stock-management/vendor/laravel/framework/src/Illuminate/Pipeline/Pipeline.php(219): Illuminate/Session/Middleware/StartSession->handle()
#27 C:/Users/MSI/Desktop/projet cote serveur/stock-management/vendor/laravel/framework/src/Illuminate/Cookie/Middleware/AddQueuedCookiesToResponse.php(36): Illuminate/Pipeline/Pipeline->Illuminate/Pipeline/{closure}()
#28 C:/Users/MSI/Desktop/projet cote serveur/stock-management/vendor/laravel/framework/src/Illuminate/Pipeline/Pipeline.php(219): Illuminate/Cookie/Middleware/AddQueuedCookiesToResponse->handle()
#29 C:/Users/MSI/Desktop/projet cote serveur/stock-management/vendor/laravel/framework/src/Illuminate/Cookie/Middleware/EncryptCookies.php(74): Illuminate/Pipeline/Pipeline->Illuminate/Pipeline/{closure}()
#30 C:/Users/MSI/Desktop/projet cote serveur/stock-management/vendor/laravel/framework/src/Illuminate/Pipeline/Pipeline.php(219): Illuminate/Cookie/Middleware/EncryptCookies->handle()
#31 C:/Users/MSI/Desktop/projet cote serveur/stock-management/vendor/laravel/framework/src/Illuminate/Pipeline/Pipeline.php(137): Illuminate/Pipeline/Pipeline->Illuminate/Pipeline/{closure}()
#32 C:/Users/MSI/Desktop/projet cote serveur/stock-management/vendor/laravel/framework/src/Illuminate/Routing/Router.php(821): Illuminate/Pipeline/Pipeline->then()
#33 C:/Users/MSI/Desktop/projet cote serveur/stock-management/vendor/laravel/framework/src/Illuminate/Routing/Router.php(800): Illuminate/Routing/Router->runRouteWithinStack()
#34 C:/Users/MSI/Desktop/projet cote serveur/stock-management/vendor/laravel/framework/src/Illuminate/Routing/Router.php(764): Illuminate/Routing/Router->runRoute()
#35 C:/Users/MSI/Desktop/projet cote serveur/stock-management/vendor/laravel/framework/src/Illuminate/Routing/Router.php(753): Illuminate/Routing/Router->dispatchToRoute()
#36 C:/Users/MSI/Desktop/projet cote serveur/stock-management/vendor/laravel/framework/src/Illuminate/Foundation/Http/Kernel.php(200): Illuminate/Routing/Router->dispatch()
#37 C:/Users/MSI/Desktop/projet cote serveur/stock-management/vendor/laravel/framework/src/Illuminate/Pipeline/Pipeline.php(180): Illuminate/Foundation/Http/Kernel->Illuminate/Foundation/Http/{closure}()
#38 C:/Users/MSI/Desktop/projet cote serveur/stock-management/vendor/laravel/framework/src/Illuminate/Foundation/Http/Middleware/TransformsRequest.php(21): Illuminate/Pipeline/Pipeline->Illuminate/Pipeline/{closure}()
#39 C:/Users/MSI/Desktop/projet cote serveur/stock-management/vendor/laravel/framework/src/Illuminate/Foundation/Http/Middleware/ConvertEmptyStringsToNull.php(31): Illuminate/Foundation/Http/Middleware/TransformsRequest->handle()
#40 C:/Users/MSI/Desktop/projet cote serveur/stock-management/vendor/laravel/framework/src/Illuminate/Pipeline/Pipeline.php(219): Illuminate/Foundation/Http/Middleware/ConvertEmptyStringsToNull->handle()
#41 C:/Users/MSI/Desktop/projet cote serveur/stock-management/vendor/laravel/framework/src/Illuminate/Foundation/Http/Middleware/TransformsRequest.php(21): Illuminate/Pipeline/Pipeline->Illuminate/Pipeline/{closure}()
#42 C:/Users/MSI/Desktop/projet cote serveur/stock-management/vendor/laravel/framework/src/Illuminate/Foundation/Http/Middleware/TrimStrings.php(51): Illuminate/Foundation/Http/Middleware/TransformsRequest->handle()
#43 C:/Users/MSI/Desktop/projet cote serveur/stock-management/vendor/laravel/framework/src/Illuminate/Pipeline/Pipeline.php(219): Illuminate/Foundation/Http/Middleware/TrimStrings->handle()
#44 C:/Users/MSI/Desktop/projet cote serveur/stock-management/vendor/laravel/framework/src/Illuminate/Http/Middleware/ValidatePostSize.php(27): Illuminate/Pipeline/Pipeline->Illuminate/Pipeline/{closure}()
#45 C:/Users/MSI/Desktop/projet cote serveur/stock-management/vendor/laravel/framework/src/Illuminate/Pipeline/Pipeline.php(219): Illuminate/Http/Middleware/ValidatePostSize->handle()
#46 C:/Users/MSI/Desktop/projet cote serveur/stock-management/vendor/laravel/framework/src/Illuminate/Foundation/Http/Middleware/PreventRequestsDuringMaintenance.php(109): Illuminate/Pipeline/Pipeline->Illuminate/Pipeline/{closure}()
#47 C:/Users/MSI/Desktop/projet cote serveur/stock-management/vendor/laravel/framework/src/Illuminate/Pipeline/Pipeline.php(219): Illuminate/Foundation/Http/Middleware/PreventRequestsDuringMaintenance->handle()
#48 C:/Users/MSI/Desktop/projet cote serveur/stock-management/vendor/laravel/framework/src/Illuminate/Http/Middleware/HandleCors.php(61): Illuminate/Pipeline/Pipeline->Illuminate/Pipeline/{closure}()
#49 C:/Users/MSI/Desktop/projet cote serveur/stock-management/vendor/laravel/framework/src/Illuminate/Pipeline/Pipeline.php(219): Illuminate/Http/Middleware/HandleCors->handle()
#50 C:/Users/MSI/Desktop/projet cote serveur/stock-management/vendor/laravel/framework/src/Illuminate/Http/Middleware/TrustProxies.php(58): Illuminate/Pipeline/Pipeline->Illuminate/Pipeline/{closure}()
#51 C:/Users/MSI/Desktop/projet cote serveur/stock-management/vendor/laravel/framework/src/Illuminate/Pipeline/Pipeline.php(219): Illuminate/Http/Middleware/TrustProxies->handle()
#52 C:/Users/MSI/Desktop/projet cote serveur/stock-management/vendor/laravel/framework/src/Illuminate/Foundation/Http/Middleware/InvokeDeferredCallbacks.php(22): Illuminate/Pipeline/Pipeline->Illuminate/Pipeline/{closure}()
#53 C:/Users/MSI/Desktop/projet cote serveur/stock-management/vendor/laravel/framework/src/Illuminate/Pipeline/Pipeline.php(219): Illuminate/Foundation/Http/Middleware/InvokeDeferredCallbacks->handle()
#54 C:/Users/MSI/Desktop/projet cote serveur/stock-management/vendor/laravel/framework/src/Illuminate/Http/Middleware/ValidatePathEncoding.php(26): Illuminate/Pipeline/Pipeline->Illuminate/Pipeline/{closure}()
#55 C:/Users/MSI/Desktop/projet cote serveur/stock-management/vendor/laravel/framework/src/Illuminate/Pipeline/Pipeline.php(219): Illuminate/Http/Middleware/ValidatePathEncoding->handle()
#56 C:/Users/MSI/Desktop/projet cote serveur/stock-management/vendor/laravel/framework/src/Illuminate/Pipeline/Pipeline.php(137): Illuminate/Pipeline/Pipeline->Illuminate/Pipeline/{closure}()
#57 C:/Users/MSI/Desktop/projet cote serveur/stock-management/vendor/laravel/framework/src/Illuminate/Foundation/Http/Kernel.php(175): Illuminate/Pipeline/Pipeline->then()
#58 C:/Users/MSI/Desktop/projet cote serveur/stock-management/vendor/laravel/framework/src/Illuminate/Foundation/Http/Kernel.php(144): Illuminate/Foundation/Http/Kernel->sendRequestThroughRouter()
#59 C:/Users/MSI/Desktop/projet cote serveur/stock-management/vendor/laravel/framework/src/Illuminate/Foundation/Application.php(1220): Illuminate/Foundation/Http/Kernel->handle()
#60 C:/Users/MSI/Desktop/projet cote serveur/stock-management/public/index.php(17): Illuminate/Foundation/Application->handleRequest()
#61 C:/Users/MSI/Desktop/projet cote serveur/stock-management/vendor/laravel/framework/src/Illuminate/Foundation/resources/server.php(23): require_once('...')
#62 {main}
"} 
[2026-04-28 10:10:06] local.ERROR: SQLSTATE[HY000] [2002] Aucune connexion n’a pu être établie car l’ordinateur cible l’a expressément refusée (Connection: mysql, Host: 127.0.0.1, Port: 3306, Database: stock_management, SQL: select exists (select 1 from information_schema.tables where table_schema = schema() and table_name = 'migrations' and table_type in ('BASE TABLE', 'SYSTEM VERSIONED')) as `exists`) {"exception":"[object] (Illuminate\\Database\\QueryException(code: 2002): SQLSTATE[HY000] [2002] Aucune connexion n’a pu être établie car l’ordinateur cible l’a expressément refusée (Connection: mysql, Host: 127.0.0.1, Port: 3306, Database: stock_management, SQL: select exists (select 1 from information_schema.tables where table_schema = schema() and table_name = 'migrations' and table_type in ('BASE TABLE', 'SYSTEM VERSIONED')) as `exists`) at C:/Users/MSI/Desktop/projet cote serveur/stock-management/vendor/laravel/framework/src/Illuminate/Database/Connection.php:838)
[stacktrace]
#0 C:/Users/MSI/Desktop/projet cote serveur/stock-management/vendor/laravel/framework/src/Illuminate/Database/Connection.php(794): Illuminate/Database/Connection->runQueryCallback()
#1 C:/Users/MSI/Desktop/projet cote serveur/stock-management/vendor/laravel/framework/src/Illuminate/Database/Connection.php(411): Illuminate/Database/Connection->run()
#2 C:/Users/MSI/Desktop/projet cote serveur/stock-management/vendor/laravel/framework/src/Illuminate/Database/Connection.php(357): Illuminate/Database/Connection->select()
#3 C:/Users/MSI/Desktop/projet cote serveur/stock-management/vendor/laravel/framework/src/Illuminate/Database/Connection.php(374): Illuminate/Database/Connection->selectOne()
#4 C:/Users/MSI/Desktop/projet cote serveur/stock-management/vendor/laravel/framework/src/Illuminate/Database/Schema/Builder.php(176): Illuminate/Database/Connection->scalar()
#5 C:/Users/MSI/Desktop/projet cote serveur/stock-management/vendor/laravel/framework/src/Illuminate/Database/Migrations/DatabaseMigrationRepository.php(185): Illuminate/Database/Schema/Builder->hasTable()
#6 C:/Users/MSI/Desktop/projet cote serveur/stock-management/vendor/laravel/framework/src/Illuminate/Database/Migrations/Migrator.php(758): Illuminate/Database/Migrations/DatabaseMigrationRepository->repositoryExists()
#7 C:/Users/MSI/Desktop/projet cote serveur/stock-management/vendor/laravel/framework/src/Illuminate/Database/Console/Migrations/MigrateCommand.php(164): Illuminate/Database/Migrations/Migrator->repositoryExists()
#8 C:/Users/MSI/Desktop/projet cote serveur/stock-management/vendor/laravel/framework/src/Illuminate/Support/helpers.php(328): Illuminate/Database/Console/Migrations/MigrateCommand->Illuminate/Database/Console/Migrations/{closure}()
#9 C:/Users/MSI/Desktop/projet cote serveur/stock-management/vendor/laravel/framework/src/Illuminate/Database/Console/Migrations/MigrateCommand.php(164): retry()
#10 C:/Users/MSI/Desktop/projet cote serveur/stock-management/vendor/laravel/framework/src/Illuminate/Database/Console/Migrations/MigrateCommand.php(140): Illuminate/Database/Console/Migrations/MigrateCommand->repositoryExists()
#11 C:/Users/MSI/Desktop/projet cote serveur/stock-management/vendor/laravel/framework/src/Illuminate/Database/Console/Migrations/MigrateCommand.php(110): Illuminate/Database/Console/Migrations/MigrateCommand->prepareDatabase()
#12 C:/Users/MSI/Desktop/projet cote serveur/stock-management/vendor/laravel/framework/src/Illuminate/Database/Migrations/Migrator.php(671): Illuminate/Database/Console/Migrations/MigrateCommand->Illuminate/Database/Console/Migrations/{closure}()
#13 C:/Users/MSI/Desktop/projet cote serveur/stock-management/vendor/laravel/framework/src/Illuminate/Database/Console/Migrations/MigrateCommand.php(109): Illuminate/Database/Migrations/Migrator->usingConnection()
#14 C:/Users/MSI/Desktop/projet cote serveur/stock-management/vendor/laravel/framework/src/Illuminate/Database/Console/Migrations/MigrateCommand.php(88): Illuminate/Database/Console/Migrations/MigrateCommand->runMigrations()
#15 C:/Users/MSI/Desktop/projet cote serveur/stock-management/vendor/laravel/framework/src/Illuminate/Container/BoundMethod.php(36): Illuminate/Database/Console/Migrations/MigrateCommand->handle()
#16 C:/Users/MSI/Desktop/projet cote serveur/stock-management/vendor/laravel/framework/src/Illuminate/Container/Util.php(43): Illuminate/Container/BoundMethod::Illuminate/Container/{closure}()
#17 C:/Users/MSI/Desktop/projet cote serveur/stock-management/vendor/laravel/framework/src/Illuminate/Container/BoundMethod.php(96): Illuminate/Container/Util::unwrapIfClosure()
#18 C:/Users/MSI/Desktop/projet cote serveur/stock-management/vendor/laravel/framework/src/Illuminate/Container/BoundMethod.php(35): Illuminate/Container/BoundMethod::callBoundMethod()
#19 C:/Users/MSI/Desktop/projet cote serveur/stock-management/vendor/laravel/framework/src/Illuminate/Container/Container.php(799): Illuminate/Container/BoundMethod::call()
#20 C:/Users/MSI/Desktop/projet cote serveur/stock-management/vendor/laravel/framework/src/Illuminate/Console/Command.php(211): Illuminate/Container/Container->call()
#21 C:/Users/MSI/Desktop/projet cote serveur/stock-management/vendor/symfony/console/Command/Command.php(341): Illuminate/Console/Command->execute()
#22 C:/Users/MSI/Desktop/projet cote serveur/stock-management/vendor/laravel/framework/src/Illuminate/Console/Command.php(180): Symfony/Component/Console/Command/Command->run()
#23 C:/Users/MSI/Desktop/projet cote serveur/stock-management/vendor/symfony/console/Application.php(1117): Illuminate/Console/Command->run()
#24 C:/Users/MSI/Desktop/projet cote serveur/stock-management/vendor/symfony/console/Application.php(356): Symfony/Component/Console/Application->doRunCommand()
#25 C:/Users/MSI/Desktop/projet cote serveur/stock-management/vendor/symfony/console/Application.php(195): Symfony/Component/Console/Application->doRun()
#26 C:/Users/MSI/Desktop/projet cote serveur/stock-management/vendor/laravel/framework/src/Illuminate/Foundation/Console/Kernel.php(198): Symfony/Component/Console/Application->run()
#27 C:/Users/MSI/Desktop/projet cote serveur/stock-management/vendor/laravel/framework/src/Illuminate/Foundation/Application.php(1235): Illuminate/Foundation/Console/Kernel->handle()
#28 C:/Users/MSI/Desktop/projet cote serveur/stock-management/artisan(13): Illuminate/Foundation/Application->handleCommand()
#29 {main}

[previous exception] [object] (PDOException(code: 2002): SQLSTATE[HY000] [2002] Aucune connexion n’a pu être établie car l’ordinateur cible l’a expressément refusée at C:/Users/MSI/Desktop/projet cote serveur/stock-management/vendor/laravel/framework/src/Illuminate/Database/Connectors/Connector.php:66)
[stacktrace]
#0 C:/Users/MSI/Desktop/projet cote serveur/stock-management/vendor/laravel/framework/src/Illuminate/Database/Connectors/Connector.php(66): PDO->__construct()
#1 C:/Users/MSI/Desktop/projet cote serveur/stock-management/vendor/laravel/framework/src/Illuminate/Database/Connectors/Connector.php(44): Illuminate/Database/Connectors/Connector->createPdoConnection()
#2 C:/Users/MSI/Desktop/projet cote serveur/stock-management/vendor/laravel/framework/src/Illuminate/Database/Connectors/MySqlConnector.php(24): Illuminate/Database/Connectors/Connector->createConnection()
#3 C:/Users/MSI/Desktop/projet cote serveur/stock-management/vendor/laravel/framework/src/Illuminate/Database/Connectors/ConnectionFactory.php(186): Illuminate/Database/Connectors/MySqlConnector->connect()
#4 [internal function]: Illuminate/Database/Connectors/ConnectionFactory->Illuminate/Database/Connectors/{closure}()
#5 C:/Users/MSI/Desktop/projet cote serveur/stock-management/vendor/laravel/framework/src/Illuminate/Database/Connection.php(1257): call_user_func()
#6 C:/Users/MSI/Desktop/projet cote serveur/stock-management/vendor/laravel/framework/src/Illuminate/Database/Connection.php(1295): Illuminate/Database/Connection->getPdo()
#7 C:/Users/MSI/Desktop/projet cote serveur/stock-management/vendor/laravel/framework/src/Illuminate/Database/Connection.php(525): Illuminate/Database/Connection->getReadPdo()
#8 C:/Users/MSI/Desktop/projet cote serveur/stock-management/vendor/laravel/framework/src/Illuminate/Database/Connection.php(420): Illuminate/Database/Connection->getPdoForSelect()
#9 C:/Users/MSI/Desktop/projet cote serveur/stock-management/vendor/laravel/framework/src/Illuminate/Database/Connection.php(827): Illuminate/Database/Connection->Illuminate/Database/{closure}()
#10 C:/Users/MSI/Desktop/projet cote serveur/stock-management/vendor/laravel/framework/src/Illuminate/Database/Connection.php(794): Illuminate/Database/Connection->runQueryCallback()
#11 C:/Users/MSI/Desktop/projet cote serveur/stock-management/vendor/laravel/framework/src/Illuminate/Database/Connection.php(411): Illuminate/Database/Connection->run()
#12 C:/Users/MSI/Desktop/projet cote serveur/stock-management/vendor/laravel/framework/src/Illuminate/Database/Connection.php(357): Illuminate/Database/Connection->select()
#13 C:/Users/MSI/Desktop/projet cote serveur/stock-management/vendor/laravel/framework/src/Illuminate/Database/Connection.php(374): Illuminate/Database/Connection->selectOne()
#14 C:/Users/MSI/Desktop/projet cote serveur/stock-management/vendor/laravel/framework/src/Illuminate/Database/Schema/Builder.php(176): Illuminate/Database/Connection->scalar()
#15 C:/Users/MSI/Desktop/projet cote serveur/stock-management/vendor/laravel/framework/src/Illuminate/Database/Migrations/DatabaseMigrationRepository.php(185): Illuminate/Database/Schema/Builder->hasTable()
#16 C:/Users/MSI/Desktop/projet cote serveur/stock-management/vendor/laravel/framework/src/Illuminate/Database/Migrations/Migrator.php(758): Illuminate/Database/Migrations/DatabaseMigrationRepository->repositoryExists()
#17 C:/Users/MSI/Desktop/projet cote serveur/stock-management/vendor/laravel/framework/src/Illuminate/Database/Console/Migrations/MigrateCommand.php(164): Illuminate/Database/Migrations/Migrator->repositoryExists()
#18 C:/Users/MSI/Desktop/projet cote serveur/stock-management/vendor/laravel/framework/src/Illuminate/Support/helpers.php(328): Illuminate/Database/Console/Migrations/MigrateCommand->Illuminate/Database/Console/Migrations/{closure}()
#19 C:/Users/MSI/Desktop/projet cote serveur/stock-management/vendor/laravel/framework/src/Illuminate/Database/Console/Migrations/MigrateCommand.php(164): retry()
#20 C:/Users/MSI/Desktop/projet cote serveur/stock-management/vendor/laravel/framework/src/Illuminate/Database/Console/Migrations/MigrateCommand.php(140): Illuminate/Database/Console/Migrations/MigrateCommand->repositoryExists()
#21 C:/Users/MSI/Desktop/projet cote serveur/stock-management/vendor/laravel/framework/src/Illuminate/Database/Console/Migrations/MigrateCommand.php(110): Illuminate/Database/Console/Migrations/MigrateCommand->prepareDatabase()
#22 C:/Users/MSI/Desktop/projet cote serveur/stock-management/vendor/laravel/framework/src/Illuminate/Database/Migrations/Migrator.php(671): Illuminate/Database/Console/Migrations/MigrateCommand->Illuminate/Database/Console/Migrations/{closure}()
#23 C:/Users/MSI/Desktop/projet cote serveur/stock-management/vendor/laravel/framework/src/Illuminate/Database/Console/Migrations/MigrateCommand.php(109): Illuminate/Database/Migrations/Migrator->usingConnection()
#24 C:/Users/MSI/Desktop/projet cote serveur/stock-management/vendor/laravel/framework/src/Illuminate/Database/Console/Migrations/MigrateCommand.php(88): Illuminate/Database/Console/Migrations/MigrateCommand->runMigrations()
#25 C:/Users/MSI/Desktop/projet cote serveur/stock-management/vendor/laravel/framework/src/Illuminate/Container/BoundMethod.php(36): Illuminate/Database/Console/Migrations/MigrateCommand->handle()
#26 C:/Users/MSI/Desktop/projet cote serveur/stock-management/vendor/laravel/framework/src/Illuminate/Container/Util.php(43): Illuminate/Container/BoundMethod::Illuminate/Container/{closure}()
#27 C:/Users/MSI/Desktop/projet cote serveur/stock-management/vendor/laravel/framework/src/Illuminate/Container/BoundMethod.php(96): Illuminate/Container/Util::unwrapIfClosure()
#28 C:/Users/MSI/Desktop/projet cote serveur/stock-management/vendor/laravel/framework/src/Illuminate/Container/BoundMethod.php(35): Illuminate/Container/BoundMethod::callBoundMethod()
#29 C:/Users/MSI/Desktop/projet cote serveur/stock-management/vendor/laravel/framework/src/Illuminate/Container/Container.php(799): Illuminate/Container/BoundMethod::call()
#30 C:/Users/MSI/Desktop/projet cote serveur/stock-management/vendor/laravel/framework/src/Illuminate/Console/Command.php(211): Illuminate/Container/Container->call()
#31 C:/Users/MSI/Desktop/projet cote serveur/stock-management/vendor/symfony/console/Command/Command.php(341): Illuminate/Console/Command->execute()
#32 C:/Users/MSI/Desktop/projet cote serveur/stock-management/vendor/laravel/framework/src/Illuminate/Console/Command.php(180): Symfony/Component/Console/Command/Command->run()
#33 C:/Users/MSI/Desktop/projet cote serveur/stock-management/vendor/symfony/console/Application.php(1117): Illuminate/Console/Command->run()
#34 C:/Users/MSI/Desktop/projet cote serveur/stock-management/vendor/symfony/console/Application.php(356): Symfony/Component/Console/Application->doRunCommand()
#35 C:/Users/MSI/Desktop/projet cote serveur/stock-management/vendor/symfony/console/Application.php(195): Symfony/Component/Console/Application->doRun()
#36 C:/Users/MSI/Desktop/projet cote serveur/stock-management/vendor/laravel/framework/src/Illuminate/Foundation/Console/Kernel.php(198): Symfony/Component/Console/Application->run()
#37 C:/Users/MSI/Desktop/projet cote serveur/stock-management/vendor/laravel/framework/src/Illuminate/Foundation/Application.php(1235): Illuminate/Foundation/Console/Kernel->handle()
#38 C:/Users/MSI/Desktop/projet cote serveur/stock-management/artisan(13): Illuminate/Foundation/Application->handleCommand()
#39 {main}
"} 
[2026-04-28 10:10:29] local.ERROR: SQLSTATE[HY000] [2002] Aucune connexion n’a pu être établie car l’ordinateur cible l’a expressément refusée (Connection: mysql, Host: 127.0.0.1, Port: 3306, Database: stock_management, SQL: select exists (select 1 from information_schema.tables where table_schema = schema() and table_name = 'migrations' and table_type in ('BASE TABLE', 'SYSTEM VERSIONED')) as `exists`) {"exception":"[object] (Illuminate\\Database\\QueryException(code: 2002): SQLSTATE[HY000] [2002] Aucune connexion n’a pu être établie car l’ordinateur cible l’a expressément refusée (Connection: mysql, Host: 127.0.0.1, Port: 3306, Database: stock_management, SQL: select exists (select 1 from information_schema.tables where table_schema = schema() and table_name = 'migrations' and table_type in ('BASE TABLE', 'SYSTEM VERSIONED')) as `exists`) at C:/Users/MSI/Desktop/projet cote serveur/stock-management/vendor/laravel/framework/src/Illuminate/Database/Connection.php:838)
[stacktrace]
#0 C:/Users/MSI/Desktop/projet cote serveur/stock-management/vendor/laravel/framework/src/Illuminate/Database/Connection.php(794): Illuminate/Database/Connection->runQueryCallback()
#1 C:/Users/MSI/Desktop/projet cote serveur/stock-management/vendor/laravel/framework/src/Illuminate/Database/Connection.php(411): Illuminate/Database/Connection->run()
#2 C:/Users/MSI/Desktop/projet cote serveur/stock-management/vendor/laravel/framework/src/Illuminate/Database/Connection.php(357): Illuminate/Database/Connection->select()
#3 C:/Users/MSI/Desktop/projet cote serveur/stock-management/vendor/laravel/framework/src/Illuminate/Database/Connection.php(374): Illuminate/Database/Connection->selectOne()
#4 C:/Users/MSI/Desktop/projet cote serveur/stock-management/vendor/laravel/framework/src/Illuminate/Database/Schema/Builder.php(176): Illuminate/Database/Connection->scalar()
#5 C:/Users/MSI/Desktop/projet cote serveur/stock-management/vendor/laravel/framework/src/Illuminate/Database/Migrations/DatabaseMigrationRepository.php(185): Illuminate/Database/Schema/Builder->hasTable()
#6 C:/Users/MSI/Desktop/projet cote serveur/stock-management/vendor/laravel/framework/src/Illuminate/Database/Migrations/Migrator.php(758): Illuminate/Database/Migrations/DatabaseMigrationRepository->repositoryExists()
#7 C:/Users/MSI/Desktop/projet cote serveur/stock-management/vendor/laravel/framework/src/Illuminate/Database/Console/Migrations/MigrateCommand.php(164): Illuminate/Database/Migrations/Migrator->repositoryExists()
#8 C:/Users/MSI/Desktop/projet cote serveur/stock-management/vendor/laravel/framework/src/Illuminate/Support/helpers.php(328): Illuminate/Database/Console/Migrations/MigrateCommand->Illuminate/Database/Console/Migrations/{closure}()
#9 C:/Users/MSI/Desktop/projet cote serveur/stock-management/vendor/laravel/framework/src/Illuminate/Database/Console/Migrations/MigrateCommand.php(164): retry()
#10 C:/Users/MSI/Desktop/projet cote serveur/stock-management/vendor/laravel/framework/src/Illuminate/Database/Console/Migrations/MigrateCommand.php(140): Illuminate/Database/Console/Migrations/MigrateCommand->repositoryExists()
#11 C:/Users/MSI/Desktop/projet cote serveur/stock-management/vendor/laravel/framework/src/Illuminate/Database/Console/Migrations/MigrateCommand.php(110): Illuminate/Database/Console/Migrations/MigrateCommand->prepareDatabase()
#12 C:/Users/MSI/Desktop/projet cote serveur/stock-management/vendor/laravel/framework/src/Illuminate/Database/Migrations/Migrator.php(671): Illuminate/Database/Console/Migrations/MigrateCommand->Illuminate/Database/Console/Migrations/{closure}()
#13 C:/Users/MSI/Desktop/projet cote serveur/stock-management/vendor/laravel/framework/src/Illuminate/Database/Console/Migrations/MigrateCommand.php(109): Illuminate/Database/Migrations/Migrator->usingConnection()
#14 C:/Users/MSI/Desktop/projet cote serveur/stock-management/vendor/laravel/framework/src/Illuminate/Database/Console/Migrations/MigrateCommand.php(88): Illuminate/Database/Console/Migrations/MigrateCommand->runMigrations()
#15 C:/Users/MSI/Desktop/projet cote serveur/stock-management/vendor/laravel/framework/src/Illuminate/Container/BoundMethod.php(36): Illuminate/Database/Console/Migrations/MigrateCommand->handle()
#16 C:/Users/MSI/Desktop/projet cote serveur/stock-management/vendor/laravel/framework/src/Illuminate/Container/Util.php(43): Illuminate/Container/BoundMethod::Illuminate/Container/{closure}()
#17 C:/Users/MSI/Desktop/projet cote serveur/stock-management/vendor/laravel/framework/src/Illuminate/Container/BoundMethod.php(96): Illuminate/Container/Util::unwrapIfClosure()
#18 C:/Users/MSI/Desktop/projet cote serveur/stock-management/vendor/laravel/framework/src/Illuminate/Container/BoundMethod.php(35): Illuminate/Container/BoundMethod::callBoundMethod()
#19 C:/Users/MSI/Desktop/projet cote serveur/stock-management/vendor/laravel/framework/src/Illuminate/Container/Container.php(799): Illuminate/Container/BoundMethod::call()
#20 C:/Users/MSI/Desktop/projet cote serveur/stock-management/vendor/laravel/framework/src/Illuminate/Console/Command.php(211): Illuminate/Container/Container->call()
#21 C:/Users/MSI/Desktop/projet cote serveur/stock-management/vendor/symfony/console/Command/Command.php(341): Illuminate/Console/Command->execute()
#22 C:/Users/MSI/Desktop/projet cote serveur/stock-management/vendor/laravel/framework/src/Illuminate/Console/Command.php(180): Symfony/Component/Console/Command/Command->run()
#23 C:/Users/MSI/Desktop/projet cote serveur/stock-management/vendor/symfony/console/Application.php(1117): Illuminate/Console/Command->run()
#24 C:/Users/MSI/Desktop/projet cote serveur/stock-management/vendor/symfony/console/Application.php(356): Symfony/Component/Console/Application->doRunCommand()
#25 C:/Users/MSI/Desktop/projet cote serveur/stock-management/vendor/symfony/console/Application.php(195): Symfony/Component/Console/Application->doRun()
#26 C:/Users/MSI/Desktop/projet cote serveur/stock-management/vendor/laravel/framework/src/Illuminate/Foundation/Console/Kernel.php(198): Symfony/Component/Console/Application->run()
#27 C:/Users/MSI/Desktop/projet cote serveur/stock-management/vendor/laravel/framework/src/Illuminate/Foundation/Application.php(1235): Illuminate/Foundation/Console/Kernel->handle()
#28 C:/Users/MSI/Desktop/projet cote serveur/stock-management/artisan(13): Illuminate/Foundation/Application->handleCommand()
#29 {main}

[previous exception] [object] (PDOException(code: 2002): SQLSTATE[HY000] [2002] Aucune connexion n’a pu être établie car l’ordinateur cible l’a expressément refusée at C:/Users/MSI/Desktop/projet cote serveur/stock-management/vendor/laravel/framework/src/Illuminate/Database/Connectors/Connector.php:66)
[stacktrace]
#0 C:/Users/MSI/Desktop/projet cote serveur/stock-management/vendor/laravel/framework/src/Illuminate/Database/Connectors/Connector.php(66): PDO->__construct()
#1 C:/Users/MSI/Desktop/projet cote serveur/stock-management/vendor/laravel/framework/src/Illuminate/Database/Connectors/Connector.php(44): Illuminate/Database/Connectors/Connector->createPdoConnection()
#2 C:/Users/MSI/Desktop/projet cote serveur/stock-management/vendor/laravel/framework/src/Illuminate/Database/Connectors/MySqlConnector.php(24): Illuminate/Database/Connectors/Connector->createConnection()
#3 C:/Users/MSI/Desktop/projet cote serveur/stock-management/vendor/laravel/framework/src/Illuminate/Database/Connectors/ConnectionFactory.php(186): Illuminate/Database/Connectors/MySqlConnector->connect()
#4 [internal function]: Illuminate/Database/Connectors/ConnectionFactory->Illuminate/Database/Connectors/{closure}()
#5 C:/Users/MSI/Desktop/projet cote serveur/stock-management/vendor/laravel/framework/src/Illuminate/Database/Connection.php(1257): call_user_func()
#6 C:/Users/MSI/Desktop/projet cote serveur/stock-management/vendor/laravel/framework/src/Illuminate/Database/Connection.php(1295): Illuminate/Database/Connection->getPdo()
#7 C:/Users/MSI/Desktop/projet cote serveur/stock-management/vendor/laravel/framework/src/Illuminate/Database/Connection.php(525): Illuminate/Database/Connection->getReadPdo()
#8 C:/Users/MSI/Desktop/projet cote serveur/stock-management/vendor/laravel/framework/src/Illuminate/Database/Connection.php(420): Illuminate/Database/Connection->getPdoForSelect()
#9 C:/Users/MSI/Desktop/projet cote serveur/stock-management/vendor/laravel/framework/src/Illuminate/Database/Connection.php(827): Illuminate/Database/Connection->Illuminate/Database/{closure}()
#10 C:/Users/MSI/Desktop/projet cote serveur/stock-management/vendor/laravel/framework/src/Illuminate/Database/Connection.php(794): Illuminate/Database/Connection->runQueryCallback()
#11 C:/Users/MSI/Desktop/projet cote serveur/stock-management/vendor/laravel/framework/src/Illuminate/Database/Connection.php(411): Illuminate/Database/Connection->run()
#12 C:/Users/MSI/Desktop/projet cote serveur/stock-management/vendor/laravel/framework/src/Illuminate/Database/Connection.php(357): Illuminate/Database/Connection->select()
#13 C:/Users/MSI/Desktop/projet cote serveur/stock-management/vendor/laravel/framework/src/Illuminate/Database/Connection.php(374): Illuminate/Database/Connection->selectOne()
#14 C:/Users/MSI/Desktop/projet cote serveur/stock-management/vendor/laravel/framework/src/Illuminate/Database/Schema/Builder.php(176): Illuminate/Database/Connection->scalar()
#15 C:/Users/MSI/Desktop/projet cote serveur/stock-management/vendor/laravel/framework/src/Illuminate/Database/Migrations/DatabaseMigrationRepository.php(185): Illuminate/Database/Schema/Builder->hasTable()
#16 C:/Users/MSI/Desktop/projet cote serveur/stock-management/vendor/laravel/framework/src/Illuminate/Database/Migrations/Migrator.php(758): Illuminate/Database/Migrations/DatabaseMigrationRepository->repositoryExists()
#17 C:/Users/MSI/Desktop/projet cote serveur/stock-management/vendor/laravel/framework/src/Illuminate/Database/Console/Migrations/MigrateCommand.php(164): Illuminate/Database/Migrations/Migrator->repositoryExists()
#18 C:/Users/MSI/Desktop/projet cote serveur/stock-management/vendor/laravel/framework/src/Illuminate/Support/helpers.php(328): Illuminate/Database/Console/Migrations/MigrateCommand->Illuminate/Database/Console/Migrations/{closure}()
#19 C:/Users/MSI/Desktop/projet cote serveur/stock-management/vendor/laravel/framework/src/Illuminate/Database/Console/Migrations/MigrateCommand.php(164): retry()
#20 C:/Users/MSI/Desktop/projet cote serveur/stock-management/vendor/laravel/framework/src/Illuminate/Database/Console/Migrations/MigrateCommand.php(140): Illuminate/Database/Console/Migrations/MigrateCommand->repositoryExists()
#21 C:/Users/MSI/Desktop/projet cote serveur/stock-management/vendor/laravel/framework/src/Illuminate/Database/Console/Migrations/MigrateCommand.php(110): Illuminate/Database/Console/Migrations/MigrateCommand->prepareDatabase()
#22 C:/Users/MSI/Desktop/projet cote serveur/stock-management/vendor/laravel/framework/src/Illuminate/Database/Migrations/Migrator.php(671): Illuminate/Database/Console/Migrations/MigrateCommand->Illuminate/Database/Console/Migrations/{closure}()
#23 C:/Users/MSI/Desktop/projet cote serveur/stock-management/vendor/laravel/framework/src/Illuminate/Database/Console/Migrations/MigrateCommand.php(109): Illuminate/Database/Migrations/Migrator->usingConnection()
#24 C:/Users/MSI/Desktop/projet cote serveur/stock-management/vendor/laravel/framework/src/Illuminate/Database/Console/Migrations/MigrateCommand.php(88): Illuminate/Database/Console/Migrations/MigrateCommand->runMigrations()
#25 C:/Users/MSI/Desktop/projet cote serveur/stock-management/vendor/laravel/framework/src/Illuminate/Container/BoundMethod.php(36): Illuminate/Database/Console/Migrations/MigrateCommand->handle()
#26 C:/Users/MSI/Desktop/projet cote serveur/stock-management/vendor/laravel/framework/src/Illuminate/Container/Util.php(43): Illuminate/Container/BoundMethod::Illuminate/Container/{closure}()
#27 C:/Users/MSI/Desktop/projet cote serveur/stock-management/vendor/laravel/framework/src/Illuminate/Container/BoundMethod.php(96): Illuminate/Container/Util::unwrapIfClosure()
#28 C:/Users/MSI/Desktop/projet cote serveur/stock-management/vendor/laravel/framework/src/Illuminate/Container/BoundMethod.php(35): Illuminate/Container/BoundMethod::callBoundMethod()
#29 C:/Users/MSI/Desktop/projet cote serveur/stock-management/vendor/laravel/framework/src/Illuminate/Container/Container.php(799): Illuminate/Container/BoundMethod::call()
#30 C:/Users/MSI/Desktop/projet cote serveur/stock-management/vendor/laravel/framework/src/Illuminate/Console/Command.php(211): Illuminate/Container/Container->call()
#31 C:/Users/MSI/Desktop/projet cote serveur/stock-management/vendor/symfony/console/Command/Command.php(341): Illuminate/Console/Command->execute()
#32 C:/Users/MSI/Desktop/projet cote serveur/stock-management/vendor/laravel/framework/src/Illuminate/Console/Command.php(180): Symfony/Component/Console/Command/Command->run()
#33 C:/Users/MSI/Desktop/projet cote serveur/stock-management/vendor/symfony/console/Application.php(1117): Illuminate/Console/Command->run()
#34 C:/Users/MSI/Desktop/projet cote serveur/stock-management/vendor/symfony/console/Application.php(356): Symfony/Component/Console/Application->doRunCommand()
#35 C:/Users/MSI/Desktop/projet cote serveur/stock-management/vendor/symfony/console/Application.php(195): Symfony/Component/Console/Application->doRun()
#36 C:/Users/MSI/Desktop/projet cote serveur/stock-management/vendor/laravel/framework/src/Illuminate/Foundation/Console/Kernel.php(198): Symfony/Component/Console/Application->run()
#37 C:/Users/MSI/Desktop/projet cote serveur/stock-management/vendor/laravel/framework/src/Illuminate/Foundation/Application.php(1235): Illuminate/Foundation/Console/Kernel->handle()
#38 C:/Users/MSI/Desktop/projet cote serveur/stock-management/artisan(13): Illuminate/Foundation/Application->handleCommand()
#39 {main}
"} 
[2026-04-28 10:10:50] local.ERROR: SQLSTATE[HY000] [2002] Aucune connexion n’a pu être établie car l’ordinateur cible l’a expressément refusée (Connection: mysql, Host: 127.0.0.1, Port: 3306, Database: stock_management, SQL: select * from `sessions` where `id` = LnmXNgQLaSXcWLTMoYDEMRbrgugdQXDenStRNZGK limit 1) {"exception":"[object] (Illuminate\\Database\\QueryException(code: 2002): SQLSTATE[HY000] [2002] Aucune connexion n’a pu être établie car l’ordinateur cible l’a expressément refusée (Connection: mysql, Host: 127.0.0.1, Port: 3306, Database: stock_management, SQL: select * from `sessions` where `id` = LnmXNgQLaSXcWLTMoYDEMRbrgugdQXDenStRNZGK limit 1) at C:/Users/MSI/Desktop/projet cote serveur/stock-management/vendor/laravel/framework/src/Illuminate/Database/Connection.php:838)
[stacktrace]
#0 C:/Users/MSI/Desktop/projet cote serveur/stock-management/vendor/laravel/framework/src/Illuminate/Database/Connection.php(794): Illuminate/Database/Connection->runQueryCallback()
#1 C:/Users/MSI/Desktop/projet cote serveur/stock-management/vendor/laravel/framework/src/Illuminate/Database/Connection.php(411): Illuminate/Database/Connection->run()
#2 C:/Users/MSI/Desktop/projet cote serveur/stock-management/vendor/laravel/framework/src/Illuminate/Database/Query/Builder.php(3505): Illuminate/Database/Connection->select()
#3 C:/Users/MSI/Desktop/projet cote serveur/stock-management/vendor/laravel/framework/src/Illuminate/Database/Query/Builder.php(3490): Illuminate/Database/Query/Builder->runSelect()
#4 C:/Users/MSI/Desktop/projet cote serveur/stock-management/vendor/laravel/framework/src/Illuminate/Database/Query/Builder.php(4080): Illuminate/Database/Query/Builder->Illuminate/Database/Query/{closure}()
#5 C:/Users/MSI/Desktop/projet cote serveur/stock-management/vendor/laravel/framework/src/Illuminate/Database/Query/Builder.php(3489): Illuminate/Database/Query/Builder->onceWithColumns()
#6 C:/Users/MSI/Desktop/projet cote serveur/stock-management/vendor/laravel/framework/src/Illuminate/Database/Concerns/BuildsQueries.php(366): Illuminate/Database/Query/Builder->get()
#7 C:/Users/MSI/Desktop/projet cote serveur/stock-management/vendor/laravel/framework/src/Illuminate/Database/Query/Builder.php(3412): Illuminate/Database/Query/Builder->first()
#8 C:/Users/MSI/Desktop/projet cote serveur/stock-management/vendor/laravel/framework/src/Illuminate/Session/DatabaseSessionHandler.php(96): Illuminate/Database/Query/Builder->find()
#9 C:/Users/MSI/Desktop/projet cote serveur/stock-management/vendor/laravel/framework/src/Illuminate/Session/Store.php(128): Illuminate/Session/DatabaseSessionHandler->read()
#10 C:/Users/MSI/Desktop/projet cote serveur/stock-management/vendor/laravel/framework/src/Illuminate/Session/Store.php(116): Illuminate/Session/Store->readFromHandler()
#11 C:/Users/MSI/Desktop/projet cote serveur/stock-management/vendor/laravel/framework/src/Illuminate/Session/Store.php(100): Illuminate/Session/Store->loadSession()
#12 C:/Users/MSI/Desktop/projet cote serveur/stock-management/vendor/laravel/framework/src/Illuminate/Session/Middleware/StartSession.php(146): Illuminate/Session/Store->start()
#13 C:/Users/MSI/Desktop/projet cote serveur/stock-management/vendor/laravel/framework/src/Illuminate/Support/helpers.php(393): Illuminate/Session/Middleware/StartSession->Illuminate/Session/Middleware/{closure}()
#14 C:/Users/MSI/Desktop/projet cote serveur/stock-management/vendor/laravel/framework/src/Illuminate/Session/Middleware/StartSession.php(143): tap()
#15 C:/Users/MSI/Desktop/projet cote serveur/stock-management/vendor/laravel/framework/src/Illuminate/Session/Middleware/StartSession.php(115): Illuminate/Session/Middleware/StartSession->startSession()
#16 C:/Users/MSI/Desktop/projet cote serveur/stock-management/vendor/laravel/framework/src/Illuminate/Session/Middleware/StartSession.php(63): Illuminate/Session/Middleware/StartSession->handleStatefulRequest()
#17 C:/Users/MSI/Desktop/projet cote serveur/stock-management/vendor/laravel/framework/src/Illuminate/Pipeline/Pipeline.php(219): Illuminate/Session/Middleware/StartSession->handle()
#18 C:/Users/MSI/Desktop/projet cote serveur/stock-management/vendor/laravel/framework/src/Illuminate/Cookie/Middleware/AddQueuedCookiesToResponse.php(36): Illuminate/Pipeline/Pipeline->Illuminate/Pipeline/{closure}()
#19 C:/Users/MSI/Desktop/projet cote serveur/stock-management/vendor/laravel/framework/src/Illuminate/Pipeline/Pipeline.php(219): Illuminate/Cookie/Middleware/AddQueuedCookiesToResponse->handle()
#20 C:/Users/MSI/Desktop/projet cote serveur/stock-management/vendor/laravel/framework/src/Illuminate/Cookie/Middleware/EncryptCookies.php(74): Illuminate/Pipeline/Pipeline->Illuminate/Pipeline/{closure}()
#21 C:/Users/MSI/Desktop/projet cote serveur/stock-management/vendor/laravel/framework/src/Illuminate/Pipeline/Pipeline.php(219): Illuminate/Cookie/Middleware/EncryptCookies->handle()
#22 C:/Users/MSI/Desktop/projet cote serveur/stock-management/vendor/laravel/framework/src/Illuminate/Pipeline/Pipeline.php(137): Illuminate/Pipeline/Pipeline->Illuminate/Pipeline/{closure}()
#23 C:/Users/MSI/Desktop/projet cote serveur/stock-management/vendor/laravel/framework/src/Illuminate/Routing/Router.php(821): Illuminate/Pipeline/Pipeline->then()
#24 C:/Users/MSI/Desktop/projet cote serveur/stock-management/vendor/laravel/framework/src/Illuminate/Routing/Router.php(800): Illuminate/Routing/Router->runRouteWithinStack()
#25 C:/Users/MSI/Desktop/projet cote serveur/stock-management/vendor/laravel/framework/src/Illuminate/Routing/Router.php(764): Illuminate/Routing/Router->runRoute()
#26 C:/Users/MSI/Desktop/projet cote serveur/stock-management/vendor/laravel/framework/src/Illuminate/Routing/Router.php(753): Illuminate/Routing/Router->dispatchToRoute()
#27 C:/Users/MSI/Desktop/projet cote serveur/stock-management/vendor/laravel/framework/src/Illuminate/Foundation/Http/Kernel.php(200): Illuminate/Routing/Router->dispatch()
#28 C:/Users/MSI/Desktop/projet cote serveur/stock-management/vendor/laravel/framework/src/Illuminate/Pipeline/Pipeline.php(180): Illuminate/Foundation/Http/Kernel->Illuminate/Foundation/Http/{closure}()
#29 C:/Users/MSI/Desktop/projet cote serveur/stock-management/vendor/laravel/framework/src/Illuminate/Foundation/Http/Middleware/TransformsRequest.php(21): Illuminate/Pipeline/Pipeline->Illuminate/Pipeline/{closure}()
#30 C:/Users/MSI/Desktop/projet cote serveur/stock-management/vendor/laravel/framework/src/Illuminate/Foundation/Http/Middleware/ConvertEmptyStringsToNull.php(31): Illuminate/Foundation/Http/Middleware/TransformsRequest->handle()
#31 C:/Users/MSI/Desktop/projet cote serveur/stock-management/vendor/laravel/framework/src/Illuminate/Pipeline/Pipeline.php(219): Illuminate/Foundation/Http/Middleware/ConvertEmptyStringsToNull->handle()
#32 C:/Users/MSI/Desktop/projet cote serveur/stock-management/vendor/laravel/framework/src/Illuminate/Foundation/Http/Middleware/TransformsRequest.php(21): Illuminate/Pipeline/Pipeline->Illuminate/Pipeline/{closure}()
#33 C:/Users/MSI/Desktop/projet cote serveur/stock-management/vendor/laravel/framework/src/Illuminate/Foundation/Http/Middleware/TrimStrings.php(51): Illuminate/Foundation/Http/Middleware/TransformsRequest->handle()
#34 C:/Users/MSI/Desktop/projet cote serveur/stock-management/vendor/laravel/framework/src/Illuminate/Pipeline/Pipeline.php(219): Illuminate/Foundation/Http/Middleware/TrimStrings->handle()
#35 C:/Users/MSI/Desktop/projet cote serveur/stock-management/vendor/laravel/framework/src/Illuminate/Http/Middleware/ValidatePostSize.php(27): Illuminate/Pipeline/Pipeline->Illuminate/Pipeline/{closure}()
#36 C:/Users/MSI/Desktop/projet cote serveur/stock-management/vendor/laravel/framework/src/Illuminate/Pipeline/Pipeline.php(219): Illuminate/Http/Middleware/ValidatePostSize->handle()
#37 C:/Users/MSI/Desktop/projet cote serveur/stock-management/vendor/laravel/framework/src/Illuminate/Foundation/Http/Middleware/PreventRequestsDuringMaintenance.php(109): Illuminate/Pipeline/Pipeline->Illuminate/Pipeline/{closure}()
#38 C:/Users/MSI/Desktop/projet cote serveur/stock-management/vendor/laravel/framework/src/Illuminate/Pipeline/Pipeline.php(219): Illuminate/Foundation/Http/Middleware/PreventRequestsDuringMaintenance->handle()
#39 C:/Users/MSI/Desktop/projet cote serveur/stock-management/vendor/laravel/framework/src/Illuminate/Http/Middleware/HandleCors.php(61): Illuminate/Pipeline/Pipeline->Illuminate/Pipeline/{closure}()
#40 C:/Users/MSI/Desktop/projet cote serveur/stock-management/vendor/laravel/framework/src/Illuminate/Pipeline/Pipeline.php(219): Illuminate/Http/Middleware/HandleCors->handle()
#41 C:/Users/MSI/Desktop/projet cote serveur/stock-management/vendor/laravel/framework/src/Illuminate/Http/Middleware/TrustProxies.php(58): Illuminate/Pipeline/Pipeline->Illuminate/Pipeline/{closure}()
#42 C:/Users/MSI/Desktop/projet cote serveur/stock-management/vendor/laravel/framework/src/Illuminate/Pipeline/Pipeline.php(219): Illuminate/Http/Middleware/TrustProxies->handle()
#43 C:/Users/MSI/Desktop/projet cote serveur/stock-management/vendor/laravel/framework/src/Illuminate/Foundation/Http/Middleware/InvokeDeferredCallbacks.php(22): Illuminate/Pipeline/Pipeline->Illuminate/Pipeline/{closure}()
#44 C:/Users/MSI/Desktop/projet cote serveur/stock-management/vendor/laravel/framework/src/Illuminate/Pipeline/Pipeline.php(219): Illuminate/Foundation/Http/Middleware/InvokeDeferredCallbacks->handle()
#45 C:/Users/MSI/Desktop/projet cote serveur/stock-management/vendor/laravel/framework/src/Illuminate/Http/Middleware/ValidatePathEncoding.php(26): Illuminate/Pipeline/Pipeline->Illuminate/Pipeline/{closure}()
#46 C:/Users/MSI/Desktop/projet cote serveur/stock-management/vendor/laravel/framework/src/Illuminate/Pipeline/Pipeline.php(219): Illuminate/Http/Middleware/ValidatePathEncoding->handle()
#47 C:/Users/MSI/Desktop/projet cote serveur/stock-management/vendor/laravel/framework/src/Illuminate/Pipeline/Pipeline.php(137): Illuminate/Pipeline/Pipeline->Illuminate/Pipeline/{closure}()
#48 C:/Users/MSI/Desktop/projet cote serveur/stock-management/vendor/laravel/framework/src/Illuminate/Foundation/Http/Kernel.php(175): Illuminate/Pipeline/Pipeline->then()
#49 C:/Users/MSI/Desktop/projet cote serveur/stock-management/vendor/laravel/framework/src/Illuminate/Foundation/Http/Kernel.php(144): Illuminate/Foundation/Http/Kernel->sendRequestThroughRouter()
#50 C:/Users/MSI/Desktop/projet cote serveur/stock-management/vendor/laravel/framework/src/Illuminate/Foundation/Application.php(1220): Illuminate/Foundation/Http/Kernel->handle()
#51 C:/Users/MSI/Desktop/projet cote serveur/stock-management/public/index.php(17): Illuminate/Foundation/Application->handleRequest()
#52 C:/Users/MSI/Desktop/projet cote serveur/stock-management/vendor/laravel/framework/src/Illuminate/Foundation/resources/server.php(23): require_once('...')
#53 {main}

[previous exception] [object] (PDOException(code: 2002): SQLSTATE[HY000] [2002] Aucune connexion n’a pu être établie car l’ordinateur cible l’a expressément refusée at C:/Users/MSI/Desktop/projet cote serveur/stock-management/vendor/laravel/framework/src/Illuminate/Database/Connectors/Connector.php:66)
[stacktrace]
#0 C:/Users/MSI/Desktop/projet cote serveur/stock-management/vendor/laravel/framework/src/Illuminate/Database/Connectors/Connector.php(66): PDO->__construct()
#1 C:/Users/MSI/Desktop/projet cote serveur/stock-management/vendor/laravel/framework/src/Illuminate/Database/Connectors/Connector.php(44): Illuminate/Database/Connectors/Connector->createPdoConnection()
#2 C:/Users/MSI/Desktop/projet cote serveur/stock-management/vendor/laravel/framework/src/Illuminate/Database/Connectors/MySqlConnector.php(24): Illuminate/Database/Connectors/Connector->createConnection()
#3 C:/Users/MSI/Desktop/projet cote serveur/stock-management/vendor/laravel/framework/src/Illuminate/Database/Connectors/ConnectionFactory.php(186): Illuminate/Database/Connectors/MySqlConnector->connect()
#4 [internal function]: Illuminate/Database/Connectors/ConnectionFactory->Illuminate/Database/Connectors/{closure}()
#5 C:/Users/MSI/Desktop/projet cote serveur/stock-management/vendor/laravel/framework/src/Illuminate/Database/Connection.php(1257): call_user_func()
#6 C:/Users/MSI/Desktop/projet cote serveur/stock-management/vendor/laravel/framework/src/Illuminate/Database/Connection.php(525): Illuminate/Database/Connection->getPdo()
#7 C:/Users/MSI/Desktop/projet cote serveur/stock-management/vendor/laravel/framework/src/Illuminate/Database/Connection.php(420): Illuminate/Database/Connection->getPdoForSelect()
#8 C:/Users/MSI/Desktop/projet cote serveur/stock-management/vendor/laravel/framework/src/Illuminate/Database/Connection.php(827): Illuminate/Database/Connection->Illuminate/Database/{closure}()
#9 C:/Users/MSI/Desktop/projet cote serveur/stock-management/vendor/laravel/framework/src/Illuminate/Database/Connection.php(794): Illuminate/Database/Connection->runQueryCallback()
#10 C:/Users/MSI/Desktop/projet cote serveur/stock-management/vendor/laravel/framework/src/Illuminate/Database/Connection.php(411): Illuminate/Database/Connection->run()
#11 C:/Users/MSI/Desktop/projet cote serveur/stock-management/vendor/laravel/framework/src/Illuminate/Database/Query/Builder.php(3505): Illuminate/Database/Connection->select()
#12 C:/Users/MSI/Desktop/projet cote serveur/stock-management/vendor/laravel/framework/src/Illuminate/Database/Query/Builder.php(3490): Illuminate/Database/Query/Builder->runSelect()
#13 C:/Users/MSI/Desktop/projet cote serveur/stock-management/vendor/laravel/framework/src/Illuminate/Database/Query/Builder.php(4080): Illuminate/Database/Query/Builder->Illuminate/Database/Query/{closure}()
#14 C:/Users/MSI/Desktop/projet cote serveur/stock-management/vendor/laravel/framework/src/Illuminate/Database/Query/Builder.php(3489): Illuminate/Database/Query/Builder->onceWithColumns()
#15 C:/Users/MSI/Desktop/projet cote serveur/stock-management/vendor/laravel/framework/src/Illuminate/Database/Concerns/BuildsQueries.php(366): Illuminate/Database/Query/Builder->get()
#16 C:/Users/MSI/Desktop/projet cote serveur/stock-management/vendor/laravel/framework/src/Illuminate/Database/Query/Builder.php(3412): Illuminate/Database/Query/Builder->first()
#17 C:/Users/MSI/Desktop/projet cote serveur/stock-management/vendor/laravel/framework/src/Illuminate/Session/DatabaseSessionHandler.php(96): Illuminate/Database/Query/Builder->find()
#18 C:/Users/MSI/Desktop/projet cote serveur/stock-management/vendor/laravel/framework/src/Illuminate/Session/Store.php(128): Illuminate/Session/DatabaseSessionHandler->read()
#19 C:/Users/MSI/Desktop/projet cote serveur/stock-management/vendor/laravel/framework/src/Illuminate/Session/Store.php(116): Illuminate/Session/Store->readFromHandler()
#20 C:/Users/MSI/Desktop/projet cote serveur/stock-management/vendor/laravel/framework/src/Illuminate/Session/Store.php(100): Illuminate/Session/Store->loadSession()
#21 C:/Users/MSI/Desktop/projet cote serveur/stock-management/vendor/laravel/framework/src/Illuminate/Session/Middleware/StartSession.php(146): Illuminate/Session/Store->start()
#22 C:/Users/MSI/Desktop/projet cote serveur/stock-management/vendor/laravel/framework/src/Illuminate/Support/helpers.php(393): Illuminate/Session/Middleware/StartSession->Illuminate/Session/Middleware/{closure}()
#23 C:/Users/MSI/Desktop/projet cote serveur/stock-management/vendor/laravel/framework/src/Illuminate/Session/Middleware/StartSession.php(143): tap()
#24 C:/Users/MSI/Desktop/projet cote serveur/stock-management/vendor/laravel/framework/src/Illuminate/Session/Middleware/StartSession.php(115): Illuminate/Session/Middleware/StartSession->startSession()
#25 C:/Users/MSI/Desktop/projet cote serveur/stock-management/vendor/laravel/framework/src/Illuminate/Session/Middleware/StartSession.php(63): Illuminate/Session/Middleware/StartSession->handleStatefulRequest()
#26 C:/Users/MSI/Desktop/projet cote serveur/stock-management/vendor/laravel/framework/src/Illuminate/Pipeline/Pipeline.php(219): Illuminate/Session/Middleware/StartSession->handle()
#27 C:/Users/MSI/Desktop/projet cote serveur/stock-management/vendor/laravel/framework/src/Illuminate/Cookie/Middleware/AddQueuedCookiesToResponse.php(36): Illuminate/Pipeline/Pipeline->Illuminate/Pipeline/{closure}()
#28 C:/Users/MSI/Desktop/projet cote serveur/stock-management/vendor/laravel/framework/src/Illuminate/Pipeline/Pipeline.php(219): Illuminate/Cookie/Middleware/AddQueuedCookiesToResponse->handle()
#29 C:/Users/MSI/Desktop/projet cote serveur/stock-management/vendor/laravel/framework/src/Illuminate/Cookie/Middleware/EncryptCookies.php(74): Illuminate/Pipeline/Pipeline->Illuminate/Pipeline/{closure}()
#30 C:/Users/MSI/Desktop/projet cote serveur/stock-management/vendor/laravel/framework/src/Illuminate/Pipeline/Pipeline.php(219): Illuminate/Cookie/Middleware/EncryptCookies->handle()
#31 C:/Users/MSI/Desktop/projet cote serveur/stock-management/vendor/laravel/framework/src/Illuminate/Pipeline/Pipeline.php(137): Illuminate/Pipeline/Pipeline->Illuminate/Pipeline/{closure}()
#32 C:/Users/MSI/Desktop/projet cote serveur/stock-management/vendor/laravel/framework/src/Illuminate/Routing/Router.php(821): Illuminate/Pipeline/Pipeline->then()
#33 C:/Users/MSI/Desktop/projet cote serveur/stock-management/vendor/laravel/framework/src/Illuminate/Routing/Router.php(800): Illuminate/Routing/Router->runRouteWithinStack()
#34 C:/Users/MSI/Desktop/projet cote serveur/stock-management/vendor/laravel/framework/src/Illuminate/Routing/Router.php(764): Illuminate/Routing/Router->runRoute()
#35 C:/Users/MSI/Desktop/projet cote serveur/stock-management/vendor/laravel/framework/src/Illuminate/Routing/Router.php(753): Illuminate/Routing/Router->dispatchToRoute()
#36 C:/Users/MSI/Desktop/projet cote serveur/stock-management/vendor/laravel/framework/src/Illuminate/Foundation/Http/Kernel.php(200): Illuminate/Routing/Router->dispatch()
#37 C:/Users/MSI/Desktop/projet cote serveur/stock-management/vendor/laravel/framework/src/Illuminate/Pipeline/Pipeline.php(180): Illuminate/Foundation/Http/Kernel->Illuminate/Foundation/Http/{closure}()
#38 C:/Users/MSI/Desktop/projet cote serveur/stock-management/vendor/laravel/framework/src/Illuminate/Foundation/Http/Middleware/TransformsRequest.php(21): Illuminate/Pipeline/Pipeline->Illuminate/Pipeline/{closure}()
#39 C:/Users/MSI/Desktop/projet cote serveur/stock-management/vendor/laravel/framework/src/Illuminate/Foundation/Http/Middleware/ConvertEmptyStringsToNull.php(31): Illuminate/Foundation/Http/Middleware/TransformsRequest->handle()
#40 C:/Users/MSI/Desktop/projet cote serveur/stock-management/vendor/laravel/framework/src/Illuminate/Pipeline/Pipeline.php(219): Illuminate/Foundation/Http/Middleware/ConvertEmptyStringsToNull->handle()
#41 C:/Users/MSI/Desktop/projet cote serveur/stock-management/vendor/laravel/framework/src/Illuminate/Foundation/Http/Middleware/TransformsRequest.php(21): Illuminate/Pipeline/Pipeline->Illuminate/Pipeline/{closure}()
#42 C:/Users/MSI/Desktop/projet cote serveur/stock-management/vendor/laravel/framework/src/Illuminate/Foundation/Http/Middleware/TrimStrings.php(51): Illuminate/Foundation/Http/Middleware/TransformsRequest->handle()
#43 C:/Users/MSI/Desktop/projet cote serveur/stock-management/vendor/laravel/framework/src/Illuminate/Pipeline/Pipeline.php(219): Illuminate/Foundation/Http/Middleware/TrimStrings->handle()
#44 C:/Users/MSI/Desktop/projet cote serveur/stock-management/vendor/laravel/framework/src/Illuminate/Http/Middleware/ValidatePostSize.php(27): Illuminate/Pipeline/Pipeline->Illuminate/Pipeline/{closure}()
#45 C:/Users/MSI/Desktop/projet cote serveur/stock-management/vendor/laravel/framework/src/Illuminate/Pipeline/Pipeline.php(219): Illuminate/Http/Middleware/ValidatePostSize->handle()
#46 C:/Users/MSI/Desktop/projet cote serveur/stock-management/vendor/laravel/framework/src/Illuminate/Foundation/Http/Middleware/PreventRequestsDuringMaintenance.php(109): Illuminate/Pipeline/Pipeline->Illuminate/Pipeline/{closure}()
#47 C:/Users/MSI/Desktop/projet cote serveur/stock-management/vendor/laravel/framework/src/Illuminate/Pipeline/Pipeline.php(219): Illuminate/Foundation/Http/Middleware/PreventRequestsDuringMaintenance->handle()
#48 C:/Users/MSI/Desktop/projet cote serveur/stock-management/vendor/laravel/framework/src/Illuminate/Http/Middleware/HandleCors.php(61): Illuminate/Pipeline/Pipeline->Illuminate/Pipeline/{closure}()
#49 C:/Users/MSI/Desktop/projet cote serveur/stock-management/vendor/laravel/framework/src/Illuminate/Pipeline/Pipeline.php(219): Illuminate/Http/Middleware/HandleCors->handle()
#50 C:/Users/MSI/Desktop/projet cote serveur/stock-management/vendor/laravel/framework/src/Illuminate/Http/Middleware/TrustProxies.php(58): Illuminate/Pipeline/Pipeline->Illuminate/Pipeline/{closure}()
#51 C:/Users/MSI/Desktop/projet cote serveur/stock-management/vendor/laravel/framework/src/Illuminate/Pipeline/Pipeline.php(219): Illuminate/Http/Middleware/TrustProxies->handle()
#52 C:/Users/MSI/Desktop/projet cote serveur/stock-management/vendor/laravel/framework/src/Illuminate/Foundation/Http/Middleware/InvokeDeferredCallbacks.php(22): Illuminate/Pipeline/Pipeline->Illuminate/Pipeline/{closure}()
#53 C:/Users/MSI/Desktop/projet cote serveur/stock-management/vendor/laravel/framework/src/Illuminate/Pipeline/Pipeline.php(219): Illuminate/Foundation/Http/Middleware/InvokeDeferredCallbacks->handle()
#54 C:/Users/MSI/Desktop/projet cote serveur/stock-management/vendor/laravel/framework/src/Illuminate/Http/Middleware/ValidatePathEncoding.php(26): Illuminate/Pipeline/Pipeline->Illuminate/Pipeline/{closure}()
#55 C:/Users/MSI/Desktop/projet cote serveur/stock-management/vendor/laravel/framework/src/Illuminate/Pipeline/Pipeline.php(219): Illuminate/Http/Middleware/ValidatePathEncoding->handle()
#56 C:/Users/MSI/Desktop/projet cote serveur/stock-management/vendor/laravel/framework/src/Illuminate/Pipeline/Pipeline.php(137): Illuminate/Pipeline/Pipeline->Illuminate/Pipeline/{closure}()
#57 C:/Users/MSI/Desktop/projet cote serveur/stock-management/vendor/laravel/framework/src/Illuminate/Foundation/Http/Kernel.php(175): Illuminate/Pipeline/Pipeline->then()
#58 C:/Users/MSI/Desktop/projet cote serveur/stock-management/vendor/laravel/framework/src/Illuminate/Foundation/Http/Kernel.php(144): Illuminate/Foundation/Http/Kernel->sendRequestThroughRouter()
#59 C:/Users/MSI/Desktop/projet cote serveur/stock-management/vendor/laravel/framework/src/Illuminate/Foundation/Application.php(1220): Illuminate/Foundation/Http/Kernel->handle()
#60 C:/Users/MSI/Desktop/projet cote serveur/stock-management/public/index.php(17): Illuminate/Foundation/Application->handleRequest()
#61 C:/Users/MSI/Desktop/projet cote serveur/stock-management/vendor/laravel/framework/src/Illuminate/Foundation/resources/server.php(23): require_once('...')
#62 {main}
"} 
[2026-04-28 10:11:39] local.ERROR: SQLSTATE[HY000] [2002] Aucune connexion n’a pu être établie car l’ordinateur cible l’a expressément refusée (Connection: mysql, Host: 127.0.0.1, Port: 3306, Database: stock_management, SQL: select exists (select 1 from information_schema.tables where table_schema = schema() and table_name = 'migrations' and table_type in ('BASE TABLE', 'SYSTEM VERSIONED')) as `exists`) {"exception":"[object] (Illuminate\\Database\\QueryException(code: 2002): SQLSTATE[HY000] [2002] Aucune connexion n’a pu être établie car l’ordinateur cible l’a expressément refusée (Connection: mysql, Host: 127.0.0.1, Port: 3306, Database: stock_management, SQL: select exists (select 1 from information_schema.tables where table_schema = schema() and table_name = 'migrations' and table_type in ('BASE TABLE', 'SYSTEM VERSIONED')) as `exists`) at C:/Users/MSI/Desktop/projet cote serveur/stock-management/vendor/laravel/framework/src/Illuminate/Database/Connection.php:838)
[stacktrace]
#0 C:/Users/MSI/Desktop/projet cote serveur/stock-management/vendor/laravel/framework/src/Illuminate/Database/Connection.php(794): Illuminate/Database/Connection->runQueryCallback()
#1 C:/Users/MSI/Desktop/projet cote serveur/stock-management/vendor/laravel/framework/src/Illuminate/Database/Connection.php(411): Illuminate/Database/Connection->run()
#2 C:/Users/MSI/Desktop/projet cote serveur/stock-management/vendor/laravel/framework/src/Illuminate/Database/Connection.php(357): Illuminate/Database/Connection->select()
#3 C:/Users/MSI/Desktop/projet cote serveur/stock-management/vendor/laravel/framework/src/Illuminate/Database/Connection.php(374): Illuminate/Database/Connection->selectOne()
#4 C:/Users/MSI/Desktop/projet cote serveur/stock-management/vendor/laravel/framework/src/Illuminate/Database/Schema/Builder.php(176): Illuminate/Database/Connection->scalar()
#5 C:/Users/MSI/Desktop/projet cote serveur/stock-management/vendor/laravel/framework/src/Illuminate/Database/Migrations/DatabaseMigrationRepository.php(185): Illuminate/Database/Schema/Builder->hasTable()
#6 C:/Users/MSI/Desktop/projet cote serveur/stock-management/vendor/laravel/framework/src/Illuminate/Database/Migrations/Migrator.php(758): Illuminate/Database/Migrations/DatabaseMigrationRepository->repositoryExists()
#7 C:/Users/MSI/Desktop/projet cote serveur/stock-management/vendor/laravel/framework/src/Illuminate/Database/Console/Migrations/MigrateCommand.php(164): Illuminate/Database/Migrations/Migrator->repositoryExists()
#8 C:/Users/MSI/Desktop/projet cote serveur/stock-management/vendor/laravel/framework/src/Illuminate/Support/helpers.php(328): Illuminate/Database/Console/Migrations/MigrateCommand->Illuminate/Database/Console/Migrations/{closure}()
#9 C:/Users/MSI/Desktop/projet cote serveur/stock-management/vendor/laravel/framework/src/Illuminate/Database/Console/Migrations/MigrateCommand.php(164): retry()
#10 C:/Users/MSI/Desktop/projet cote serveur/stock-management/vendor/laravel/framework/src/Illuminate/Database/Console/Migrations/MigrateCommand.php(140): Illuminate/Database/Console/Migrations/MigrateCommand->repositoryExists()
#11 C:/Users/MSI/Desktop/projet cote serveur/stock-management/vendor/laravel/framework/src/Illuminate/Database/Console/Migrations/MigrateCommand.php(110): Illuminate/Database/Console/Migrations/MigrateCommand->prepareDatabase()
#12 C:/Users/MSI/Desktop/projet cote serveur/stock-management/vendor/laravel/framework/src/Illuminate/Database/Migrations/Migrator.php(671): Illuminate/Database/Console/Migrations/MigrateCommand->Illuminate/Database/Console/Migrations/{closure}()
#13 C:/Users/MSI/Desktop/projet cote serveur/stock-management/vendor/laravel/framework/src/Illuminate/Database/Console/Migrations/MigrateCommand.php(109): Illuminate/Database/Migrations/Migrator->usingConnection()
#14 C:/Users/MSI/Desktop/projet cote serveur/stock-management/vendor/laravel/framework/src/Illuminate/Database/Console/Migrations/MigrateCommand.php(88): Illuminate/Database/Console/Migrations/MigrateCommand->runMigrations()
#15 C:/Users/MSI/Desktop/projet cote serveur/stock-management/vendor/laravel/framework/src/Illuminate/Container/BoundMethod.php(36): Illuminate/Database/Console/Migrations/MigrateCommand->handle()
#16 C:/Users/MSI/Desktop/projet cote serveur/stock-management/vendor/laravel/framework/src/Illuminate/Container/Util.php(43): Illuminate/Container/BoundMethod::Illuminate/Container/{closure}()
#17 C:/Users/MSI/Desktop/projet cote serveur/stock-management/vendor/laravel/framework/src/Illuminate/Container/BoundMethod.php(96): Illuminate/Container/Util::unwrapIfClosure()
#18 C:/Users/MSI/Desktop/projet cote serveur/stock-management/vendor/laravel/framework/src/Illuminate/Container/BoundMethod.php(35): Illuminate/Container/BoundMethod::callBoundMethod()
#19 C:/Users/MSI/Desktop/projet cote serveur/stock-management/vendor/laravel/framework/src/Illuminate/Container/Container.php(799): Illuminate/Container/BoundMethod::call()
#20 C:/Users/MSI/Desktop/projet cote serveur/stock-management/vendor/laravel/framework/src/Illuminate/Console/Command.php(211): Illuminate/Container/Container->call()
#21 C:/Users/MSI/Desktop/projet cote serveur/stock-management/vendor/symfony/console/Command/Command.php(341): Illuminate/Console/Command->execute()
#22 C:/Users/MSI/Desktop/projet cote serveur/stock-management/vendor/laravel/framework/src/Illuminate/Console/Command.php(180): Symfony/Component/Console/Command/Command->run()
#23 C:/Users/MSI/Desktop/projet cote serveur/stock-management/vendor/symfony/console/Application.php(1117): Illuminate/Console/Command->run()
#24 C:/Users/MSI/Desktop/projet cote serveur/stock-management/vendor/symfony/console/Application.php(356): Symfony/Component/Console/Application->doRunCommand()
#25 C:/Users/MSI/Desktop/projet cote serveur/stock-management/vendor/symfony/console/Application.php(195): Symfony/Component/Console/Application->doRun()
#26 C:/Users/MSI/Desktop/projet cote serveur/stock-management/vendor/laravel/framework/src/Illuminate/Foundation/Console/Kernel.php(198): Symfony/Component/Console/Application->run()
#27 C:/Users/MSI/Desktop/projet cote serveur/stock-management/vendor/laravel/framework/src/Illuminate/Foundation/Application.php(1235): Illuminate/Foundation/Console/Kernel->handle()
#28 C:/Users/MSI/Desktop/projet cote serveur/stock-management/artisan(13): Illuminate/Foundation/Application->handleCommand()
#29 {main}

[previous exception] [object] (PDOException(code: 2002): SQLSTATE[HY000] [2002] Aucune connexion n’a pu être établie car l’ordinateur cible l’a expressément refusée at C:/Users/MSI/Desktop/projet cote serveur/stock-management/vendor/laravel/framework/src/Illuminate/Database/Connectors/Connector.php:66)
[stacktrace]
#0 C:/Users/MSI/Desktop/projet cote serveur/stock-management/vendor/laravel/framework/src/Illuminate/Database/Connectors/Connector.php(66): PDO->__construct()
#1 C:/Users/MSI/Desktop/projet cote serveur/stock-management/vendor/laravel/framework/src/Illuminate/Database/Connectors/Connector.php(44): Illuminate/Database/Connectors/Connector->createPdoConnection()
#2 C:/Users/MSI/Desktop/projet cote serveur/stock-management/vendor/laravel/framework/src/Illuminate/Database/Connectors/MySqlConnector.php(24): Illuminate/Database/Connectors/Connector->createConnection()
#3 C:/Users/MSI/Desktop/projet cote serveur/stock-management/vendor/laravel/framework/src/Illuminate/Database/Connectors/ConnectionFactory.php(186): Illuminate/Database/Connectors/MySqlConnector->connect()
#4 [internal function]: Illuminate/Database/Connectors/ConnectionFactory->Illuminate/Database/Connectors/{closure}()
#5 C:/Users/MSI/Desktop/projet cote serveur/stock-management/vendor/laravel/framework/src/Illuminate/Database/Connection.php(1257): call_user_func()
#6 C:/Users/MSI/Desktop/projet cote serveur/stock-management/vendor/laravel/framework/src/Illuminate/Database/Connection.php(1295): Illuminate/Database/Connection->getPdo()
#7 C:/Users/MSI/Desktop/projet cote serveur/stock-management/vendor/laravel/framework/src/Illuminate/Database/Connection.php(525): Illuminate/Database/Connection->getReadPdo()
#8 C:/Users/MSI/Desktop/projet cote serveur/stock-management/vendor/laravel/framework/src/Illuminate/Database/Connection.php(420): Illuminate/Database/Connection->getPdoForSelect()
#9 C:/Users/MSI/Desktop/projet cote serveur/stock-management/vendor/laravel/framework/src/Illuminate/Database/Connection.php(827): Illuminate/Database/Connection->Illuminate/Database/{closure}()
#10 C:/Users/MSI/Desktop/projet cote serveur/stock-management/vendor/laravel/framework/src/Illuminate/Database/Connection.php(794): Illuminate/Database/Connection->runQueryCallback()
#11 C:/Users/MSI/Desktop/projet cote serveur/stock-management/vendor/laravel/framework/src/Illuminate/Database/Connection.php(411): Illuminate/Database/Connection->run()
#12 C:/Users/MSI/Desktop/projet cote serveur/stock-management/vendor/laravel/framework/src/Illuminate/Database/Connection.php(357): Illuminate/Database/Connection->select()
#13 C:/Users/MSI/Desktop/projet cote serveur/stock-management/vendor/laravel/framework/src/Illuminate/Database/Connection.php(374): Illuminate/Database/Connection->selectOne()
#14 C:/Users/MSI/Desktop/projet cote serveur/stock-management/vendor/laravel/framework/src/Illuminate/Database/Schema/Builder.php(176): Illuminate/Database/Connection->scalar()
#15 C:/Users/MSI/Desktop/projet cote serveur/stock-management/vendor/laravel/framework/src/Illuminate/Database/Migrations/DatabaseMigrationRepository.php(185): Illuminate/Database/Schema/Builder->hasTable()
#16 C:/Users/MSI/Desktop/projet cote serveur/stock-management/vendor/laravel/framework/src/Illuminate/Database/Migrations/Migrator.php(758): Illuminate/Database/Migrations/DatabaseMigrationRepository->repositoryExists()
#17 C:/Users/MSI/Desktop/projet cote serveur/stock-management/vendor/laravel/framework/src/Illuminate/Database/Console/Migrations/MigrateCommand.php(164): Illuminate/Database/Migrations/Migrator->repositoryExists()
#18 C:/Users/MSI/Desktop/projet cote serveur/stock-management/vendor/laravel/framework/src/Illuminate/Support/helpers.php(328): Illuminate/Database/Console/Migrations/MigrateCommand->Illuminate/Database/Console/Migrations/{closure}()
#19 C:/Users/MSI/Desktop/projet cote serveur/stock-management/vendor/laravel/framework/src/Illuminate/Database/Console/Migrations/MigrateCommand.php(164): retry()
#20 C:/Users/MSI/Desktop/projet cote serveur/stock-management/vendor/laravel/framework/src/Illuminate/Database/Console/Migrations/MigrateCommand.php(140): Illuminate/Database/Console/Migrations/MigrateCommand->repositoryExists()
#21 C:/Users/MSI/Desktop/projet cote serveur/stock-management/vendor/laravel/framework/src/Illuminate/Database/Console/Migrations/MigrateCommand.php(110): Illuminate/Database/Console/Migrations/MigrateCommand->prepareDatabase()
#22 C:/Users/MSI/Desktop/projet cote serveur/stock-management/vendor/laravel/framework/src/Illuminate/Database/Migrations/Migrator.php(671): Illuminate/Database/Console/Migrations/MigrateCommand->Illuminate/Database/Console/Migrations/{closure}()
#23 C:/Users/MSI/Desktop/projet cote serveur/stock-management/vendor/laravel/framework/src/Illuminate/Database/Console/Migrations/MigrateCommand.php(109): Illuminate/Database/Migrations/Migrator->usingConnection()
#24 C:/Users/MSI/Desktop/projet cote serveur/stock-management/vendor/laravel/framework/src/Illuminate/Database/Console/Migrations/MigrateCommand.php(88): Illuminate/Database/Console/Migrations/MigrateCommand->runMigrations()
#25 C:/Users/MSI/Desktop/projet cote serveur/stock-management/vendor/laravel/framework/src/Illuminate/Container/BoundMethod.php(36): Illuminate/Database/Console/Migrations/MigrateCommand->handle()
#26 C:/Users/MSI/Desktop/projet cote serveur/stock-management/vendor/laravel/framework/src/Illuminate/Container/Util.php(43): Illuminate/Container/BoundMethod::Illuminate/Container/{closure}()
#27 C:/Users/MSI/Desktop/projet cote serveur/stock-management/vendor/laravel/framework/src/Illuminate/Container/BoundMethod.php(96): Illuminate/Container/Util::unwrapIfClosure()
#28 C:/Users/MSI/Desktop/projet cote serveur/stock-management/vendor/laravel/framework/src/Illuminate/Container/BoundMethod.php(35): Illuminate/Container/BoundMethod::callBoundMethod()
#29 C:/Users/MSI/Desktop/projet cote serveur/stock-management/vendor/laravel/framework/src/Illuminate/Container/Container.php(799): Illuminate/Container/BoundMethod::call()
#30 C:/Users/MSI/Desktop/projet cote serveur/stock-management/vendor/laravel/framework/src/Illuminate/Console/Command.php(211): Illuminate/Container/Container->call()
#31 C:/Users/MSI/Desktop/projet cote serveur/stock-management/vendor/symfony/console/Command/Command.php(341): Illuminate/Console/Command->execute()
#32 C:/Users/MSI/Desktop/projet cote serveur/stock-management/vendor/laravel/framework/src/Illuminate/Console/Command.php(180): Symfony/Component/Console/Command/Command->run()
#33 C:/Users/MSI/Desktop/projet cote serveur/stock-management/vendor/symfony/console/Application.php(1117): Illuminate/Console/Command->run()
#34 C:/Users/MSI/Desktop/projet cote serveur/stock-management/vendor/symfony/console/Application.php(356): Symfony/Component/Console/Application->doRunCommand()
#35 C:/Users/MSI/Desktop/projet cote serveur/stock-management/vendor/symfony/console/Application.php(195): Symfony/Component/Console/Application->doRun()
#36 C:/Users/MSI/Desktop/projet cote serveur/stock-management/vendor/laravel/framework/src/Illuminate/Foundation/Console/Kernel.php(198): Symfony/Component/Console/Application->run()
#37 C:/Users/MSI/Desktop/projet cote serveur/stock-management/vendor/laravel/framework/src/Illuminate/Foundation/Application.php(1235): Illuminate/Foundation/Console/Kernel->handle()
#38 C:/Users/MSI/Desktop/projet cote serveur/stock-management/artisan(13): Illuminate/Foundation/Application->handleCommand()
#39 {main}
"} 
[2026-04-28 10:13:34] local.ERROR: SQLSTATE[HY000] [2002] Aucune connexion n’a pu être établie car l’ordinateur cible l’a expressément refusée (Connection: mysql, Host: 127.0.0.1, Port: 3306, Database: stock_management, SQL: select exists (select 1 from information_schema.tables where table_schema = schema() and table_name = 'migrations' and table_type in ('BASE TABLE', 'SYSTEM VERSIONED')) as `exists`) {"exception":"[object] (Illuminate\\Database\\QueryException(code: 2002): SQLSTATE[HY000] [2002] Aucune connexion n’a pu être établie car l’ordinateur cible l’a expressément refusée (Connection: mysql, Host: 127.0.0.1, Port: 3306, Database: stock_management, SQL: select exists (select 1 from information_schema.tables where table_schema = schema() and table_name = 'migrations' and table_type in ('BASE TABLE', 'SYSTEM VERSIONED')) as `exists`) at C:/Users/MSI/Desktop/projet cote serveur/stock-management/vendor/laravel/framework/src/Illuminate/Database/Connection.php:838)
[stacktrace]
#0 C:/Users/MSI/Desktop/projet cote serveur/stock-management/vendor/laravel/framework/src/Illuminate/Database/Connection.php(794): Illuminate/Database/Connection->runQueryCallback()
#1 C:/Users/MSI/Desktop/projet cote serveur/stock-management/vendor/laravel/framework/src/Illuminate/Database/Connection.php(411): Illuminate/Database/Connection->run()
#2 C:/Users/MSI/Desktop/projet cote serveur/stock-management/vendor/laravel/framework/src/Illuminate/Database/Connection.php(357): Illuminate/Database/Connection->select()
#3 C:/Users/MSI/Desktop/projet cote serveur/stock-management/vendor/laravel/framework/src/Illuminate/Database/Connection.php(374): Illuminate/Database/Connection->selectOne()
#4 C:/Users/MSI/Desktop/projet cote serveur/stock-management/vendor/laravel/framework/src/Illuminate/Database/Schema/Builder.php(176): Illuminate/Database/Connection->scalar()
#5 C:/Users/MSI/Desktop/projet cote serveur/stock-management/vendor/laravel/framework/src/Illuminate/Database/Migrations/DatabaseMigrationRepository.php(185): Illuminate/Database/Schema/Builder->hasTable()
#6 C:/Users/MSI/Desktop/projet cote serveur/stock-management/vendor/laravel/framework/src/Illuminate/Database/Migrations/Migrator.php(758): Illuminate/Database/Migrations/DatabaseMigrationRepository->repositoryExists()
#7 C:/Users/MSI/Desktop/projet cote serveur/stock-management/vendor/laravel/framework/src/Illuminate/Database/Console/Migrations/MigrateCommand.php(164): Illuminate/Database/Migrations/Migrator->repositoryExists()
#8 C:/Users/MSI/Desktop/projet cote serveur/stock-management/vendor/laravel/framework/src/Illuminate/Support/helpers.php(328): Illuminate/Database/Console/Migrations/MigrateCommand->Illuminate/Database/Console/Migrations/{closure}()
#9 C:/Users/MSI/Desktop/projet cote serveur/stock-management/vendor/laravel/framework/src/Illuminate/Database/Console/Migrations/MigrateCommand.php(164): retry()
#10 C:/Users/MSI/Desktop/projet cote serveur/stock-management/vendor/laravel/framework/src/Illuminate/Database/Console/Migrations/MigrateCommand.php(140): Illuminate/Database/Console/Migrations/MigrateCommand->repositoryExists()
#11 C:/Users/MSI/Desktop/projet cote serveur/stock-management/vendor/laravel/framework/src/Illuminate/Database/Console/Migrations/MigrateCommand.php(110): Illuminate/Database/Console/Migrations/MigrateCommand->prepareDatabase()
#12 C:/Users/MSI/Desktop/projet cote serveur/stock-management/vendor/laravel/framework/src/Illuminate/Database/Migrations/Migrator.php(671): Illuminate/Database/Console/Migrations/MigrateCommand->Illuminate/Database/Console/Migrations/{closure}()
#13 C:/Users/MSI/Desktop/projet cote serveur/stock-management/vendor/laravel/framework/src/Illuminate/Database/Console/Migrations/MigrateCommand.php(109): Illuminate/Database/Migrations/Migrator->usingConnection()
#14 C:/Users/MSI/Desktop/projet cote serveur/stock-management/vendor/laravel/framework/src/Illuminate/Database/Console/Migrations/MigrateCommand.php(88): Illuminate/Database/Console/Migrations/MigrateCommand->runMigrations()
#15 C:/Users/MSI/Desktop/projet cote serveur/stock-management/vendor/laravel/framework/src/Illuminate/Container/BoundMethod.php(36): Illuminate/Database/Console/Migrations/MigrateCommand->handle()
#16 C:/Users/MSI/Desktop/projet cote serveur/stock-management/vendor/laravel/framework/src/Illuminate/Container/Util.php(43): Illuminate/Container/BoundMethod::Illuminate/Container/{closure}()
#17 C:/Users/MSI/Desktop/projet cote serveur/stock-management/vendor/laravel/framework/src/Illuminate/Container/BoundMethod.php(96): Illuminate/Container/Util::unwrapIfClosure()
#18 C:/Users/MSI/Desktop/projet cote serveur/stock-management/vendor/laravel/framework/src/Illuminate/Container/BoundMethod.php(35): Illuminate/Container/BoundMethod::callBoundMethod()
#19 C:/Users/MSI/Desktop/projet cote serveur/stock-management/vendor/laravel/framework/src/Illuminate/Container/Container.php(799): Illuminate/Container/BoundMethod::call()
#20 C:/Users/MSI/Desktop/projet cote serveur/stock-management/vendor/laravel/framework/src/Illuminate/Console/Command.php(211): Illuminate/Container/Container->call()
#21 C:/Users/MSI/Desktop/projet cote serveur/stock-management/vendor/symfony/console/Command/Command.php(341): Illuminate/Console/Command->execute()
#22 C:/Users/MSI/Desktop/projet cote serveur/stock-management/vendor/laravel/framework/src/Illuminate/Console/Command.php(180): Symfony/Component/Console/Command/Command->run()
#23 C:/Users/MSI/Desktop/projet cote serveur/stock-management/vendor/symfony/console/Application.php(1117): Illuminate/Console/Command->run()
#24 C:/Users/MSI/Desktop/projet cote serveur/stock-management/vendor/symfony/console/Application.php(356): Symfony/Component/Console/Application->doRunCommand()
#25 C:/Users/MSI/Desktop/projet cote serveur/stock-management/vendor/symfony/console/Application.php(195): Symfony/Component/Console/Application->doRun()
#26 C:/Users/MSI/Desktop/projet cote serveur/stock-management/vendor/laravel/framework/src/Illuminate/Foundation/Console/Kernel.php(198): Symfony/Component/Console/Application->run()
#27 C:/Users/MSI/Desktop/projet cote serveur/stock-management/vendor/laravel/framework/src/Illuminate/Foundation/Application.php(1235): Illuminate/Foundation/Console/Kernel->handle()
#28 C:/Users/MSI/Desktop/projet cote serveur/stock-management/artisan(13): Illuminate/Foundation/Application->handleCommand()
#29 {main}

[previous exception] [object] (PDOException(code: 2002): SQLSTATE[HY000] [2002] Aucune connexion n’a pu être établie car l’ordinateur cible l’a expressément refusée at C:/Users/MSI/Desktop/projet cote serveur/stock-management/vendor/laravel/framework/src/Illuminate/Database/Connectors/Connector.php:66)
[stacktrace]
#0 C:/Users/MSI/Desktop/projet cote serveur/stock-management/vendor/laravel/framework/src/Illuminate/Database/Connectors/Connector.php(66): PDO->__construct()
#1 C:/Users/MSI/Desktop/projet cote serveur/stock-management/vendor/laravel/framework/src/Illuminate/Database/Connectors/Connector.php(44): Illuminate/Database/Connectors/Connector->createPdoConnection()
#2 C:/Users/MSI/Desktop/projet cote serveur/stock-management/vendor/laravel/framework/src/Illuminate/Database/Connectors/MySqlConnector.php(24): Illuminate/Database/Connectors/Connector->createConnection()
#3 C:/Users/MSI/Desktop/projet cote serveur/stock-management/vendor/laravel/framework/src/Illuminate/Database/Connectors/ConnectionFactory.php(186): Illuminate/Database/Connectors/MySqlConnector->connect()
#4 [internal function]: Illuminate/Database/Connectors/ConnectionFactory->Illuminate/Database/Connectors/{closure}()
#5 C:/Users/MSI/Desktop/projet cote serveur/stock-management/vendor/laravel/framework/src/Illuminate/Database/Connection.php(1257): call_user_func()
#6 C:/Users/MSI/Desktop/projet cote serveur/stock-management/vendor/laravel/framework/src/Illuminate/Database/Connection.php(1295): Illuminate/Database/Connection->getPdo()
#7 C:/Users/MSI/Desktop/projet cote serveur/stock-management/vendor/laravel/framework/src/Illuminate/Database/Connection.php(525): Illuminate/Database/Connection->getReadPdo()
#8 C:/Users/MSI/Desktop/projet cote serveur/stock-management/vendor/laravel/framework/src/Illuminate/Database/Connection.php(420): Illuminate/Database/Connection->getPdoForSelect()
#9 C:/Users/MSI/Desktop/projet cote serveur/stock-management/vendor/laravel/framework/src/Illuminate/Database/Connection.php(827): Illuminate/Database/Connection->Illuminate/Database/{closure}()
#10 C:/Users/MSI/Desktop/projet cote serveur/stock-management/vendor/laravel/framework/src/Illuminate/Database/Connection.php(794): Illuminate/Database/Connection->runQueryCallback()
#11 C:/Users/MSI/Desktop/projet cote serveur/stock-management/vendor/laravel/framework/src/Illuminate/Database/Connection.php(411): Illuminate/Database/Connection->run()
#12 C:/Users/MSI/Desktop/projet cote serveur/stock-management/vendor/laravel/framework/src/Illuminate/Database/Connection.php(357): Illuminate/Database/Connection->select()
#13 C:/Users/MSI/Desktop/projet cote serveur/stock-management/vendor/laravel/framework/src/Illuminate/Database/Connection.php(374): Illuminate/Database/Connection->selectOne()
#14 C:/Users/MSI/Desktop/projet cote serveur/stock-management/vendor/laravel/framework/src/Illuminate/Database/Schema/Builder.php(176): Illuminate/Database/Connection->scalar()
#15 C:/Users/MSI/Desktop/projet cote serveur/stock-management/vendor/laravel/framework/src/Illuminate/Database/Migrations/DatabaseMigrationRepository.php(185): Illuminate/Database/Schema/Builder->hasTable()
#16 C:/Users/MSI/Desktop/projet cote serveur/stock-management/vendor/laravel/framework/src/Illuminate/Database/Migrations/Migrator.php(758): Illuminate/Database/Migrations/DatabaseMigrationRepository->repositoryExists()
#17 C:/Users/MSI/Desktop/projet cote serveur/stock-management/vendor/laravel/framework/src/Illuminate/Database/Console/Migrations/MigrateCommand.php(164): Illuminate/Database/Migrations/Migrator->repositoryExists()
#18 C:/Users/MSI/Desktop/projet cote serveur/stock-management/vendor/laravel/framework/src/Illuminate/Support/helpers.php(328): Illuminate/Database/Console/Migrations/MigrateCommand->Illuminate/Database/Console/Migrations/{closure}()
#19 C:/Users/MSI/Desktop/projet cote serveur/stock-management/vendor/laravel/framework/src/Illuminate/Database/Console/Migrations/MigrateCommand.php(164): retry()
#20 C:/Users/MSI/Desktop/projet cote serveur/stock-management/vendor/laravel/framework/src/Illuminate/Database/Console/Migrations/MigrateCommand.php(140): Illuminate/Database/Console/Migrations/MigrateCommand->repositoryExists()
#21 C:/Users/MSI/Desktop/projet cote serveur/stock-management/vendor/laravel/framework/src/Illuminate/Database/Console/Migrations/MigrateCommand.php(110): Illuminate/Database/Console/Migrations/MigrateCommand->prepareDatabase()
#22 C:/Users/MSI/Desktop/projet cote serveur/stock-management/vendor/laravel/framework/src/Illuminate/Database/Migrations/Migrator.php(671): Illuminate/Database/Console/Migrations/MigrateCommand->Illuminate/Database/Console/Migrations/{closure}()
#23 C:/Users/MSI/Desktop/projet cote serveur/stock-management/vendor/laravel/framework/src/Illuminate/Database/Console/Migrations/MigrateCommand.php(109): Illuminate/Database/Migrations/Migrator->usingConnection()
#24 C:/Users/MSI/Desktop/projet cote serveur/stock-management/vendor/laravel/framework/src/Illuminate/Database/Console/Migrations/MigrateCommand.php(88): Illuminate/Database/Console/Migrations/MigrateCommand->runMigrations()
#25 C:/Users/MSI/Desktop/projet cote serveur/stock-management/vendor/laravel/framework/src/Illuminate/Container/BoundMethod.php(36): Illuminate/Database/Console/Migrations/MigrateCommand->handle()
#26 C:/Users/MSI/Desktop/projet cote serveur/stock-management/vendor/laravel/framework/src/Illuminate/Container/Util.php(43): Illuminate/Container/BoundMethod::Illuminate/Container/{closure}()
#27 C:/Users/MSI/Desktop/projet cote serveur/stock-management/vendor/laravel/framework/src/Illuminate/Container/BoundMethod.php(96): Illuminate/Container/Util::unwrapIfClosure()
#28 C:/Users/MSI/Desktop/projet cote serveur/stock-management/vendor/laravel/framework/src/Illuminate/Container/BoundMethod.php(35): Illuminate/Container/BoundMethod::callBoundMethod()
#29 C:/Users/MSI/Desktop/projet cote serveur/stock-management/vendor/laravel/framework/src/Illuminate/Container/Container.php(799): Illuminate/Container/BoundMethod::call()
#30 C:/Users/MSI/Desktop/projet cote serveur/stock-management/vendor/laravel/framework/src/Illuminate/Console/Command.php(211): Illuminate/Container/Container->call()
#31 C:/Users/MSI/Desktop/projet cote serveur/stock-management/vendor/symfony/console/Command/Command.php(341): Illuminate/Console/Command->execute()
#32 C:/Users/MSI/Desktop/projet cote serveur/stock-management/vendor/laravel/framework/src/Illuminate/Console/Command.php(180): Symfony/Component/Console/Command/Command->run()
#33 C:/Users/MSI/Desktop/projet cote serveur/stock-management/vendor/symfony/console/Application.php(1117): Illuminate/Console/Command->run()
#34 C:/Users/MSI/Desktop/projet cote serveur/stock-management/vendor/symfony/console/Application.php(356): Symfony/Component/Console/Application->doRunCommand()
#35 C:/Users/MSI/Desktop/projet cote serveur/stock-management/vendor/symfony/console/Application.php(195): Symfony/Component/Console/Application->doRun()
#36 C:/Users/MSI/Desktop/projet cote serveur/stock-management/vendor/laravel/framework/src/Illuminate/Foundation/Console/Kernel.php(198): Symfony/Component/Console/Application->run()
#37 C:/Users/MSI/Desktop/projet cote serveur/stock-management/vendor/laravel/framework/src/Illuminate/Foundation/Application.php(1235): Illuminate/Foundation/Console/Kernel->handle()
#38 C:/Users/MSI/Desktop/projet cote serveur/stock-management/artisan(13): Illuminate/Foundation/Application->handleCommand()
#39 {main}
"} 
[2026-04-28 10:14:08] local.ERROR: SQLSTATE[HY000] [2002] Aucune connexion n’a pu être établie car l’ordinateur cible l’a expressément refusée (Connection: mysql, Host: 127.0.0.1, Port: 3306, Database: stock_management, SQL: select * from `sessions` where `id` = PGcOANNUvmjH7G0taScBdvDrhOPWlJ93NL5imeek limit 1) {"exception":"[object] (Illuminate\\Database\\QueryException(code: 2002): SQLSTATE[HY000] [2002] Aucune connexion n’a pu être établie car l’ordinateur cible l’a expressément refusée (Connection: mysql, Host: 127.0.0.1, Port: 3306, Database: stock_management, SQL: select * from `sessions` where `id` = PGcOANNUvmjH7G0taScBdvDrhOPWlJ93NL5imeek limit 1) at C:/Users/MSI/Desktop/projet cote serveur/stock-management/vendor/laravel/framework/src/Illuminate/Database/Connection.php:838)
[stacktrace]
#0 C:/Users/MSI/Desktop/projet cote serveur/stock-management/vendor/laravel/framework/src/Illuminate/Database/Connection.php(794): Illuminate/Database/Connection->runQueryCallback()
#1 C:/Users/MSI/Desktop/projet cote serveur/stock-management/vendor/laravel/framework/src/Illuminate/Database/Connection.php(411): Illuminate/Database/Connection->run()
#2 C:/Users/MSI/Desktop/projet cote serveur/stock-management/vendor/laravel/framework/src/Illuminate/Database/Query/Builder.php(3505): Illuminate/Database/Connection->select()
#3 C:/Users/MSI/Desktop/projet cote serveur/stock-management/vendor/laravel/framework/src/Illuminate/Database/Query/Builder.php(3490): Illuminate/Database/Query/Builder->runSelect()
#4 C:/Users/MSI/Desktop/projet cote serveur/stock-management/vendor/laravel/framework/src/Illuminate/Database/Query/Builder.php(4080): Illuminate/Database/Query/Builder->Illuminate/Database/Query/{closure}()
#5 C:/Users/MSI/Desktop/projet cote serveur/stock-management/vendor/laravel/framework/src/Illuminate/Database/Query/Builder.php(3489): Illuminate/Database/Query/Builder->onceWithColumns()
#6 C:/Users/MSI/Desktop/projet cote serveur/stock-management/vendor/laravel/framework/src/Illuminate/Database/Concerns/BuildsQueries.php(366): Illuminate/Database/Query/Builder->get()
#7 C:/Users/MSI/Desktop/projet cote serveur/stock-management/vendor/laravel/framework/src/Illuminate/Database/Query/Builder.php(3412): Illuminate/Database/Query/Builder->first()
#8 C:/Users/MSI/Desktop/projet cote serveur/stock-management/vendor/laravel/framework/src/Illuminate/Session/DatabaseSessionHandler.php(96): Illuminate/Database/Query/Builder->find()
#9 C:/Users/MSI/Desktop/projet cote serveur/stock-management/vendor/laravel/framework/src/Illuminate/Session/Store.php(128): Illuminate/Session/DatabaseSessionHandler->read()
#10 C:/Users/MSI/Desktop/projet cote serveur/stock-management/vendor/laravel/framework/src/Illuminate/Session/Store.php(116): Illuminate/Session/Store->readFromHandler()
#11 C:/Users/MSI/Desktop/projet cote serveur/stock-management/vendor/laravel/framework/src/Illuminate/Session/Store.php(100): Illuminate/Session/Store->loadSession()
#12 C:/Users/MSI/Desktop/projet cote serveur/stock-management/vendor/laravel/framework/src/Illuminate/Session/Middleware/StartSession.php(146): Illuminate/Session/Store->start()
#13 C:/Users/MSI/Desktop/projet cote serveur/stock-management/vendor/laravel/framework/src/Illuminate/Support/helpers.php(393): Illuminate/Session/Middleware/StartSession->Illuminate/Session/Middleware/{closure}()
#14 C:/Users/MSI/Desktop/projet cote serveur/stock-management/vendor/laravel/framework/src/Illuminate/Session/Middleware/StartSession.php(143): tap()
#15 C:/Users/MSI/Desktop/projet cote serveur/stock-management/vendor/laravel/framework/src/Illuminate/Session/Middleware/StartSession.php(115): Illuminate/Session/Middleware/StartSession->startSession()
#16 C:/Users/MSI/Desktop/projet cote serveur/stock-management/vendor/laravel/framework/src/Illuminate/Session/Middleware/StartSession.php(63): Illuminate/Session/Middleware/StartSession->handleStatefulRequest()
#17 C:/Users/MSI/Desktop/projet cote serveur/stock-management/vendor/laravel/framework/src/Illuminate/Pipeline/Pipeline.php(219): Illuminate/Session/Middleware/StartSession->handle()
#18 C:/Users/MSI/Desktop/projet cote serveur/stock-management/vendor/laravel/framework/src/Illuminate/Cookie/Middleware/AddQueuedCookiesToResponse.php(36): Illuminate/Pipeline/Pipeline->Illuminate/Pipeline/{closure}()
#19 C:/Users/MSI/Desktop/projet cote serveur/stock-management/vendor/laravel/framework/src/Illuminate/Pipeline/Pipeline.php(219): Illuminate/Cookie/Middleware/AddQueuedCookiesToResponse->handle()
#20 C:/Users/MSI/Desktop/projet cote serveur/stock-management/vendor/laravel/framework/src/Illuminate/Cookie/Middleware/EncryptCookies.php(74): Illuminate/Pipeline/Pipeline->Illuminate/Pipeline/{closure}()
#21 C:/Users/MSI/Desktop/projet cote serveur/stock-management/vendor/laravel/framework/src/Illuminate/Pipeline/Pipeline.php(219): Illuminate/Cookie/Middleware/EncryptCookies->handle()
#22 C:/Users/MSI/Desktop/projet cote serveur/stock-management/vendor/laravel/framework/src/Illuminate/Pipeline/Pipeline.php(137): Illuminate/Pipeline/Pipeline->Illuminate/Pipeline/{closure}()
#23 C:/Users/MSI/Desktop/projet cote serveur/stock-management/vendor/laravel/framework/src/Illuminate/Routing/Router.php(821): Illuminate/Pipeline/Pipeline->then()
#24 C:/Users/MSI/Desktop/projet cote serveur/stock-management/vendor/laravel/framework/src/Illuminate/Routing/Router.php(800): Illuminate/Routing/Router->runRouteWithinStack()
#25 C:/Users/MSI/Desktop/projet cote serveur/stock-management/vendor/laravel/framework/src/Illuminate/Routing/Router.php(764): Illuminate/Routing/Router->runRoute()
#26 C:/Users/MSI/Desktop/projet cote serveur/stock-management/vendor/laravel/framework/src/Illuminate/Routing/Router.php(753): Illuminate/Routing/Router->dispatchToRoute()
#27 C:/Users/MSI/Desktop/projet cote serveur/stock-management/vendor/laravel/framework/src/Illuminate/Foundation/Http/Kernel.php(200): Illuminate/Routing/Router->dispatch()
#28 C:/Users/MSI/Desktop/projet cote serveur/stock-management/vendor/laravel/framework/src/Illuminate/Pipeline/Pipeline.php(180): Illuminate/Foundation/Http/Kernel->Illuminate/Foundation/Http/{closure}()
#29 C:/Users/MSI/Desktop/projet cote serveur/stock-management/vendor/laravel/framework/src/Illuminate/Foundation/Http/Middleware/TransformsRequest.php(21): Illuminate/Pipeline/Pipeline->Illuminate/Pipeline/{closure}()
#30 C:/Users/MSI/Desktop/projet cote serveur/stock-management/vendor/laravel/framework/src/Illuminate/Foundation/Http/Middleware/ConvertEmptyStringsToNull.php(31): Illuminate/Foundation/Http/Middleware/TransformsRequest->handle()
#31 C:/Users/MSI/Desktop/projet cote serveur/stock-management/vendor/laravel/framework/src/Illuminate/Pipeline/Pipeline.php(219): Illuminate/Foundation/Http/Middleware/ConvertEmptyStringsToNull->handle()
#32 C:/Users/MSI/Desktop/projet cote serveur/stock-management/vendor/laravel/framework/src/Illuminate/Foundation/Http/Middleware/TransformsRequest.php(21): Illuminate/Pipeline/Pipeline->Illuminate/Pipeline/{closure}()
#33 C:/Users/MSI/Desktop/projet cote serveur/stock-management/vendor/laravel/framework/src/Illuminate/Foundation/Http/Middleware/TrimStrings.php(51): Illuminate/Foundation/Http/Middleware/TransformsRequest->handle()
#34 C:/Users/MSI/Desktop/projet cote serveur/stock-management/vendor/laravel/framework/src/Illuminate/Pipeline/Pipeline.php(219): Illuminate/Foundation/Http/Middleware/TrimStrings->handle()
#35 C:/Users/MSI/Desktop/projet cote serveur/stock-management/vendor/laravel/framework/src/Illuminate/Http/Middleware/ValidatePostSize.php(27): Illuminate/Pipeline/Pipeline->Illuminate/Pipeline/{closure}()
#36 C:/Users/MSI/Desktop/projet cote serveur/stock-management/vendor/laravel/framework/src/Illuminate/Pipeline/Pipeline.php(219): Illuminate/Http/Middleware/ValidatePostSize->handle()
#37 C:/Users/MSI/Desktop/projet cote serveur/stock-management/vendor/laravel/framework/src/Illuminate/Foundation/Http/Middleware/PreventRequestsDuringMaintenance.php(109): Illuminate/Pipeline/Pipeline->Illuminate/Pipeline/{closure}()
#38 C:/Users/MSI/Desktop/projet cote serveur/stock-management/vendor/laravel/framework/src/Illuminate/Pipeline/Pipeline.php(219): Illuminate/Foundation/Http/Middleware/PreventRequestsDuringMaintenance->handle()
#39 C:/Users/MSI/Desktop/projet cote serveur/stock-management/vendor/laravel/framework/src/Illuminate/Http/Middleware/HandleCors.php(61): Illuminate/Pipeline/Pipeline->Illuminate/Pipeline/{closure}()
#40 C:/Users/MSI/Desktop/projet cote serveur/stock-management/vendor/laravel/framework/src/Illuminate/Pipeline/Pipeline.php(219): Illuminate/Http/Middleware/HandleCors->handle()
#41 C:/Users/MSI/Desktop/projet cote serveur/stock-management/vendor/laravel/framework/src/Illuminate/Http/Middleware/TrustProxies.php(58): Illuminate/Pipeline/Pipeline->Illuminate/Pipeline/{closure}()
#42 C:/Users/MSI/Desktop/projet cote serveur/stock-management/vendor/laravel/framework/src/Illuminate/Pipeline/Pipeline.php(219): Illuminate/Http/Middleware/TrustProxies->handle()
#43 C:/Users/MSI/Desktop/projet cote serveur/stock-management/vendor/laravel/framework/src/Illuminate/Foundation/Http/Middleware/InvokeDeferredCallbacks.php(22): Illuminate/Pipeline/Pipeline->Illuminate/Pipeline/{closure}()
#44 C:/Users/MSI/Desktop/projet cote serveur/stock-management/vendor/laravel/framework/src/Illuminate/Pipeline/Pipeline.php(219): Illuminate/Foundation/Http/Middleware/InvokeDeferredCallbacks->handle()
#45 C:/Users/MSI/Desktop/projet cote serveur/stock-management/vendor/laravel/framework/src/Illuminate/Http/Middleware/ValidatePathEncoding.php(26): Illuminate/Pipeline/Pipeline->Illuminate/Pipeline/{closure}()
#46 C:/Users/MSI/Desktop/projet cote serveur/stock-management/vendor/laravel/framework/src/Illuminate/Pipeline/Pipeline.php(219): Illuminate/Http/Middleware/ValidatePathEncoding->handle()
#47 C:/Users/MSI/Desktop/projet cote serveur/stock-management/vendor/laravel/framework/src/Illuminate/Pipeline/Pipeline.php(137): Illuminate/Pipeline/Pipeline->Illuminate/Pipeline/{closure}()
#48 C:/Users/MSI/Desktop/projet cote serveur/stock-management/vendor/laravel/framework/src/Illuminate/Foundation/Http/Kernel.php(175): Illuminate/Pipeline/Pipeline->then()
#49 C:/Users/MSI/Desktop/projet cote serveur/stock-management/vendor/laravel/framework/src/Illuminate/Foundation/Http/Kernel.php(144): Illuminate/Foundation/Http/Kernel->sendRequestThroughRouter()
#50 C:/Users/MSI/Desktop/projet cote serveur/stock-management/vendor/laravel/framework/src/Illuminate/Foundation/Application.php(1220): Illuminate/Foundation/Http/Kernel->handle()
#51 C:/Users/MSI/Desktop/projet cote serveur/stock-management/public/index.php(17): Illuminate/Foundation/Application->handleRequest()
#52 C:/Users/MSI/Desktop/projet cote serveur/stock-management/vendor/laravel/framework/src/Illuminate/Foundation/resources/server.php(23): require_once('...')
#53 {main}

[previous exception] [object] (PDOException(code: 2002): SQLSTATE[HY000] [2002] Aucune connexion n’a pu être établie car l’ordinateur cible l’a expressément refusée at C:/Users/MSI/Desktop/projet cote serveur/stock-management/vendor/laravel/framework/src/Illuminate/Database/Connectors/Connector.php:66)
[stacktrace]
#0 C:/Users/MSI/Desktop/projet cote serveur/stock-management/vendor/laravel/framework/src/Illuminate/Database/Connectors/Connector.php(66): PDO->__construct()
#1 C:/Users/MSI/Desktop/projet cote serveur/stock-management/vendor/laravel/framework/src/Illuminate/Database/Connectors/Connector.php(44): Illuminate/Database/Connectors/Connector->createPdoConnection()
#2 C:/Users/MSI/Desktop/projet cote serveur/stock-management/vendor/laravel/framework/src/Illuminate/Database/Connectors/MySqlConnector.php(24): Illuminate/Database/Connectors/Connector->createConnection()
#3 C:/Users/MSI/Desktop/projet cote serveur/stock-management/vendor/laravel/framework/src/Illuminate/Database/Connectors/ConnectionFactory.php(186): Illuminate/Database/Connectors/MySqlConnector->connect()
#4 [internal function]: Illuminate/Database/Connectors/ConnectionFactory->Illuminate/Database/Connectors/{closure}()
#5 C:/Users/MSI/Desktop/projet cote serveur/stock-management/vendor/laravel/framework/src/Illuminate/Database/Connection.php(1257): call_user_func()
#6 C:/Users/MSI/Desktop/projet cote serveur/stock-management/vendor/laravel/framework/src/Illuminate/Database/Connection.php(525): Illuminate/Database/Connection->getPdo()
#7 C:/Users/MSI/Desktop/projet cote serveur/stock-management/vendor/laravel/framework/src/Illuminate/Database/Connection.php(420): Illuminate/Database/Connection->getPdoForSelect()
#8 C:/Users/MSI/Desktop/projet cote serveur/stock-management/vendor/laravel/framework/src/Illuminate/Database/Connection.php(827): Illuminate/Database/Connection->Illuminate/Database/{closure}()
#9 C:/Users/MSI/Desktop/projet cote serveur/stock-management/vendor/laravel/framework/src/Illuminate/Database/Connection.php(794): Illuminate/Database/Connection->runQueryCallback()
#10 C:/Users/MSI/Desktop/projet cote serveur/stock-management/vendor/laravel/framework/src/Illuminate/Database/Connection.php(411): Illuminate/Database/Connection->run()
#11 C:/Users/MSI/Desktop/projet cote serveur/stock-management/vendor/laravel/framework/src/Illuminate/Database/Query/Builder.php(3505): Illuminate/Database/Connection->select()
#12 C:/Users/MSI/Desktop/projet cote serveur/stock-management/vendor/laravel/framework/src/Illuminate/Database/Query/Builder.php(3490): Illuminate/Database/Query/Builder->runSelect()
#13 C:/Users/MSI/Desktop/projet cote serveur/stock-management/vendor/laravel/framework/src/Illuminate/Database/Query/Builder.php(4080): Illuminate/Database/Query/Builder->Illuminate/Database/Query/{closure}()
#14 C:/Users/MSI/Desktop/projet cote serveur/stock-management/vendor/laravel/framework/src/Illuminate/Database/Query/Builder.php(3489): Illuminate/Database/Query/Builder->onceWithColumns()
#15 C:/Users/MSI/Desktop/projet cote serveur/stock-management/vendor/laravel/framework/src/Illuminate/Database/Concerns/BuildsQueries.php(366): Illuminate/Database/Query/Builder->get()
#16 C:/Users/MSI/Desktop/projet cote serveur/stock-management/vendor/laravel/framework/src/Illuminate/Database/Query/Builder.php(3412): Illuminate/Database/Query/Builder->first()
#17 C:/Users/MSI/Desktop/projet cote serveur/stock-management/vendor/laravel/framework/src/Illuminate/Session/DatabaseSessionHandler.php(96): Illuminate/Database/Query/Builder->find()
#18 C:/Users/MSI/Desktop/projet cote serveur/stock-management/vendor/laravel/framework/src/Illuminate/Session/Store.php(128): Illuminate/Session/DatabaseSessionHandler->read()
#19 C:/Users/MSI/Desktop/projet cote serveur/stock-management/vendor/laravel/framework/src/Illuminate/Session/Store.php(116): Illuminate/Session/Store->readFromHandler()
#20 C:/Users/MSI/Desktop/projet cote serveur/stock-management/vendor/laravel/framework/src/Illuminate/Session/Store.php(100): Illuminate/Session/Store->loadSession()
#21 C:/Users/MSI/Desktop/projet cote serveur/stock-management/vendor/laravel/framework/src/Illuminate/Session/Middleware/StartSession.php(146): Illuminate/Session/Store->start()
#22 C:/Users/MSI/Desktop/projet cote serveur/stock-management/vendor/laravel/framework/src/Illuminate/Support/helpers.php(393): Illuminate/Session/Middleware/StartSession->Illuminate/Session/Middleware/{closure}()
#23 C:/Users/MSI/Desktop/projet cote serveur/stock-management/vendor/laravel/framework/src/Illuminate/Session/Middleware/StartSession.php(143): tap()
#24 C:/Users/MSI/Desktop/projet cote serveur/stock-management/vendor/laravel/framework/src/Illuminate/Session/Middleware/StartSession.php(115): Illuminate/Session/Middleware/StartSession->startSession()
#25 C:/Users/MSI/Desktop/projet cote serveur/stock-management/vendor/laravel/framework/src/Illuminate/Session/Middleware/StartSession.php(63): Illuminate/Session/Middleware/StartSession->handleStatefulRequest()
#26 C:/Users/MSI/Desktop/projet cote serveur/stock-management/vendor/laravel/framework/src/Illuminate/Pipeline/Pipeline.php(219): Illuminate/Session/Middleware/StartSession->handle()
#27 C:/Users/MSI/Desktop/projet cote serveur/stock-management/vendor/laravel/framework/src/Illuminate/Cookie/Middleware/AddQueuedCookiesToResponse.php(36): Illuminate/Pipeline/Pipeline->Illuminate/Pipeline/{closure}()
#28 C:/Users/MSI/Desktop/projet cote serveur/stock-management/vendor/laravel/framework/src/Illuminate/Pipeline/Pipeline.php(219): Illuminate/Cookie/Middleware/AddQueuedCookiesToResponse->handle()
#29 C:/Users/MSI/Desktop/projet cote serveur/stock-management/vendor/laravel/framework/src/Illuminate/Cookie/Middleware/EncryptCookies.php(74): Illuminate/Pipeline/Pipeline->Illuminate/Pipeline/{closure}()
#30 C:/Users/MSI/Desktop/projet cote serveur/stock-management/vendor/laravel/framework/src/Illuminate/Pipeline/Pipeline.php(219): Illuminate/Cookie/Middleware/EncryptCookies->handle()
#31 C:/Users/MSI/Desktop/projet cote serveur/stock-management/vendor/laravel/framework/src/Illuminate/Pipeline/Pipeline.php(137): Illuminate/Pipeline/Pipeline->Illuminate/Pipeline/{closure}()
#32 C:/Users/MSI/Desktop/projet cote serveur/stock-management/vendor/laravel/framework/src/Illuminate/Routing/Router.php(821): Illuminate/Pipeline/Pipeline->then()
#33 C:/Users/MSI/Desktop/projet cote serveur/stock-management/vendor/laravel/framework/src/Illuminate/Routing/Router.php(800): Illuminate/Routing/Router->runRouteWithinStack()
#34 C:/Users/MSI/Desktop/projet cote serveur/stock-management/vendor/laravel/framework/src/Illuminate/Routing/Router.php(764): Illuminate/Routing/Router->runRoute()
#35 C:/Users/MSI/Desktop/projet cote serveur/stock-management/vendor/laravel/framework/src/Illuminate/Routing/Router.php(753): Illuminate/Routing/Router->dispatchToRoute()
#36 C:/Users/MSI/Desktop/projet cote serveur/stock-management/vendor/laravel/framework/src/Illuminate/Foundation/Http/Kernel.php(200): Illuminate/Routing/Router->dispatch()
#37 C:/Users/MSI/Desktop/projet cote serveur/stock-management/vendor/laravel/framework/src/Illuminate/Pipeline/Pipeline.php(180): Illuminate/Foundation/Http/Kernel->Illuminate/Foundation/Http/{closure}()
#38 C:/Users/MSI/Desktop/projet cote serveur/stock-management/vendor/laravel/framework/src/Illuminate/Foundation/Http/Middleware/TransformsRequest.php(21): Illuminate/Pipeline/Pipeline->Illuminate/Pipeline/{closure}()
#39 C:/Users/MSI/Desktop/projet cote serveur/stock-management/vendor/laravel/framework/src/Illuminate/Foundation/Http/Middleware/ConvertEmptyStringsToNull.php(31): Illuminate/Foundation/Http/Middleware/TransformsRequest->handle()
#40 C:/Users/MSI/Desktop/projet cote serveur/stock-management/vendor/laravel/framework/src/Illuminate/Pipeline/Pipeline.php(219): Illuminate/Foundation/Http/Middleware/ConvertEmptyStringsToNull->handle()
#41 C:/Users/MSI/Desktop/projet cote serveur/stock-management/vendor/laravel/framework/src/Illuminate/Foundation/Http/Middleware/TransformsRequest.php(21): Illuminate/Pipeline/Pipeline->Illuminate/Pipeline/{closure}()
#42 C:/Users/MSI/Desktop/projet cote serveur/stock-management/vendor/laravel/framework/src/Illuminate/Foundation/Http/Middleware/TrimStrings.php(51): Illuminate/Foundation/Http/Middleware/TransformsRequest->handle()
#43 C:/Users/MSI/Desktop/projet cote serveur/stock-management/vendor/laravel/framework/src/Illuminate/Pipeline/Pipeline.php(219): Illuminate/Foundation/Http/Middleware/TrimStrings->handle()
#44 C:/Users/MSI/Desktop/projet cote serveur/stock-management/vendor/laravel/framework/src/Illuminate/Http/Middleware/ValidatePostSize.php(27): Illuminate/Pipeline/Pipeline->Illuminate/Pipeline/{closure}()
#45 C:/Users/MSI/Desktop/projet cote serveur/stock-management/vendor/laravel/framework/src/Illuminate/Pipeline/Pipeline.php(219): Illuminate/Http/Middleware/ValidatePostSize->handle()
#46 C:/Users/MSI/Desktop/projet cote serveur/stock-management/vendor/laravel/framework/src/Illuminate/Foundation/Http/Middleware/PreventRequestsDuringMaintenance.php(109): Illuminate/Pipeline/Pipeline->Illuminate/Pipeline/{closure}()
#47 C:/Users/MSI/Desktop/projet cote serveur/stock-management/vendor/laravel/framework/src/Illuminate/Pipeline/Pipeline.php(219): Illuminate/Foundation/Http/Middleware/PreventRequestsDuringMaintenance->handle()
#48 C:/Users/MSI/Desktop/projet cote serveur/stock-management/vendor/laravel/framework/src/Illuminate/Http/Middleware/HandleCors.php(61): Illuminate/Pipeline/Pipeline->Illuminate/Pipeline/{closure}()
#49 C:/Users/MSI/Desktop/projet cote serveur/stock-management/vendor/laravel/framework/src/Illuminate/Pipeline/Pipeline.php(219): Illuminate/Http/Middleware/HandleCors->handle()
#50 C:/Users/MSI/Desktop/projet cote serveur/stock-management/vendor/laravel/framework/src/Illuminate/Http/Middleware/TrustProxies.php(58): Illuminate/Pipeline/Pipeline->Illuminate/Pipeline/{closure}()
#51 C:/Users/MSI/Desktop/projet cote serveur/stock-management/vendor/laravel/framework/src/Illuminate/Pipeline/Pipeline.php(219): Illuminate/Http/Middleware/TrustProxies->handle()
#52 C:/Users/MSI/Desktop/projet cote serveur/stock-management/vendor/laravel/framework/src/Illuminate/Foundation/Http/Middleware/InvokeDeferredCallbacks.php(22): Illuminate/Pipeline/Pipeline->Illuminate/Pipeline/{closure}()
#53 C:/Users/MSI/Desktop/projet cote serveur/stock-management/vendor/laravel/framework/src/Illuminate/Pipeline/Pipeline.php(219): Illuminate/Foundation/Http/Middleware/InvokeDeferredCallbacks->handle()
#54 C:/Users/MSI/Desktop/projet cote serveur/stock-management/vendor/laravel/framework/src/Illuminate/Http/Middleware/ValidatePathEncoding.php(26): Illuminate/Pipeline/Pipeline->Illuminate/Pipeline/{closure}()
#55 C:/Users/MSI/Desktop/projet cote serveur/stock-management/vendor/laravel/framework/src/Illuminate/Pipeline/Pipeline.php(219): Illuminate/Http/Middleware/ValidatePathEncoding->handle()
#56 C:/Users/MSI/Desktop/projet cote serveur/stock-management/vendor/laravel/framework/src/Illuminate/Pipeline/Pipeline.php(137): Illuminate/Pipeline/Pipeline->Illuminate/Pipeline/{closure}()
#57 C:/Users/MSI/Desktop/projet cote serveur/stock-management/vendor/laravel/framework/src/Illuminate/Foundation/Http/Kernel.php(175): Illuminate/Pipeline/Pipeline->then()
#58 C:/Users/MSI/Desktop/projet cote serveur/stock-management/vendor/laravel/framework/src/Illuminate/Foundation/Http/Kernel.php(144): Illuminate/Foundation/Http/Kernel->sendRequestThroughRouter()
#59 C:/Users/MSI/Desktop/projet cote serveur/stock-management/vendor/laravel/framework/src/Illuminate/Foundation/Application.php(1220): Illuminate/Foundation/Http/Kernel->handle()
#60 C:/Users/MSI/Desktop/projet cote serveur/stock-management/public/index.php(17): Illuminate/Foundation/Application->handleRequest()
#61 C:/Users/MSI/Desktop/projet cote serveur/stock-management/vendor/laravel/framework/src/Illuminate/Foundation/resources/server.php(23): require_once('...')
#62 {main}
"} 
[2026-04-28 10:14:31] local.ERROR: SQLSTATE[HY000] [2002] Aucune connexion n’a pu être établie car l’ordinateur cible l’a expressément refusée (Connection: mysql, Host: 127.0.0.1, Port: 3306, Database: stock_management, SQL: select * from `sessions` where `id` = mysFFLuqIqVd52r0TvzMH2MTJlPih9zjHdj7id3E limit 1) {"exception":"[object] (Illuminate\\Database\\QueryException(code: 2002): SQLSTATE[HY000] [2002] Aucune connexion n’a pu être établie car l’ordinateur cible l’a expressément refusée (Connection: mysql, Host: 127.0.0.1, Port: 3306, Database: stock_management, SQL: select * from `sessions` where `id` = mysFFLuqIqVd52r0TvzMH2MTJlPih9zjHdj7id3E limit 1) at C:/Users/MSI/Desktop/projet cote serveur/stock-management/vendor/laravel/framework/src/Illuminate/Database/Connection.php:838)
[stacktrace]
#0 C:/Users/MSI/Desktop/projet cote serveur/stock-management/vendor/laravel/framework/src/Illuminate/Database/Connection.php(794): Illuminate/Database/Connection->runQueryCallback()
#1 C:/Users/MSI/Desktop/projet cote serveur/stock-management/vendor/laravel/framework/src/Illuminate/Database/Connection.php(411): Illuminate/Database/Connection->run()
#2 C:/Users/MSI/Desktop/projet cote serveur/stock-management/vendor/laravel/framework/src/Illuminate/Database/Query/Builder.php(3505): Illuminate/Database/Connection->select()
#3 C:/Users/MSI/Desktop/projet cote serveur/stock-management/vendor/laravel/framework/src/Illuminate/Database/Query/Builder.php(3490): Illuminate/Database/Query/Builder->runSelect()
#4 C:/Users/MSI/Desktop/projet cote serveur/stock-management/vendor/laravel/framework/src/Illuminate/Database/Query/Builder.php(4080): Illuminate/Database/Query/Builder->Illuminate/Database/Query/{closure}()
#5 C:/Users/MSI/Desktop/projet cote serveur/stock-management/vendor/laravel/framework/src/Illuminate/Database/Query/Builder.php(3489): Illuminate/Database/Query/Builder->onceWithColumns()
#6 C:/Users/MSI/Desktop/projet cote serveur/stock-management/vendor/laravel/framework/src/Illuminate/Database/Concerns/BuildsQueries.php(366): Illuminate/Database/Query/Builder->get()
#7 C:/Users/MSI/Desktop/projet cote serveur/stock-management/vendor/laravel/framework/src/Illuminate/Database/Query/Builder.php(3412): Illuminate/Database/Query/Builder->first()
#8 C:/Users/MSI/Desktop/projet cote serveur/stock-management/vendor/laravel/framework/src/Illuminate/Session/DatabaseSessionHandler.php(96): Illuminate/Database/Query/Builder->find()
#9 C:/Users/MSI/Desktop/projet cote serveur/stock-management/vendor/laravel/framework/src/Illuminate/Session/Store.php(128): Illuminate/Session/DatabaseSessionHandler->read()
#10 C:/Users/MSI/Desktop/projet cote serveur/stock-management/vendor/laravel/framework/src/Illuminate/Session/Store.php(116): Illuminate/Session/Store->readFromHandler()
#11 C:/Users/MSI/Desktop/projet cote serveur/stock-management/vendor/laravel/framework/src/Illuminate/Session/Store.php(100): Illuminate/Session/Store->loadSession()
#12 C:/Users/MSI/Desktop/projet cote serveur/stock-management/vendor/laravel/framework/src/Illuminate/Session/Middleware/StartSession.php(146): Illuminate/Session/Store->start()
#13 C:/Users/MSI/Desktop/projet cote serveur/stock-management/vendor/laravel/framework/src/Illuminate/Support/helpers.php(393): Illuminate/Session/Middleware/StartSession->Illuminate/Session/Middleware/{closure}()
#14 C:/Users/MSI/Desktop/projet cote serveur/stock-management/vendor/laravel/framework/src/Illuminate/Session/Middleware/StartSession.php(143): tap()
#15 C:/Users/MSI/Desktop/projet cote serveur/stock-management/vendor/laravel/framework/src/Illuminate/Session/Middleware/StartSession.php(115): Illuminate/Session/Middleware/StartSession->startSession()
#16 C:/Users/MSI/Desktop/projet cote serveur/stock-management/vendor/laravel/framework/src/Illuminate/Session/Middleware/StartSession.php(63): Illuminate/Session/Middleware/StartSession->handleStatefulRequest()
#17 C:/Users/MSI/Desktop/projet cote serveur/stock-management/vendor/laravel/framework/src/Illuminate/Pipeline/Pipeline.php(219): Illuminate/Session/Middleware/StartSession->handle()
#18 C:/Users/MSI/Desktop/projet cote serveur/stock-management/vendor/laravel/framework/src/Illuminate/Cookie/Middleware/AddQueuedCookiesToResponse.php(36): Illuminate/Pipeline/Pipeline->Illuminate/Pipeline/{closure}()
#19 C:/Users/MSI/Desktop/projet cote serveur/stock-management/vendor/laravel/framework/src/Illuminate/Pipeline/Pipeline.php(219): Illuminate/Cookie/Middleware/AddQueuedCookiesToResponse->handle()
#20 C:/Users/MSI/Desktop/projet cote serveur/stock-management/vendor/laravel/framework/src/Illuminate/Cookie/Middleware/EncryptCookies.php(74): Illuminate/Pipeline/Pipeline->Illuminate/Pipeline/{closure}()
#21 C:/Users/MSI/Desktop/projet cote serveur/stock-management/vendor/laravel/framework/src/Illuminate/Pipeline/Pipeline.php(219): Illuminate/Cookie/Middleware/EncryptCookies->handle()
#22 C:/Users/MSI/Desktop/projet cote serveur/stock-management/vendor/laravel/framework/src/Illuminate/Pipeline/Pipeline.php(137): Illuminate/Pipeline/Pipeline->Illuminate/Pipeline/{closure}()
#23 C:/Users/MSI/Desktop/projet cote serveur/stock-management/vendor/laravel/framework/src/Illuminate/Routing/Router.php(821): Illuminate/Pipeline/Pipeline->then()
#24 C:/Users/MSI/Desktop/projet cote serveur/stock-management/vendor/laravel/framework/src/Illuminate/Routing/Router.php(800): Illuminate/Routing/Router->runRouteWithinStack()
#25 C:/Users/MSI/Desktop/projet cote serveur/stock-management/vendor/laravel/framework/src/Illuminate/Routing/Router.php(764): Illuminate/Routing/Router->runRoute()
#26 C:/Users/MSI/Desktop/projet cote serveur/stock-management/vendor/laravel/framework/src/Illuminate/Routing/Router.php(753): Illuminate/Routing/Router->dispatchToRoute()
#27 C:/Users/MSI/Desktop/projet cote serveur/stock-management/vendor/laravel/framework/src/Illuminate/Foundation/Http/Kernel.php(200): Illuminate/Routing/Router->dispatch()
#28 C:/Users/MSI/Desktop/projet cote serveur/stock-management/vendor/laravel/framework/src/Illuminate/Pipeline/Pipeline.php(180): Illuminate/Foundation/Http/Kernel->Illuminate/Foundation/Http/{closure}()
#29 C:/Users/MSI/Desktop/projet cote serveur/stock-management/vendor/laravel/framework/src/Illuminate/Foundation/Http/Middleware/TransformsRequest.php(21): Illuminate/Pipeline/Pipeline->Illuminate/Pipeline/{closure}()
#30 C:/Users/MSI/Desktop/projet cote serveur/stock-management/vendor/laravel/framework/src/Illuminate/Foundation/Http/Middleware/ConvertEmptyStringsToNull.php(31): Illuminate/Foundation/Http/Middleware/TransformsRequest->handle()
#31 C:/Users/MSI/Desktop/projet cote serveur/stock-management/vendor/laravel/framework/src/Illuminate/Pipeline/Pipeline.php(219): Illuminate/Foundation/Http/Middleware/ConvertEmptyStringsToNull->handle()
#32 C:/Users/MSI/Desktop/projet cote serveur/stock-management/vendor/laravel/framework/src/Illuminate/Foundation/Http/Middleware/TransformsRequest.php(21): Illuminate/Pipeline/Pipeline->Illuminate/Pipeline/{closure}()
#33 C:/Users/MSI/Desktop/projet cote serveur/stock-management/vendor/laravel/framework/src/Illuminate/Foundation/Http/Middleware/TrimStrings.php(51): Illuminate/Foundation/Http/Middleware/TransformsRequest->handle()
#34 C:/Users/MSI/Desktop/projet cote serveur/stock-management/vendor/laravel/framework/src/Illuminate/Pipeline/Pipeline.php(219): Illuminate/Foundation/Http/Middleware/TrimStrings->handle()
#35 C:/Users/MSI/Desktop/projet cote serveur/stock-management/vendor/laravel/framework/src/Illuminate/Http/Middleware/ValidatePostSize.php(27): Illuminate/Pipeline/Pipeline->Illuminate/Pipeline/{closure}()
#36 C:/Users/MSI/Desktop/projet cote serveur/stock-management/vendor/laravel/framework/src/Illuminate/Pipeline/Pipeline.php(219): Illuminate/Http/Middleware/ValidatePostSize->handle()
#37 C:/Users/MSI/Desktop/projet cote serveur/stock-management/vendor/laravel/framework/src/Illuminate/Foundation/Http/Middleware/PreventRequestsDuringMaintenance.php(109): Illuminate/Pipeline/Pipeline->Illuminate/Pipeline/{closure}()
#38 C:/Users/MSI/Desktop/projet cote serveur/stock-management/vendor/laravel/framework/src/Illuminate/Pipeline/Pipeline.php(219): Illuminate/Foundation/Http/Middleware/PreventRequestsDuringMaintenance->handle()
#39 C:/Users/MSI/Desktop/projet cote serveur/stock-management/vendor/laravel/framework/src/Illuminate/Http/Middleware/HandleCors.php(61): Illuminate/Pipeline/Pipeline->Illuminate/Pipeline/{closure}()
#40 C:/Users/MSI/Desktop/projet cote serveur/stock-management/vendor/laravel/framework/src/Illuminate/Pipeline/Pipeline.php(219): Illuminate/Http/Middleware/HandleCors->handle()
#41 C:/Users/MSI/Desktop/projet cote serveur/stock-management/vendor/laravel/framework/src/Illuminate/Http/Middleware/TrustProxies.php(58): Illuminate/Pipeline/Pipeline->Illuminate/Pipeline/{closure}()
#42 C:/Users/MSI/Desktop/projet cote serveur/stock-management/vendor/laravel/framework/src/Illuminate/Pipeline/Pipeline.php(219): Illuminate/Http/Middleware/TrustProxies->handle()
#43 C:/Users/MSI/Desktop/projet cote serveur/stock-management/vendor/laravel/framework/src/Illuminate/Foundation/Http/Middleware/InvokeDeferredCallbacks.php(22): Illuminate/Pipeline/Pipeline->Illuminate/Pipeline/{closure}()
#44 C:/Users/MSI/Desktop/projet cote serveur/stock-management/vendor/laravel/framework/src/Illuminate/Pipeline/Pipeline.php(219): Illuminate/Foundation/Http/Middleware/InvokeDeferredCallbacks->handle()
#45 C:/Users/MSI/Desktop/projet cote serveur/stock-management/vendor/laravel/framework/src/Illuminate/Http/Middleware/ValidatePathEncoding.php(26): Illuminate/Pipeline/Pipeline->Illuminate/Pipeline/{closure}()
#46 C:/Users/MSI/Desktop/projet cote serveur/stock-management/vendor/laravel/framework/src/Illuminate/Pipeline/Pipeline.php(219): Illuminate/Http/Middleware/ValidatePathEncoding->handle()
#47 C:/Users/MSI/Desktop/projet cote serveur/stock-management/vendor/laravel/framework/src/Illuminate/Pipeline/Pipeline.php(137): Illuminate/Pipeline/Pipeline->Illuminate/Pipeline/{closure}()
#48 C:/Users/MSI/Desktop/projet cote serveur/stock-management/vendor/laravel/framework/src/Illuminate/Foundation/Http/Kernel.php(175): Illuminate/Pipeline/Pipeline->then()
#49 C:/Users/MSI/Desktop/projet cote serveur/stock-management/vendor/laravel/framework/src/Illuminate/Foundation/Http/Kernel.php(144): Illuminate/Foundation/Http/Kernel->sendRequestThroughRouter()
#50 C:/Users/MSI/Desktop/projet cote serveur/stock-management/vendor/laravel/framework/src/Illuminate/Foundation/Application.php(1220): Illuminate/Foundation/Http/Kernel->handle()
#51 C:/Users/MSI/Desktop/projet cote serveur/stock-management/public/index.php(17): Illuminate/Foundation/Application->handleRequest()
#52 C:/Users/MSI/Desktop/projet cote serveur/stock-management/vendor/laravel/framework/src/Illuminate/Foundation/resources/server.php(23): require_once('...')
#53 {main}

[previous exception] [object] (PDOException(code: 2002): SQLSTATE[HY000] [2002] Aucune connexion n’a pu être établie car l’ordinateur cible l’a expressément refusée at C:/Users/MSI/Desktop/projet cote serveur/stock-management/vendor/laravel/framework/src/Illuminate/Database/Connectors/Connector.php:66)
[stacktrace]
#0 C:/Users/MSI/Desktop/projet cote serveur/stock-management/vendor/laravel/framework/src/Illuminate/Database/Connectors/Connector.php(66): PDO->__construct()
#1 C:/Users/MSI/Desktop/projet cote serveur/stock-management/vendor/laravel/framework/src/Illuminate/Database/Connectors/Connector.php(44): Illuminate/Database/Connectors/Connector->createPdoConnection()
#2 C:/Users/MSI/Desktop/projet cote serveur/stock-management/vendor/laravel/framework/src/Illuminate/Database/Connectors/MySqlConnector.php(24): Illuminate/Database/Connectors/Connector->createConnection()
#3 C:/Users/MSI/Desktop/projet cote serveur/stock-management/vendor/laravel/framework/src/Illuminate/Database/Connectors/ConnectionFactory.php(186): Illuminate/Database/Connectors/MySqlConnector->connect()
#4 [internal function]: Illuminate/Database/Connectors/ConnectionFactory->Illuminate/Database/Connectors/{closure}()
#5 C:/Users/MSI/Desktop/projet cote serveur/stock-management/vendor/laravel/framework/src/Illuminate/Database/Connection.php(1257): call_user_func()
#6 C:/Users/MSI/Desktop/projet cote serveur/stock-management/vendor/laravel/framework/src/Illuminate/Database/Connection.php(525): Illuminate/Database/Connection->getPdo()
#7 C:/Users/MSI/Desktop/projet cote serveur/stock-management/vendor/laravel/framework/src/Illuminate/Database/Connection.php(420): Illuminate/Database/Connection->getPdoForSelect()
#8 C:/Users/MSI/Desktop/projet cote serveur/stock-management/vendor/laravel/framework/src/Illuminate/Database/Connection.php(827): Illuminate/Database/Connection->Illuminate/Database/{closure}()
#9 C:/Users/MSI/Desktop/projet cote serveur/stock-management/vendor/laravel/framework/src/Illuminate/Database/Connection.php(794): Illuminate/Database/Connection->runQueryCallback()
#10 C:/Users/MSI/Desktop/projet cote serveur/stock-management/vendor/laravel/framework/src/Illuminate/Database/Connection.php(411): Illuminate/Database/Connection->run()
#11 C:/Users/MSI/Desktop/projet cote serveur/stock-management/vendor/laravel/framework/src/Illuminate/Database/Query/Builder.php(3505): Illuminate/Database/Connection->select()
#12 C:/Users/MSI/Desktop/projet cote serveur/stock-management/vendor/laravel/framework/src/Illuminate/Database/Query/Builder.php(3490): Illuminate/Database/Query/Builder->runSelect()
#13 C:/Users/MSI/Desktop/projet cote serveur/stock-management/vendor/laravel/framework/src/Illuminate/Database/Query/Builder.php(4080): Illuminate/Database/Query/Builder->Illuminate/Database/Query/{closure}()
#14 C:/Users/MSI/Desktop/projet cote serveur/stock-management/vendor/laravel/framework/src/Illuminate/Database/Query/Builder.php(3489): Illuminate/Database/Query/Builder->onceWithColumns()
#15 C:/Users/MSI/Desktop/projet cote serveur/stock-management/vendor/laravel/framework/src/Illuminate/Database/Concerns/BuildsQueries.php(366): Illuminate/Database/Query/Builder->get()
#16 C:/Users/MSI/Desktop/projet cote serveur/stock-management/vendor/laravel/framework/src/Illuminate/Database/Query/Builder.php(3412): Illuminate/Database/Query/Builder->first()
#17 C:/Users/MSI/Desktop/projet cote serveur/stock-management/vendor/laravel/framework/src/Illuminate/Session/DatabaseSessionHandler.php(96): Illuminate/Database/Query/Builder->find()
#18 C:/Users/MSI/Desktop/projet cote serveur/stock-management/vendor/laravel/framework/src/Illuminate/Session/Store.php(128): Illuminate/Session/DatabaseSessionHandler->read()
#19 C:/Users/MSI/Desktop/projet cote serveur/stock-management/vendor/laravel/framework/src/Illuminate/Session/Store.php(116): Illuminate/Session/Store->readFromHandler()
#20 C:/Users/MSI/Desktop/projet cote serveur/stock-management/vendor/laravel/framework/src/Illuminate/Session/Store.php(100): Illuminate/Session/Store->loadSession()
#21 C:/Users/MSI/Desktop/projet cote serveur/stock-management/vendor/laravel/framework/src/Illuminate/Session/Middleware/StartSession.php(146): Illuminate/Session/Store->start()
#22 C:/Users/MSI/Desktop/projet cote serveur/stock-management/vendor/laravel/framework/src/Illuminate/Support/helpers.php(393): Illuminate/Session/Middleware/StartSession->Illuminate/Session/Middleware/{closure}()
#23 C:/Users/MSI/Desktop/projet cote serveur/stock-management/vendor/laravel/framework/src/Illuminate/Session/Middleware/StartSession.php(143): tap()
#24 C:/Users/MSI/Desktop/projet cote serveur/stock-management/vendor/laravel/framework/src/Illuminate/Session/Middleware/StartSession.php(115): Illuminate/Session/Middleware/StartSession->startSession()
#25 C:/Users/MSI/Desktop/projet cote serveur/stock-management/vendor/laravel/framework/src/Illuminate/Session/Middleware/StartSession.php(63): Illuminate/Session/Middleware/StartSession->handleStatefulRequest()
#26 C:/Users/MSI/Desktop/projet cote serveur/stock-management/vendor/laravel/framework/src/Illuminate/Pipeline/Pipeline.php(219): Illuminate/Session/Middleware/StartSession->handle()
#27 C:/Users/MSI/Desktop/projet cote serveur/stock-management/vendor/laravel/framework/src/Illuminate/Cookie/Middleware/AddQueuedCookiesToResponse.php(36): Illuminate/Pipeline/Pipeline->Illuminate/Pipeline/{closure}()
#28 C:/Users/MSI/Desktop/projet cote serveur/stock-management/vendor/laravel/framework/src/Illuminate/Pipeline/Pipeline.php(219): Illuminate/Cookie/Middleware/AddQueuedCookiesToResponse->handle()
#29 C:/Users/MSI/Desktop/projet cote serveur/stock-management/vendor/laravel/framework/src/Illuminate/Cookie/Middleware/EncryptCookies.php(74): Illuminate/Pipeline/Pipeline->Illuminate/Pipeline/{closure}()
#30 C:/Users/MSI/Desktop/projet cote serveur/stock-management/vendor/laravel/framework/src/Illuminate/Pipeline/Pipeline.php(219): Illuminate/Cookie/Middleware/EncryptCookies->handle()
#31 C:/Users/MSI/Desktop/projet cote serveur/stock-management/vendor/laravel/framework/src/Illuminate/Pipeline/Pipeline.php(137): Illuminate/Pipeline/Pipeline->Illuminate/Pipeline/{closure}()
#32 C:/Users/MSI/Desktop/projet cote serveur/stock-management/vendor/laravel/framework/src/Illuminate/Routing/Router.php(821): Illuminate/Pipeline/Pipeline->then()
#33 C:/Users/MSI/Desktop/projet cote serveur/stock-management/vendor/laravel/framework/src/Illuminate/Routing/Router.php(800): Illuminate/Routing/Router->runRouteWithinStack()
#34 C:/Users/MSI/Desktop/projet cote serveur/stock-management/vendor/laravel/framework/src/Illuminate/Routing/Router.php(764): Illuminate/Routing/Router->runRoute()
#35 C:/Users/MSI/Desktop/projet cote serveur/stock-management/vendor/laravel/framework/src/Illuminate/Routing/Router.php(753): Illuminate/Routing/Router->dispatchToRoute()
#36 C:/Users/MSI/Desktop/projet cote serveur/stock-management/vendor/laravel/framework/src/Illuminate/Foundation/Http/Kernel.php(200): Illuminate/Routing/Router->dispatch()
#37 C:/Users/MSI/Desktop/projet cote serveur/stock-management/vendor/laravel/framework/src/Illuminate/Pipeline/Pipeline.php(180): Illuminate/Foundation/Http/Kernel->Illuminate/Foundation/Http/{closure}()
#38 C:/Users/MSI/Desktop/projet cote serveur/stock-management/vendor/laravel/framework/src/Illuminate/Foundation/Http/Middleware/TransformsRequest.php(21): Illuminate/Pipeline/Pipeline->Illuminate/Pipeline/{closure}()
#39 C:/Users/MSI/Desktop/projet cote serveur/stock-management/vendor/laravel/framework/src/Illuminate/Foundation/Http/Middleware/ConvertEmptyStringsToNull.php(31): Illuminate/Foundation/Http/Middleware/TransformsRequest->handle()
#40 C:/Users/MSI/Desktop/projet cote serveur/stock-management/vendor/laravel/framework/src/Illuminate/Pipeline/Pipeline.php(219): Illuminate/Foundation/Http/Middleware/ConvertEmptyStringsToNull->handle()
#41 C:/Users/MSI/Desktop/projet cote serveur/stock-management/vendor/laravel/framework/src/Illuminate/Foundation/Http/Middleware/TransformsRequest.php(21): Illuminate/Pipeline/Pipeline->Illuminate/Pipeline/{closure}()
#42 C:/Users/MSI/Desktop/projet cote serveur/stock-management/vendor/laravel/framework/src/Illuminate/Foundation/Http/Middleware/TrimStrings.php(51): Illuminate/Foundation/Http/Middleware/TransformsRequest->handle()
#43 C:/Users/MSI/Desktop/projet cote serveur/stock-management/vendor/laravel/framework/src/Illuminate/Pipeline/Pipeline.php(219): Illuminate/Foundation/Http/Middleware/TrimStrings->handle()
#44 C:/Users/MSI/Desktop/projet cote serveur/stock-management/vendor/laravel/framework/src/Illuminate/Http/Middleware/ValidatePostSize.php(27): Illuminate/Pipeline/Pipeline->Illuminate/Pipeline/{closure}()
#45 C:/Users/MSI/Desktop/projet cote serveur/stock-management/vendor/laravel/framework/src/Illuminate/Pipeline/Pipeline.php(219): Illuminate/Http/Middleware/ValidatePostSize->handle()
#46 C:/Users/MSI/Desktop/projet cote serveur/stock-management/vendor/laravel/framework/src/Illuminate/Foundation/Http/Middleware/PreventRequestsDuringMaintenance.php(109): Illuminate/Pipeline/Pipeline->Illuminate/Pipeline/{closure}()
#47 C:/Users/MSI/Desktop/projet cote serveur/stock-management/vendor/laravel/framework/src/Illuminate/Pipeline/Pipeline.php(219): Illuminate/Foundation/Http/Middleware/PreventRequestsDuringMaintenance->handle()
#48 C:/Users/MSI/Desktop/projet cote serveur/stock-management/vendor/laravel/framework/src/Illuminate/Http/Middleware/HandleCors.php(61): Illuminate/Pipeline/Pipeline->Illuminate/Pipeline/{closure}()
#49 C:/Users/MSI/Desktop/projet cote serveur/stock-management/vendor/laravel/framework/src/Illuminate/Pipeline/Pipeline.php(219): Illuminate/Http/Middleware/HandleCors->handle()
#50 C:/Users/MSI/Desktop/projet cote serveur/stock-management/vendor/laravel/framework/src/Illuminate/Http/Middleware/TrustProxies.php(58): Illuminate/Pipeline/Pipeline->Illuminate/Pipeline/{closure}()
#51 C:/Users/MSI/Desktop/projet cote serveur/stock-management/vendor/laravel/framework/src/Illuminate/Pipeline/Pipeline.php(219): Illuminate/Http/Middleware/TrustProxies->handle()
#52 C:/Users/MSI/Desktop/projet cote serveur/stock-management/vendor/laravel/framework/src/Illuminate/Foundation/Http/Middleware/InvokeDeferredCallbacks.php(22): Illuminate/Pipeline/Pipeline->Illuminate/Pipeline/{closure}()
#53 C:/Users/MSI/Desktop/projet cote serveur/stock-management/vendor/laravel/framework/src/Illuminate/Pipeline/Pipeline.php(219): Illuminate/Foundation/Http/Middleware/InvokeDeferredCallbacks->handle()
#54 C:/Users/MSI/Desktop/projet cote serveur/stock-management/vendor/laravel/framework/src/Illuminate/Http/Middleware/ValidatePathEncoding.php(26): Illuminate/Pipeline/Pipeline->Illuminate/Pipeline/{closure}()
#55 C:/Users/MSI/Desktop/projet cote serveur/stock-management/vendor/laravel/framework/src/Illuminate/Pipeline/Pipeline.php(219): Illuminate/Http/Middleware/ValidatePathEncoding->handle()
#56 C:/Users/MSI/Desktop/projet cote serveur/stock-management/vendor/laravel/framework/src/Illuminate/Pipeline/Pipeline.php(137): Illuminate/Pipeline/Pipeline->Illuminate/Pipeline/{closure}()
#57 C:/Users/MSI/Desktop/projet cote serveur/stock-management/vendor/laravel/framework/src/Illuminate/Foundation/Http/Kernel.php(175): Illuminate/Pipeline/Pipeline->then()
#58 C:/Users/MSI/Desktop/projet cote serveur/stock-management/vendor/laravel/framework/src/Illuminate/Foundation/Http/Kernel.php(144): Illuminate/Foundation/Http/Kernel->sendRequestThroughRouter()
#59 C:/Users/MSI/Desktop/projet cote serveur/stock-management/vendor/laravel/framework/src/Illuminate/Foundation/Application.php(1220): Illuminate/Foundation/Http/Kernel->handle()
#60 C:/Users/MSI/Desktop/projet cote serveur/stock-management/public/index.php(17): Illuminate/Foundation/Application->handleRequest()
#61 C:/Users/MSI/Desktop/projet cote serveur/stock-management/vendor/laravel/framework/src/Illuminate/Foundation/resources/server.php(23): require_once('...')
#62 {main}
"} 
[2026-04-28 10:15:02] local.ERROR: SQLSTATE[HY000] [2002] Aucune connexion n’a pu être établie car l’ordinateur cible l’a expressément refusée (Connection: mysql, Host: 127.0.0.1, Port: 3306, Database: stock_management, SQL: select * from `sessions` where `id` = F1uk33abj2uTc1ial2NzHydX4LQ6phbbitkd2xh4 limit 1) {"exception":"[object] (Illuminate\\Database\\QueryException(code: 2002): SQLSTATE[HY000] [2002] Aucune connexion n’a pu être établie car l’ordinateur cible l’a expressément refusée (Connection: mysql, Host: 127.0.0.1, Port: 3306, Database: stock_management, SQL: select * from `sessions` where `id` = F1uk33abj2uTc1ial2NzHydX4LQ6phbbitkd2xh4 limit 1) at C:/Users/MSI/Desktop/projet cote serveur/stock-management/vendor/laravel/framework/src/Illuminate/Database/Connection.php:838)
[stacktrace]
#0 C:/Users/MSI/Desktop/projet cote serveur/stock-management/vendor/laravel/framework/src/Illuminate/Database/Connection.php(794): Illuminate/Database/Connection->runQueryCallback()
#1 C:/Users/MSI/Desktop/projet cote serveur/stock-management/vendor/laravel/framework/src/Illuminate/Database/Connection.php(411): Illuminate/Database/Connection->run()
#2 C:/Users/MSI/Desktop/projet cote serveur/stock-management/vendor/laravel/framework/src/Illuminate/Database/Query/Builder.php(3505): Illuminate/Database/Connection->select()
#3 C:/Users/MSI/Desktop/projet cote serveur/stock-management/vendor/laravel/framework/src/Illuminate/Database/Query/Builder.php(3490): Illuminate/Database/Query/Builder->runSelect()
#4 C:/Users/MSI/Desktop/projet cote serveur/stock-management/vendor/laravel/framework/src/Illuminate/Database/Query/Builder.php(4080): Illuminate/Database/Query/Builder->Illuminate/Database/Query/{closure}()
#5 C:/Users/MSI/Desktop/projet cote serveur/stock-management/vendor/laravel/framework/src/Illuminate/Database/Query/Builder.php(3489): Illuminate/Database/Query/Builder->onceWithColumns()
#6 C:/Users/MSI/Desktop/projet cote serveur/stock-management/vendor/laravel/framework/src/Illuminate/Database/Concerns/BuildsQueries.php(366): Illuminate/Database/Query/Builder->get()
#7 C:/Users/MSI/Desktop/projet cote serveur/stock-management/vendor/laravel/framework/src/Illuminate/Database/Query/Builder.php(3412): Illuminate/Database/Query/Builder->first()
#8 C:/Users/MSI/Desktop/projet cote serveur/stock-management/vendor/laravel/framework/src/Illuminate/Session/DatabaseSessionHandler.php(96): Illuminate/Database/Query/Builder->find()
#9 C:/Users/MSI/Desktop/projet cote serveur/stock-management/vendor/laravel/framework/src/Illuminate/Session/Store.php(128): Illuminate/Session/DatabaseSessionHandler->read()
#10 C:/Users/MSI/Desktop/projet cote serveur/stock-management/vendor/laravel/framework/src/Illuminate/Session/Store.php(116): Illuminate/Session/Store->readFromHandler()
#11 C:/Users/MSI/Desktop/projet cote serveur/stock-management/vendor/laravel/framework/src/Illuminate/Session/Store.php(100): Illuminate/Session/Store->loadSession()
#12 C:/Users/MSI/Desktop/projet cote serveur/stock-management/vendor/laravel/framework/src/Illuminate/Session/Middleware/StartSession.php(146): Illuminate/Session/Store->start()
#13 C:/Users/MSI/Desktop/projet cote serveur/stock-management/vendor/laravel/framework/src/Illuminate/Support/helpers.php(393): Illuminate/Session/Middleware/StartSession->Illuminate/Session/Middleware/{closure}()
#14 C:/Users/MSI/Desktop/projet cote serveur/stock-management/vendor/laravel/framework/src/Illuminate/Session/Middleware/StartSession.php(143): tap()
#15 C:/Users/MSI/Desktop/projet cote serveur/stock-management/vendor/laravel/framework/src/Illuminate/Session/Middleware/StartSession.php(115): Illuminate/Session/Middleware/StartSession->startSession()
#16 C:/Users/MSI/Desktop/projet cote serveur/stock-management/vendor/laravel/framework/src/Illuminate/Session/Middleware/StartSession.php(63): Illuminate/Session/Middleware/StartSession->handleStatefulRequest()
#17 C:/Users/MSI/Desktop/projet cote serveur/stock-management/vendor/laravel/framework/src/Illuminate/Pipeline/Pipeline.php(219): Illuminate/Session/Middleware/StartSession->handle()
#18 C:/Users/MSI/Desktop/projet cote serveur/stock-management/vendor/laravel/framework/src/Illuminate/Cookie/Middleware/AddQueuedCookiesToResponse.php(36): Illuminate/Pipeline/Pipeline->Illuminate/Pipeline/{closure}()
#19 C:/Users/MSI/Desktop/projet cote serveur/stock-management/vendor/laravel/framework/src/Illuminate/Pipeline/Pipeline.php(219): Illuminate/Cookie/Middleware/AddQueuedCookiesToResponse->handle()
#20 C:/Users/MSI/Desktop/projet cote serveur/stock-management/vendor/laravel/framework/src/Illuminate/Cookie/Middleware/EncryptCookies.php(74): Illuminate/Pipeline/Pipeline->Illuminate/Pipeline/{closure}()
#21 C:/Users/MSI/Desktop/projet cote serveur/stock-management/vendor/laravel/framework/src/Illuminate/Pipeline/Pipeline.php(219): Illuminate/Cookie/Middleware/EncryptCookies->handle()
#22 C:/Users/MSI/Desktop/projet cote serveur/stock-management/vendor/laravel/framework/src/Illuminate/Pipeline/Pipeline.php(137): Illuminate/Pipeline/Pipeline->Illuminate/Pipeline/{closure}()
#23 C:/Users/MSI/Desktop/projet cote serveur/stock-management/vendor/laravel/framework/src/Illuminate/Routing/Router.php(821): Illuminate/Pipeline/Pipeline->then()
#24 C:/Users/MSI/Desktop/projet cote serveur/stock-management/vendor/laravel/framework/src/Illuminate/Routing/Router.php(800): Illuminate/Routing/Router->runRouteWithinStack()
#25 C:/Users/MSI/Desktop/projet cote serveur/stock-management/vendor/laravel/framework/src/Illuminate/Routing/Router.php(764): Illuminate/Routing/Router->runRoute()
#26 C:/Users/MSI/Desktop/projet cote serveur/stock-management/vendor/laravel/framework/src/Illuminate/Routing/Router.php(753): Illuminate/Routing/Router->dispatchToRoute()
#27 C:/Users/MSI/Desktop/projet cote serveur/stock-management/vendor/laravel/framework/src/Illuminate/Foundation/Http/Kernel.php(200): Illuminate/Routing/Router->dispatch()
#28 C:/Users/MSI/Desktop/projet cote serveur/stock-management/vendor/laravel/framework/src/Illuminate/Pipeline/Pipeline.php(180): Illuminate/Foundation/Http/Kernel->Illuminate/Foundation/Http/{closure}()
#29 C:/Users/MSI/Desktop/projet cote serveur/stock-management/vendor/laravel/framework/src/Illuminate/Foundation/Http/Middleware/TransformsRequest.php(21): Illuminate/Pipeline/Pipeline->Illuminate/Pipeline/{closure}()
#30 C:/Users/MSI/Desktop/projet cote serveur/stock-management/vendor/laravel/framework/src/Illuminate/Foundation/Http/Middleware/ConvertEmptyStringsToNull.php(31): Illuminate/Foundation/Http/Middleware/TransformsRequest->handle()
#31 C:/Users/MSI/Desktop/projet cote serveur/stock-management/vendor/laravel/framework/src/Illuminate/Pipeline/Pipeline.php(219): Illuminate/Foundation/Http/Middleware/ConvertEmptyStringsToNull->handle()
#32 C:/Users/MSI/Desktop/projet cote serveur/stock-management/vendor/laravel/framework/src/Illuminate/Foundation/Http/Middleware/TransformsRequest.php(21): Illuminate/Pipeline/Pipeline->Illuminate/Pipeline/{closure}()
#33 C:/Users/MSI/Desktop/projet cote serveur/stock-management/vendor/laravel/framework/src/Illuminate/Foundation/Http/Middleware/TrimStrings.php(51): Illuminate/Foundation/Http/Middleware/TransformsRequest->handle()
#34 C:/Users/MSI/Desktop/projet cote serveur/stock-management/vendor/laravel/framework/src/Illuminate/Pipeline/Pipeline.php(219): Illuminate/Foundation/Http/Middleware/TrimStrings->handle()
#35 C:/Users/MSI/Desktop/projet cote serveur/stock-management/vendor/laravel/framework/src/Illuminate/Http/Middleware/ValidatePostSize.php(27): Illuminate/Pipeline/Pipeline->Illuminate/Pipeline/{closure}()
#36 C:/Users/MSI/Desktop/projet cote serveur/stock-management/vendor/laravel/framework/src/Illuminate/Pipeline/Pipeline.php(219): Illuminate/Http/Middleware/ValidatePostSize->handle()
#37 C:/Users/MSI/Desktop/projet cote serveur/stock-management/vendor/laravel/framework/src/Illuminate/Foundation/Http/Middleware/PreventRequestsDuringMaintenance.php(109): Illuminate/Pipeline/Pipeline->Illuminate/Pipeline/{closure}()
#38 C:/Users/MSI/Desktop/projet cote serveur/stock-management/vendor/laravel/framework/src/Illuminate/Pipeline/Pipeline.php(219): Illuminate/Foundation/Http/Middleware/PreventRequestsDuringMaintenance->handle()
#39 C:/Users/MSI/Desktop/projet cote serveur/stock-management/vendor/laravel/framework/src/Illuminate/Http/Middleware/HandleCors.php(61): Illuminate/Pipeline/Pipeline->Illuminate/Pipeline/{closure}()
#40 C:/Users/MSI/Desktop/projet cote serveur/stock-management/vendor/laravel/framework/src/Illuminate/Pipeline/Pipeline.php(219): Illuminate/Http/Middleware/HandleCors->handle()
#41 C:/Users/MSI/Desktop/projet cote serveur/stock-management/vendor/laravel/framework/src/Illuminate/Http/Middleware/TrustProxies.php(58): Illuminate/Pipeline/Pipeline->Illuminate/Pipeline/{closure}()
#42 C:/Users/MSI/Desktop/projet cote serveur/stock-management/vendor/laravel/framework/src/Illuminate/Pipeline/Pipeline.php(219): Illuminate/Http/Middleware/TrustProxies->handle()
#43 C:/Users/MSI/Desktop/projet cote serveur/stock-management/vendor/laravel/framework/src/Illuminate/Foundation/Http/Middleware/InvokeDeferredCallbacks.php(22): Illuminate/Pipeline/Pipeline->Illuminate/Pipeline/{closure}()
#44 C:/Users/MSI/Desktop/projet cote serveur/stock-management/vendor/laravel/framework/src/Illuminate/Pipeline/Pipeline.php(219): Illuminate/Foundation/Http/Middleware/InvokeDeferredCallbacks->handle()
#45 C:/Users/MSI/Desktop/projet cote serveur/stock-management/vendor/laravel/framework/src/Illuminate/Http/Middleware/ValidatePathEncoding.php(26): Illuminate/Pipeline/Pipeline->Illuminate/Pipeline/{closure}()
#46 C:/Users/MSI/Desktop/projet cote serveur/stock-management/vendor/laravel/framework/src/Illuminate/Pipeline/Pipeline.php(219): Illuminate/Http/Middleware/ValidatePathEncoding->handle()
#47 C:/Users/MSI/Desktop/projet cote serveur/stock-management/vendor/laravel/framework/src/Illuminate/Pipeline/Pipeline.php(137): Illuminate/Pipeline/Pipeline->Illuminate/Pipeline/{closure}()
#48 C:/Users/MSI/Desktop/projet cote serveur/stock-management/vendor/laravel/framework/src/Illuminate/Foundation/Http/Kernel.php(175): Illuminate/Pipeline/Pipeline->then()
#49 C:/Users/MSI/Desktop/projet cote serveur/stock-management/vendor/laravel/framework/src/Illuminate/Foundation/Http/Kernel.php(144): Illuminate/Foundation/Http/Kernel->sendRequestThroughRouter()
#50 C:/Users/MSI/Desktop/projet cote serveur/stock-management/vendor/laravel/framework/src/Illuminate/Foundation/Application.php(1220): Illuminate/Foundation/Http/Kernel->handle()
#51 C:/Users/MSI/Desktop/projet cote serveur/stock-management/public/index.php(17): Illuminate/Foundation/Application->handleRequest()
#52 C:/Users/MSI/Desktop/projet cote serveur/stock-management/vendor/laravel/framework/src/Illuminate/Foundation/resources/server.php(23): require_once('...')
#53 {main}

[previous exception] [object] (PDOException(code: 2002): SQLSTATE[HY000] [2002] Aucune connexion n’a pu être établie car l’ordinateur cible l’a expressément refusée at C:/Users/MSI/Desktop/projet cote serveur/stock-management/vendor/laravel/framework/src/Illuminate/Database/Connectors/Connector.php:66)
[stacktrace]
#0 C:/Users/MSI/Desktop/projet cote serveur/stock-management/vendor/laravel/framework/src/Illuminate/Database/Connectors/Connector.php(66): PDO->__construct()
#1 C:/Users/MSI/Desktop/projet cote serveur/stock-management/vendor/laravel/framework/src/Illuminate/Database/Connectors/Connector.php(44): Illuminate/Database/Connectors/Connector->createPdoConnection()
#2 C:/Users/MSI/Desktop/projet cote serveur/stock-management/vendor/laravel/framework/src/Illuminate/Database/Connectors/MySqlConnector.php(24): Illuminate/Database/Connectors/Connector->createConnection()
#3 C:/Users/MSI/Desktop/projet cote serveur/stock-management/vendor/laravel/framework/src/Illuminate/Database/Connectors/ConnectionFactory.php(186): Illuminate/Database/Connectors/MySqlConnector->connect()
#4 [internal function]: Illuminate/Database/Connectors/ConnectionFactory->Illuminate/Database/Connectors/{closure}()
#5 C:/Users/MSI/Desktop/projet cote serveur/stock-management/vendor/laravel/framework/src/Illuminate/Database/Connection.php(1257): call_user_func()
#6 C:/Users/MSI/Desktop/projet cote serveur/stock-management/vendor/laravel/framework/src/Illuminate/Database/Connection.php(525): Illuminate/Database/Connection->getPdo()
#7 C:/Users/MSI/Desktop/projet cote serveur/stock-management/vendor/laravel/framework/src/Illuminate/Database/Connection.php(420): Illuminate/Database/Connection->getPdoForSelect()
#8 C:/Users/MSI/Desktop/projet cote serveur/stock-management/vendor/laravel/framework/src/Illuminate/Database/Connection.php(827): Illuminate/Database/Connection->Illuminate/Database/{closure}()
#9 C:/Users/MSI/Desktop/projet cote serveur/stock-management/vendor/laravel/framework/src/Illuminate/Database/Connection.php(794): Illuminate/Database/Connection->runQueryCallback()
#10 C:/Users/MSI/Desktop/projet cote serveur/stock-management/vendor/laravel/framework/src/Illuminate/Database/Connection.php(411): Illuminate/Database/Connection->run()
#11 C:/Users/MSI/Desktop/projet cote serveur/stock-management/vendor/laravel/framework/src/Illuminate/Database/Query/Builder.php(3505): Illuminate/Database/Connection->select()
#12 C:/Users/MSI/Desktop/projet cote serveur/stock-management/vendor/laravel/framework/src/Illuminate/Database/Query/Builder.php(3490): Illuminate/Database/Query/Builder->runSelect()
#13 C:/Users/MSI/Desktop/projet cote serveur/stock-management/vendor/laravel/framework/src/Illuminate/Database/Query/Builder.php(4080): Illuminate/Database/Query/Builder->Illuminate/Database/Query/{closure}()
#14 C:/Users/MSI/Desktop/projet cote serveur/stock-management/vendor/laravel/framework/src/Illuminate/Database/Query/Builder.php(3489): Illuminate/Database/Query/Builder->onceWithColumns()
#15 C:/Users/MSI/Desktop/projet cote serveur/stock-management/vendor/laravel/framework/src/Illuminate/Database/Concerns/BuildsQueries.php(366): Illuminate/Database/Query/Builder->get()
#16 C:/Users/MSI/Desktop/projet cote serveur/stock-management/vendor/laravel/framework/src/Illuminate/Database/Query/Builder.php(3412): Illuminate/Database/Query/Builder->first()
#17 C:/Users/MSI/Desktop/projet cote serveur/stock-management/vendor/laravel/framework/src/Illuminate/Session/DatabaseSessionHandler.php(96): Illuminate/Database/Query/Builder->find()
#18 C:/Users/MSI/Desktop/projet cote serveur/stock-management/vendor/laravel/framework/src/Illuminate/Session/Store.php(128): Illuminate/Session/DatabaseSessionHandler->read()
#19 C:/Users/MSI/Desktop/projet cote serveur/stock-management/vendor/laravel/framework/src/Illuminate/Session/Store.php(116): Illuminate/Session/Store->readFromHandler()
#20 C:/Users/MSI/Desktop/projet cote serveur/stock-management/vendor/laravel/framework/src/Illuminate/Session/Store.php(100): Illuminate/Session/Store->loadSession()
#21 C:/Users/MSI/Desktop/projet cote serveur/stock-management/vendor/laravel/framework/src/Illuminate/Session/Middleware/StartSession.php(146): Illuminate/Session/Store->start()
#22 C:/Users/MSI/Desktop/projet cote serveur/stock-management/vendor/laravel/framework/src/Illuminate/Support/helpers.php(393): Illuminate/Session/Middleware/StartSession->Illuminate/Session/Middleware/{closure}()
#23 C:/Users/MSI/Desktop/projet cote serveur/stock-management/vendor/laravel/framework/src/Illuminate/Session/Middleware/StartSession.php(143): tap()
#24 C:/Users/MSI/Desktop/projet cote serveur/stock-management/vendor/laravel/framework/src/Illuminate/Session/Middleware/StartSession.php(115): Illuminate/Session/Middleware/StartSession->startSession()
#25 C:/Users/MSI/Desktop/projet cote serveur/stock-management/vendor/laravel/framework/src/Illuminate/Session/Middleware/StartSession.php(63): Illuminate/Session/Middleware/StartSession->handleStatefulRequest()
#26 C:/Users/MSI/Desktop/projet cote serveur/stock-management/vendor/laravel/framework/src/Illuminate/Pipeline/Pipeline.php(219): Illuminate/Session/Middleware/StartSession->handle()
#27 C:/Users/MSI/Desktop/projet cote serveur/stock-management/vendor/laravel/framework/src/Illuminate/Cookie/Middleware/AddQueuedCookiesToResponse.php(36): Illuminate/Pipeline/Pipeline->Illuminate/Pipeline/{closure}()
#28 C:/Users/MSI/Desktop/projet cote serveur/stock-management/vendor/laravel/framework/src/Illuminate/Pipeline/Pipeline.php(219): Illuminate/Cookie/Middleware/AddQueuedCookiesToResponse->handle()
#29 C:/Users/MSI/Desktop/projet cote serveur/stock-management/vendor/laravel/framework/src/Illuminate/Cookie/Middleware/EncryptCookies.php(74): Illuminate/Pipeline/Pipeline->Illuminate/Pipeline/{closure}()
#30 C:/Users/MSI/Desktop/projet cote serveur/stock-management/vendor/laravel/framework/src/Illuminate/Pipeline/Pipeline.php(219): Illuminate/Cookie/Middleware/EncryptCookies->handle()
#31 C:/Users/MSI/Desktop/projet cote serveur/stock-management/vendor/laravel/framework/src/Illuminate/Pipeline/Pipeline.php(137): Illuminate/Pipeline/Pipeline->Illuminate/Pipeline/{closure}()
#32 C:/Users/MSI/Desktop/projet cote serveur/stock-management/vendor/laravel/framework/src/Illuminate/Routing/Router.php(821): Illuminate/Pipeline/Pipeline->then()
#33 C:/Users/MSI/Desktop/projet cote serveur/stock-management/vendor/laravel/framework/src/Illuminate/Routing/Router.php(800): Illuminate/Routing/Router->runRouteWithinStack()
#34 C:/Users/MSI/Desktop/projet cote serveur/stock-management/vendor/laravel/framework/src/Illuminate/Routing/Router.php(764): Illuminate/Routing/Router->runRoute()
#35 C:/Users/MSI/Desktop/projet cote serveur/stock-management/vendor/laravel/framework/src/Illuminate/Routing/Router.php(753): Illuminate/Routing/Router->dispatchToRoute()
#36 C:/Users/MSI/Desktop/projet cote serveur/stock-management/vendor/laravel/framework/src/Illuminate/Foundation/Http/Kernel.php(200): Illuminate/Routing/Router->dispatch()
#37 C:/Users/MSI/Desktop/projet cote serveur/stock-management/vendor/laravel/framework/src/Illuminate/Pipeline/Pipeline.php(180): Illuminate/Foundation/Http/Kernel->Illuminate/Foundation/Http/{closure}()
#38 C:/Users/MSI/Desktop/projet cote serveur/stock-management/vendor/laravel/framework/src/Illuminate/Foundation/Http/Middleware/TransformsRequest.php(21): Illuminate/Pipeline/Pipeline->Illuminate/Pipeline/{closure}()
#39 C:/Users/MSI/Desktop/projet cote serveur/stock-management/vendor/laravel/framework/src/Illuminate/Foundation/Http/Middleware/ConvertEmptyStringsToNull.php(31): Illuminate/Foundation/Http/Middleware/TransformsRequest->handle()
#40 C:/Users/MSI/Desktop/projet cote serveur/stock-management/vendor/laravel/framework/src/Illuminate/Pipeline/Pipeline.php(219): Illuminate/Foundation/Http/Middleware/ConvertEmptyStringsToNull->handle()
#41 C:/Users/MSI/Desktop/projet cote serveur/stock-management/vendor/laravel/framework/src/Illuminate/Foundation/Http/Middleware/TransformsRequest.php(21): Illuminate/Pipeline/Pipeline->Illuminate/Pipeline/{closure}()
#42 C:/Users/MSI/Desktop/projet cote serveur/stock-management/vendor/laravel/framework/src/Illuminate/Foundation/Http/Middleware/TrimStrings.php(51): Illuminate/Foundation/Http/Middleware/TransformsRequest->handle()
#43 C:/Users/MSI/Desktop/projet cote serveur/stock-management/vendor/laravel/framework/src/Illuminate/Pipeline/Pipeline.php(219): Illuminate/Foundation/Http/Middleware/TrimStrings->handle()
#44 C:/Users/MSI/Desktop/projet cote serveur/stock-management/vendor/laravel/framework/src/Illuminate/Http/Middleware/ValidatePostSize.php(27): Illuminate/Pipeline/Pipeline->Illuminate/Pipeline/{closure}()
#45 C:/Users/MSI/Desktop/projet cote serveur/stock-management/vendor/laravel/framework/src/Illuminate/Pipeline/Pipeline.php(219): Illuminate/Http/Middleware/ValidatePostSize->handle()
#46 C:/Users/MSI/Desktop/projet cote serveur/stock-management/vendor/laravel/framework/src/Illuminate/Foundation/Http/Middleware/PreventRequestsDuringMaintenance.php(109): Illuminate/Pipeline/Pipeline->Illuminate/Pipeline/{closure}()
#47 C:/Users/MSI/Desktop/projet cote serveur/stock-management/vendor/laravel/framework/src/Illuminate/Pipeline/Pipeline.php(219): Illuminate/Foundation/Http/Middleware/PreventRequestsDuringMaintenance->handle()
#48 C:/Users/MSI/Desktop/projet cote serveur/stock-management/vendor/laravel/framework/src/Illuminate/Http/Middleware/HandleCors.php(61): Illuminate/Pipeline/Pipeline->Illuminate/Pipeline/{closure}()
#49 C:/Users/MSI/Desktop/projet cote serveur/stock-management/vendor/laravel/framework/src/Illuminate/Pipeline/Pipeline.php(219): Illuminate/Http/Middleware/HandleCors->handle()
#50 C:/Users/MSI/Desktop/projet cote serveur/stock-management/vendor/laravel/framework/src/Illuminate/Http/Middleware/TrustProxies.php(58): Illuminate/Pipeline/Pipeline->Illuminate/Pipeline/{closure}()
#51 C:/Users/MSI/Desktop/projet cote serveur/stock-management/vendor/laravel/framework/src/Illuminate/Pipeline/Pipeline.php(219): Illuminate/Http/Middleware/TrustProxies->handle()
#52 C:/Users/MSI/Desktop/projet cote serveur/stock-management/vendor/laravel/framework/src/Illuminate/Foundation/Http/Middleware/InvokeDeferredCallbacks.php(22): Illuminate/Pipeline/Pipeline->Illuminate/Pipeline/{closure}()
#53 C:/Users/MSI/Desktop/projet cote serveur/stock-management/vendor/laravel/framework/src/Illuminate/Pipeline/Pipeline.php(219): Illuminate/Foundation/Http/Middleware/InvokeDeferredCallbacks->handle()
#54 C:/Users/MSI/Desktop/projet cote serveur/stock-management/vendor/laravel/framework/src/Illuminate/Http/Middleware/ValidatePathEncoding.php(26): Illuminate/Pipeline/Pipeline->Illuminate/Pipeline/{closure}()
#55 C:/Users/MSI/Desktop/projet cote serveur/stock-management/vendor/laravel/framework/src/Illuminate/Pipeline/Pipeline.php(219): Illuminate/Http/Middleware/ValidatePathEncoding->handle()
#56 C:/Users/MSI/Desktop/projet cote serveur/stock-management/vendor/laravel/framework/src/Illuminate/Pipeline/Pipeline.php(137): Illuminate/Pipeline/Pipeline->Illuminate/Pipeline/{closure}()
#57 C:/Users/MSI/Desktop/projet cote serveur/stock-management/vendor/laravel/framework/src/Illuminate/Foundation/Http/Kernel.php(175): Illuminate/Pipeline/Pipeline->then()
#58 C:/Users/MSI/Desktop/projet cote serveur/stock-management/vendor/laravel/framework/src/Illuminate/Foundation/Http/Kernel.php(144): Illuminate/Foundation/Http/Kernel->sendRequestThroughRouter()
#59 C:/Users/MSI/Desktop/projet cote serveur/stock-management/vendor/laravel/framework/src/Illuminate/Foundation/Application.php(1220): Illuminate/Foundation/Http/Kernel->handle()
#60 C:/Users/MSI/Desktop/projet cote serveur/stock-management/public/index.php(17): Illuminate/Foundation/Application->handleRequest()
#61 C:/Users/MSI/Desktop/projet cote serveur/stock-management/vendor/laravel/framework/src/Illuminate/Foundation/resources/server.php(23): require_once('...')
#62 {main}
"} 
[2026-04-28 10:15:43] local.ERROR: could not find driver (Connection: sqlite, Database: C:\Users\MSI\Desktop\projet cote serveur\stock-management\database\database.sqlite, SQL: select * from "sessions" where "id" = vJBOMbvYLYGDX4DGUf0wgczEavY37rsmjjJZNmQJ limit 1) {"exception":"[object] (Illuminate\\Database\\QueryException(code: 0): could not find driver (Connection: sqlite, Database: C:\\Users\\MSI\\Desktop\\projet cote serveur\\stock-management\\database\\database.sqlite, SQL: select * from \"sessions\" where \"id\" = vJBOMbvYLYGDX4DGUf0wgczEavY37rsmjjJZNmQJ limit 1) at C:/Users/MSI/Desktop/projet cote serveur/stock-management/vendor/laravel/framework/src/Illuminate/Database/Connection.php:838)
[stacktrace]
#0 C:/Users/MSI/Desktop/projet cote serveur/stock-management/vendor/laravel/framework/src/Illuminate/Database/Connection.php(794): Illuminate/Database/Connection->runQueryCallback()
#1 C:/Users/MSI/Desktop/projet cote serveur/stock-management/vendor/laravel/framework/src/Illuminate/Database/Connection.php(411): Illuminate/Database/Connection->run()
#2 C:/Users/MSI/Desktop/projet cote serveur/stock-management/vendor/laravel/framework/src/Illuminate/Database/Query/Builder.php(3505): Illuminate/Database/Connection->select()
#3 C:/Users/MSI/Desktop/projet cote serveur/stock-management/vendor/laravel/framework/src/Illuminate/Database/Query/Builder.php(3490): Illuminate/Database/Query/Builder->runSelect()
#4 C:/Users/MSI/Desktop/projet cote serveur/stock-management/vendor/laravel/framework/src/Illuminate/Database/Query/Builder.php(4080): Illuminate/Database/Query/Builder->Illuminate/Database/Query/{closure}()
#5 C:/Users/MSI/Desktop/projet cote serveur/stock-management/vendor/laravel/framework/src/Illuminate/Database/Query/Builder.php(3489): Illuminate/Database/Query/Builder->onceWithColumns()
#6 C:/Users/MSI/Desktop/projet cote serveur/stock-management/vendor/laravel/framework/src/Illuminate/Database/Concerns/BuildsQueries.php(366): Illuminate/Database/Query/Builder->get()
#7 C:/Users/MSI/Desktop/projet cote serveur/stock-management/vendor/laravel/framework/src/Illuminate/Database/Query/Builder.php(3412): Illuminate/Database/Query/Builder->first()
#8 C:/Users/MSI/Desktop/projet cote serveur/stock-management/vendor/laravel/framework/src/Illuminate/Session/DatabaseSessionHandler.php(96): Illuminate/Database/Query/Builder->find()
#9 C:/Users/MSI/Desktop/projet cote serveur/stock-management/vendor/laravel/framework/src/Illuminate/Session/Store.php(128): Illuminate/Session/DatabaseSessionHandler->read()
#10 C:/Users/MSI/Desktop/projet cote serveur/stock-management/vendor/laravel/framework/src/Illuminate/Session/Store.php(116): Illuminate/Session/Store->readFromHandler()
#11 C:/Users/MSI/Desktop/projet cote serveur/stock-management/vendor/laravel/framework/src/Illuminate/Session/Store.php(100): Illuminate/Session/Store->loadSession()
#12 C:/Users/MSI/Desktop/projet cote serveur/stock-management/vendor/laravel/framework/src/Illuminate/Session/Middleware/StartSession.php(146): Illuminate/Session/Store->start()
#13 C:/Users/MSI/Desktop/projet cote serveur/stock-management/vendor/laravel/framework/src/Illuminate/Support/helpers.php(393): Illuminate/Session/Middleware/StartSession->Illuminate/Session/Middleware/{closure}()
#14 C:/Users/MSI/Desktop/projet cote serveur/stock-management/vendor/laravel/framework/src/Illuminate/Session/Middleware/StartSession.php(143): tap()
#15 C:/Users/MSI/Desktop/projet cote serveur/stock-management/vendor/laravel/framework/src/Illuminate/Session/Middleware/StartSession.php(115): Illuminate/Session/Middleware/StartSession->startSession()
#16 C:/Users/MSI/Desktop/projet cote serveur/stock-management/vendor/laravel/framework/src/Illuminate/Session/Middleware/StartSession.php(63): Illuminate/Session/Middleware/StartSession->handleStatefulRequest()
#17 C:/Users/MSI/Desktop/projet cote serveur/stock-management/vendor/laravel/framework/src/Illuminate/Pipeline/Pipeline.php(219): Illuminate/Session/Middleware/StartSession->handle()
#18 C:/Users/MSI/Desktop/projet cote serveur/stock-management/vendor/laravel/framework/src/Illuminate/Cookie/Middleware/AddQueuedCookiesToResponse.php(36): Illuminate/Pipeline/Pipeline->Illuminate/Pipeline/{closure}()
#19 C:/Users/MSI/Desktop/projet cote serveur/stock-management/vendor/laravel/framework/src/Illuminate/Pipeline/Pipeline.php(219): Illuminate/Cookie/Middleware/AddQueuedCookiesToResponse->handle()
#20 C:/Users/MSI/Desktop/projet cote serveur/stock-management/vendor/laravel/framework/src/Illuminate/Cookie/Middleware/EncryptCookies.php(74): Illuminate/Pipeline/Pipeline->Illuminate/Pipeline/{closure}()
#21 C:/Users/MSI/Desktop/projet cote serveur/stock-management/vendor/laravel/framework/src/Illuminate/Pipeline/Pipeline.php(219): Illuminate/Cookie/Middleware/EncryptCookies->handle()
#22 C:/Users/MSI/Desktop/projet cote serveur/stock-management/vendor/laravel/framework/src/Illuminate/Pipeline/Pipeline.php(137): Illuminate/Pipeline/Pipeline->Illuminate/Pipeline/{closure}()
#23 C:/Users/MSI/Desktop/projet cote serveur/stock-management/vendor/laravel/framework/src/Illuminate/Routing/Router.php(821): Illuminate/Pipeline/Pipeline->then()
#24 C:/Users/MSI/Desktop/projet cote serveur/stock-management/vendor/laravel/framework/src/Illuminate/Routing/Router.php(800): Illuminate/Routing/Router->runRouteWithinStack()
#25 C:/Users/MSI/Desktop/projet cote serveur/stock-management/vendor/laravel/framework/src/Illuminate/Routing/Router.php(764): Illuminate/Routing/Router->runRoute()
#26 C:/Users/MSI/Desktop/projet cote serveur/stock-management/vendor/laravel/framework/src/Illuminate/Routing/Router.php(753): Illuminate/Routing/Router->dispatchToRoute()
#27 C:/Users/MSI/Desktop/projet cote serveur/stock-management/vendor/laravel/framework/src/Illuminate/Foundation/Http/Kernel.php(200): Illuminate/Routing/Router->dispatch()
#28 C:/Users/MSI/Desktop/projet cote serveur/stock-management/vendor/laravel/framework/src/Illuminate/Pipeline/Pipeline.php(180): Illuminate/Foundation/Http/Kernel->Illuminate/Foundation/Http/{closure}()
#29 C:/Users/MSI/Desktop/projet cote serveur/stock-management/vendor/laravel/framework/src/Illuminate/Foundation/Http/Middleware/TransformsRequest.php(21): Illuminate/Pipeline/Pipeline->Illuminate/Pipeline/{closure}()
#30 C:/Users/MSI/Desktop/projet cote serveur/stock-management/vendor/laravel/framework/src/Illuminate/Foundation/Http/Middleware/ConvertEmptyStringsToNull.php(31): Illuminate/Foundation/Http/Middleware/TransformsRequest->handle()
#31 C:/Users/MSI/Desktop/projet cote serveur/stock-management/vendor/laravel/framework/src/Illuminate/Pipeline/Pipeline.php(219): Illuminate/Foundation/Http/Middleware/ConvertEmptyStringsToNull->handle()
#32 C:/Users/MSI/Desktop/projet cote serveur/stock-management/vendor/laravel/framework/src/Illuminate/Foundation/Http/Middleware/TransformsRequest.php(21): Illuminate/Pipeline/Pipeline->Illuminate/Pipeline/{closure}()
#33 C:/Users/MSI/Desktop/projet cote serveur/stock-management/vendor/laravel/framework/src/Illuminate/Foundation/Http/Middleware/TrimStrings.php(51): Illuminate/Foundation/Http/Middleware/TransformsRequest->handle()
#34 C:/Users/MSI/Desktop/projet cote serveur/stock-management/vendor/laravel/framework/src/Illuminate/Pipeline/Pipeline.php(219): Illuminate/Foundation/Http/Middleware/TrimStrings->handle()
#35 C:/Users/MSI/Desktop/projet cote serveur/stock-management/vendor/laravel/framework/src/Illuminate/Http/Middleware/ValidatePostSize.php(27): Illuminate/Pipeline/Pipeline->Illuminate/Pipeline/{closure}()
#36 C:/Users/MSI/Desktop/projet cote serveur/stock-management/vendor/laravel/framework/src/Illuminate/Pipeline/Pipeline.php(219): Illuminate/Http/Middleware/ValidatePostSize->handle()
#37 C:/Users/MSI/Desktop/projet cote serveur/stock-management/vendor/laravel/framework/src/Illuminate/Foundation/Http/Middleware/PreventRequestsDuringMaintenance.php(109): Illuminate/Pipeline/Pipeline->Illuminate/Pipeline/{closure}()
#38 C:/Users/MSI/Desktop/projet cote serveur/stock-management/vendor/laravel/framework/src/Illuminate/Pipeline/Pipeline.php(219): Illuminate/Foundation/Http/Middleware/PreventRequestsDuringMaintenance->handle()
#39 C:/Users/MSI/Desktop/projet cote serveur/stock-management/vendor/laravel/framework/src/Illuminate/Http/Middleware/HandleCors.php(61): Illuminate/Pipeline/Pipeline->Illuminate/Pipeline/{closure}()
#40 C:/Users/MSI/Desktop/projet cote serveur/stock-management/vendor/laravel/framework/src/Illuminate/Pipeline/Pipeline.php(219): Illuminate/Http/Middleware/HandleCors->handle()
#41 C:/Users/MSI/Desktop/projet cote serveur/stock-management/vendor/laravel/framework/src/Illuminate/Http/Middleware/TrustProxies.php(58): Illuminate/Pipeline/Pipeline->Illuminate/Pipeline/{closure}()
#42 C:/Users/MSI/Desktop/projet cote serveur/stock-management/vendor/laravel/framework/src/Illuminate/Pipeline/Pipeline.php(219): Illuminate/Http/Middleware/TrustProxies->handle()
#43 C:/Users/MSI/Desktop/projet cote serveur/stock-management/vendor/laravel/framework/src/Illuminate/Foundation/Http/Middleware/InvokeDeferredCallbacks.php(22): Illuminate/Pipeline/Pipeline->Illuminate/Pipeline/{closure}()
#44 C:/Users/MSI/Desktop/projet cote serveur/stock-management/vendor/laravel/framework/src/Illuminate/Pipeline/Pipeline.php(219): Illuminate/Foundation/Http/Middleware/InvokeDeferredCallbacks->handle()
#45 C:/Users/MSI/Desktop/projet cote serveur/stock-management/vendor/laravel/framework/src/Illuminate/Http/Middleware/ValidatePathEncoding.php(26): Illuminate/Pipeline/Pipeline->Illuminate/Pipeline/{closure}()
#46 C:/Users/MSI/Desktop/projet cote serveur/stock-management/vendor/laravel/framework/src/Illuminate/Pipeline/Pipeline.php(219): Illuminate/Http/Middleware/ValidatePathEncoding->handle()
#47 C:/Users/MSI/Desktop/projet cote serveur/stock-management/vendor/laravel/framework/src/Illuminate/Pipeline/Pipeline.php(137): Illuminate/Pipeline/Pipeline->Illuminate/Pipeline/{closure}()
#48 C:/Users/MSI/Desktop/projet cote serveur/stock-management/vendor/laravel/framework/src/Illuminate/Foundation/Http/Kernel.php(175): Illuminate/Pipeline/Pipeline->then()
#49 C:/Users/MSI/Desktop/projet cote serveur/stock-management/vendor/laravel/framework/src/Illuminate/Foundation/Http/Kernel.php(144): Illuminate/Foundation/Http/Kernel->sendRequestThroughRouter()
#50 C:/Users/MSI/Desktop/projet cote serveur/stock-management/vendor/laravel/framework/src/Illuminate/Foundation/Application.php(1220): Illuminate/Foundation/Http/Kernel->handle()
#51 C:/Users/MSI/Desktop/projet cote serveur/stock-management/public/index.php(17): Illuminate/Foundation/Application->handleRequest()
#52 C:/Users/MSI/Desktop/projet cote serveur/stock-management/vendor/laravel/framework/src/Illuminate/Foundation/resources/server.php(23): require_once('...')
#53 {main}

[previous exception] [object] (PDOException(code: 0): could not find driver at C:/Users/MSI/Desktop/projet cote serveur/stock-management/vendor/laravel/framework/src/Illuminate/Database/Connectors/Connector.php:66)
[stacktrace]
#0 C:/Users/MSI/Desktop/projet cote serveur/stock-management/vendor/laravel/framework/src/Illuminate/Database/Connectors/Connector.php(66): PDO->__construct()
#1 C:/Users/MSI/Desktop/projet cote serveur/stock-management/vendor/laravel/framework/src/Illuminate/Database/Connectors/Connector.php(44): Illuminate/Database/Connectors/Connector->createPdoConnection()
#2 C:/Users/MSI/Desktop/projet cote serveur/stock-management/vendor/laravel/framework/src/Illuminate/Database/Connectors/SQLiteConnector.php(21): Illuminate/Database/Connectors/Connector->createConnection()
#3 C:/Users/MSI/Desktop/projet cote serveur/stock-management/vendor/laravel/framework/src/Illuminate/Database/Connectors/ConnectionFactory.php(225): Illuminate/Database/Connectors/SQLiteConnector->connect()
#4 [internal function]: Illuminate/Database/Connectors/ConnectionFactory->Illuminate/Database/Connectors/{closure}()
#5 C:/Users/MSI/Desktop/projet cote serveur/stock-management/vendor/laravel/framework/src/Illuminate/Database/Connection.php(1257): call_user_func()
#6 C:/Users/MSI/Desktop/projet cote serveur/stock-management/vendor/laravel/framework/src/Illuminate/Database/Connection.php(525): Illuminate/Database/Connection->getPdo()
#7 C:/Users/MSI/Desktop/projet cote serveur/stock-management/vendor/laravel/framework/src/Illuminate/Database/Connection.php(420): Illuminate/Database/Connection->getPdoForSelect()
#8 C:/Users/MSI/Desktop/projet cote serveur/stock-management/vendor/laravel/framework/src/Illuminate/Database/Connection.php(827): Illuminate/Database/Connection->Illuminate/Database/{closure}()
#9 C:/Users/MSI/Desktop/projet cote serveur/stock-management/vendor/laravel/framework/src/Illuminate/Database/Connection.php(794): Illuminate/Database/Connection->runQueryCallback()
#10 C:/Users/MSI/Desktop/projet cote serveur/stock-management/vendor/laravel/framework/src/Illuminate/Database/Connection.php(411): Illuminate/Database/Connection->run()
#11 C:/Users/MSI/Desktop/projet cote serveur/stock-management/vendor/laravel/framework/src/Illuminate/Database/Query/Builder.php(3505): Illuminate/Database/Connection->select()
#12 C:/Users/MSI/Desktop/projet cote serveur/stock-management/vendor/laravel/framework/src/Illuminate/Database/Query/Builder.php(3490): Illuminate/Database/Query/Builder->runSelect()
#13 C:/Users/MSI/Desktop/projet cote serveur/stock-management/vendor/laravel/framework/src/Illuminate/Database/Query/Builder.php(4080): Illuminate/Database/Query/Builder->Illuminate/Database/Query/{closure}()
#14 C:/Users/MSI/Desktop/projet cote serveur/stock-management/vendor/laravel/framework/src/Illuminate/Database/Query/Builder.php(3489): Illuminate/Database/Query/Builder->onceWithColumns()
#15 C:/Users/MSI/Desktop/projet cote serveur/stock-management/vendor/laravel/framework/src/Illuminate/Database/Concerns/BuildsQueries.php(366): Illuminate/Database/Query/Builder->get()
#16 C:/Users/MSI/Desktop/projet cote serveur/stock-management/vendor/laravel/framework/src/Illuminate/Database/Query/Builder.php(3412): Illuminate/Database/Query/Builder->first()
#17 C:/Users/MSI/Desktop/projet cote serveur/stock-management/vendor/laravel/framework/src/Illuminate/Session/DatabaseSessionHandler.php(96): Illuminate/Database/Query/Builder->find()
#18 C:/Users/MSI/Desktop/projet cote serveur/stock-management/vendor/laravel/framework/src/Illuminate/Session/Store.php(128): Illuminate/Session/DatabaseSessionHandler->read()
#19 C:/Users/MSI/Desktop/projet cote serveur/stock-management/vendor/laravel/framework/src/Illuminate/Session/Store.php(116): Illuminate/Session/Store->readFromHandler()
#20 C:/Users/MSI/Desktop/projet cote serveur/stock-management/vendor/laravel/framework/src/Illuminate/Session/Store.php(100): Illuminate/Session/Store->loadSession()
#21 C:/Users/MSI/Desktop/projet cote serveur/stock-management/vendor/laravel/framework/src/Illuminate/Session/Middleware/StartSession.php(146): Illuminate/Session/Store->start()
#22 C:/Users/MSI/Desktop/projet cote serveur/stock-management/vendor/laravel/framework/src/Illuminate/Support/helpers.php(393): Illuminate/Session/Middleware/StartSession->Illuminate/Session/Middleware/{closure}()
#23 C:/Users/MSI/Desktop/projet cote serveur/stock-management/vendor/laravel/framework/src/Illuminate/Session/Middleware/StartSession.php(143): tap()
#24 C:/Users/MSI/Desktop/projet cote serveur/stock-management/vendor/laravel/framework/src/Illuminate/Session/Middleware/StartSession.php(115): Illuminate/Session/Middleware/StartSession->startSession()
#25 C:/Users/MSI/Desktop/projet cote serveur/stock-management/vendor/laravel/framework/src/Illuminate/Session/Middleware/StartSession.php(63): Illuminate/Session/Middleware/StartSession->handleStatefulRequest()
#26 C:/Users/MSI/Desktop/projet cote serveur/stock-management/vendor/laravel/framework/src/Illuminate/Pipeline/Pipeline.php(219): Illuminate/Session/Middleware/StartSession->handle()
#27 C:/Users/MSI/Desktop/projet cote serveur/stock-management/vendor/laravel/framework/src/Illuminate/Cookie/Middleware/AddQueuedCookiesToResponse.php(36): Illuminate/Pipeline/Pipeline->Illuminate/Pipeline/{closure}()
#28 C:/Users/MSI/Desktop/projet cote serveur/stock-management/vendor/laravel/framework/src/Illuminate/Pipeline/Pipeline.php(219): Illuminate/Cookie/Middleware/AddQueuedCookiesToResponse->handle()
#29 C:/Users/MSI/Desktop/projet cote serveur/stock-management/vendor/laravel/framework/src/Illuminate/Cookie/Middleware/EncryptCookies.php(74): Illuminate/Pipeline/Pipeline->Illuminate/Pipeline/{closure}()
#30 C:/Users/MSI/Desktop/projet cote serveur/stock-management/vendor/laravel/framework/src/Illuminate/Pipeline/Pipeline.php(219): Illuminate/Cookie/Middleware/EncryptCookies->handle()
#31 C:/Users/MSI/Desktop/projet cote serveur/stock-management/vendor/laravel/framework/src/Illuminate/Pipeline/Pipeline.php(137): Illuminate/Pipeline/Pipeline->Illuminate/Pipeline/{closure}()
#32 C:/Users/MSI/Desktop/projet cote serveur/stock-management/vendor/laravel/framework/src/Illuminate/Routing/Router.php(821): Illuminate/Pipeline/Pipeline->then()
#33 C:/Users/MSI/Desktop/projet cote serveur/stock-management/vendor/laravel/framework/src/Illuminate/Routing/Router.php(800): Illuminate/Routing/Router->runRouteWithinStack()
#34 C:/Users/MSI/Desktop/projet cote serveur/stock-management/vendor/laravel/framework/src/Illuminate/Routing/Router.php(764): Illuminate/Routing/Router->runRoute()
#35 C:/Users/MSI/Desktop/projet cote serveur/stock-management/vendor/laravel/framework/src/Illuminate/Routing/Router.php(753): Illuminate/Routing/Router->dispatchToRoute()
#36 C:/Users/MSI/Desktop/projet cote serveur/stock-management/vendor/laravel/framework/src/Illuminate/Foundation/Http/Kernel.php(200): Illuminate/Routing/Router->dispatch()
#37 C:/Users/MSI/Desktop/projet cote serveur/stock-management/vendor/laravel/framework/src/Illuminate/Pipeline/Pipeline.php(180): Illuminate/Foundation/Http/Kernel->Illuminate/Foundation/Http/{closure}()
#38 C:/Users/MSI/Desktop/projet cote serveur/stock-management/vendor/laravel/framework/src/Illuminate/Foundation/Http/Middleware/TransformsRequest.php(21): Illuminate/Pipeline/Pipeline->Illuminate/Pipeline/{closure}()
#39 C:/Users/MSI/Desktop/projet cote serveur/stock-management/vendor/laravel/framework/src/Illuminate/Foundation/Http/Middleware/ConvertEmptyStringsToNull.php(31): Illuminate/Foundation/Http/Middleware/TransformsRequest->handle()
#40 C:/Users/MSI/Desktop/projet cote serveur/stock-management/vendor/laravel/framework/src/Illuminate/Pipeline/Pipeline.php(219): Illuminate/Foundation/Http/Middleware/ConvertEmptyStringsToNull->handle()
#41 C:/Users/MSI/Desktop/projet cote serveur/stock-management/vendor/laravel/framework/src/Illuminate/Foundation/Http/Middleware/TransformsRequest.php(21): Illuminate/Pipeline/Pipeline->Illuminate/Pipeline/{closure}()
#42 C:/Users/MSI/Desktop/projet cote serveur/stock-management/vendor/laravel/framework/src/Illuminate/Foundation/Http/Middleware/TrimStrings.php(51): Illuminate/Foundation/Http/Middleware/TransformsRequest->handle()
#43 C:/Users/MSI/Desktop/projet cote serveur/stock-management/vendor/laravel/framework/src/Illuminate/Pipeline/Pipeline.php(219): Illuminate/Foundation/Http/Middleware/TrimStrings->handle()
#44 C:/Users/MSI/Desktop/projet cote serveur/stock-management/vendor/laravel/framework/src/Illuminate/Http/Middleware/ValidatePostSize.php(27): Illuminate/Pipeline/Pipeline->Illuminate/Pipeline/{closure}()
#45 C:/Users/MSI/Desktop/projet cote serveur/stock-management/vendor/laravel/framework/src/Illuminate/Pipeline/Pipeline.php(219): Illuminate/Http/Middleware/ValidatePostSize->handle()
#46 C:/Users/MSI/Desktop/projet cote serveur/stock-management/vendor/laravel/framework/src/Illuminate/Foundation/Http/Middleware/PreventRequestsDuringMaintenance.php(109): Illuminate/Pipeline/Pipeline->Illuminate/Pipeline/{closure}()
#47 C:/Users/MSI/Desktop/projet cote serveur/stock-management/vendor/laravel/framework/src/Illuminate/Pipeline/Pipeline.php(219): Illuminate/Foundation/Http/Middleware/PreventRequestsDuringMaintenance->handle()
#48 C:/Users/MSI/Desktop/projet cote serveur/stock-management/vendor/laravel/framework/src/Illuminate/Http/Middleware/HandleCors.php(61): Illuminate/Pipeline/Pipeline->Illuminate/Pipeline/{closure}()
#49 C:/Users/MSI/Desktop/projet cote serveur/stock-management/vendor/laravel/framework/src/Illuminate/Pipeline/Pipeline.php(219): Illuminate/Http/Middleware/HandleCors->handle()
#50 C:/Users/MSI/Desktop/projet cote serveur/stock-management/vendor/laravel/framework/src/Illuminate/Http/Middleware/TrustProxies.php(58): Illuminate/Pipeline/Pipeline->Illuminate/Pipeline/{closure}()
#51 C:/Users/MSI/Desktop/projet cote serveur/stock-management/vendor/laravel/framework/src/Illuminate/Pipeline/Pipeline.php(219): Illuminate/Http/Middleware/TrustProxies->handle()
#52 C:/Users/MSI/Desktop/projet cote serveur/stock-management/vendor/laravel/framework/src/Illuminate/Foundation/Http/Middleware/InvokeDeferredCallbacks.php(22): Illuminate/Pipeline/Pipeline->Illuminate/Pipeline/{closure}()
#53 C:/Users/MSI/Desktop/projet cote serveur/stock-management/vendor/laravel/framework/src/Illuminate/Pipeline/Pipeline.php(219): Illuminate/Foundation/Http/Middleware/InvokeDeferredCallbacks->handle()
#54 C:/Users/MSI/Desktop/projet cote serveur/stock-management/vendor/laravel/framework/src/Illuminate/Http/Middleware/ValidatePathEncoding.php(26): Illuminate/Pipeline/Pipeline->Illuminate/Pipeline/{closure}()
#55 C:/Users/MSI/Desktop/projet cote serveur/stock-management/vendor/laravel/framework/src/Illuminate/Pipeline/Pipeline.php(219): Illuminate/Http/Middleware/ValidatePathEncoding->handle()
#56 C:/Users/MSI/Desktop/projet cote serveur/stock-management/vendor/laravel/framework/src/Illuminate/Pipeline/Pipeline.php(137): Illuminate/Pipeline/Pipeline->Illuminate/Pipeline/{closure}()
#57 C:/Users/MSI/Desktop/projet cote serveur/stock-management/vendor/laravel/framework/src/Illuminate/Foundation/Http/Kernel.php(175): Illuminate/Pipeline/Pipeline->then()
#58 C:/Users/MSI/Desktop/projet cote serveur/stock-management/vendor/laravel/framework/src/Illuminate/Foundation/Http/Kernel.php(144): Illuminate/Foundation/Http/Kernel->sendRequestThroughRouter()
#59 C:/Users/MSI/Desktop/projet cote serveur/stock-management/vendor/laravel/framework/src/Illuminate/Foundation/Application.php(1220): Illuminate/Foundation/Http/Kernel->handle()
#60 C:/Users/MSI/Desktop/projet cote serveur/stock-management/public/index.php(17): Illuminate/Foundation/Application->handleRequest()
#61 C:/Users/MSI/Desktop/projet cote serveur/stock-management/vendor/laravel/framework/src/Illuminate/Foundation/resources/server.php(23): require_once('...')
#62 {main}
"} 
[2026-04-28 10:15:44] local.ERROR: could not find driver (Connection: sqlite, Database: C:\Users\MSI\Desktop\projet cote serveur\stock-management\database\database.sqlite, SQL: select * from "sessions" where "id" = l8FM0IZPsxd2d11Ysw7dFlWLFFDtiYdTFz4e6S2B limit 1) {"exception":"[object] (Illuminate\\Database\\QueryException(code: 0): could not find driver (Connection: sqlite, Database: C:\\Users\\MSI\\Desktop\\projet cote serveur\\stock-management\\database\\database.sqlite, SQL: select * from \"sessions\" where \"id\" = l8FM0IZPsxd2d11Ysw7dFlWLFFDtiYdTFz4e6S2B limit 1) at C:/Users/MSI/Desktop/projet cote serveur/stock-management/vendor/laravel/framework/src/Illuminate/Database/Connection.php:838)
[stacktrace]
#0 C:/Users/MSI/Desktop/projet cote serveur/stock-management/vendor/laravel/framework/src/Illuminate/Database/Connection.php(794): Illuminate/Database/Connection->runQueryCallback()
#1 C:/Users/MSI/Desktop/projet cote serveur/stock-management/vendor/laravel/framework/src/Illuminate/Database/Connection.php(411): Illuminate/Database/Connection->run()
#2 C:/Users/MSI/Desktop/projet cote serveur/stock-management/vendor/laravel/framework/src/Illuminate/Database/Query/Builder.php(3505): Illuminate/Database/Connection->select()
#3 C:/Users/MSI/Desktop/projet cote serveur/stock-management/vendor/laravel/framework/src/Illuminate/Database/Query/Builder.php(3490): Illuminate/Database/Query/Builder->runSelect()
#4 C:/Users/MSI/Desktop/projet cote serveur/stock-management/vendor/laravel/framework/src/Illuminate/Database/Query/Builder.php(4080): Illuminate/Database/Query/Builder->Illuminate/Database/Query/{closure}()
#5 C:/Users/MSI/Desktop/projet cote serveur/stock-management/vendor/laravel/framework/src/Illuminate/Database/Query/Builder.php(3489): Illuminate/Database/Query/Builder->onceWithColumns()
#6 C:/Users/MSI/Desktop/projet cote serveur/stock-management/vendor/laravel/framework/src/Illuminate/Database/Concerns/BuildsQueries.php(366): Illuminate/Database/Query/Builder->get()
#7 C:/Users/MSI/Desktop/projet cote serveur/stock-management/vendor/laravel/framework/src/Illuminate/Database/Query/Builder.php(3412): Illuminate/Database/Query/Builder->first()
#8 C:/Users/MSI/Desktop/projet cote serveur/stock-management/vendor/laravel/framework/src/Illuminate/Session/DatabaseSessionHandler.php(96): Illuminate/Database/Query/Builder->find()
#9 C:/Users/MSI/Desktop/projet cote serveur/stock-management/vendor/laravel/framework/src/Illuminate/Session/Store.php(128): Illuminate/Session/DatabaseSessionHandler->read()
#10 C:/Users/MSI/Desktop/projet cote serveur/stock-management/vendor/laravel/framework/src/Illuminate/Session/Store.php(116): Illuminate/Session/Store->readFromHandler()
#11 C:/Users/MSI/Desktop/projet cote serveur/stock-management/vendor/laravel/framework/src/Illuminate/Session/Store.php(100): Illuminate/Session/Store->loadSession()
#12 C:/Users/MSI/Desktop/projet cote serveur/stock-management/vendor/laravel/framework/src/Illuminate/Session/Middleware/StartSession.php(146): Illuminate/Session/Store->start()
#13 C:/Users/MSI/Desktop/projet cote serveur/stock-management/vendor/laravel/framework/src/Illuminate/Support/helpers.php(393): Illuminate/Session/Middleware/StartSession->Illuminate/Session/Middleware/{closure}()
#14 C:/Users/MSI/Desktop/projet cote serveur/stock-management/vendor/laravel/framework/src/Illuminate/Session/Middleware/StartSession.php(143): tap()
#15 C:/Users/MSI/Desktop/projet cote serveur/stock-management/vendor/laravel/framework/src/Illuminate/Session/Middleware/StartSession.php(115): Illuminate/Session/Middleware/StartSession->startSession()
#16 C:/Users/MSI/Desktop/projet cote serveur/stock-management/vendor/laravel/framework/src/Illuminate/Session/Middleware/StartSession.php(63): Illuminate/Session/Middleware/StartSession->handleStatefulRequest()
#17 C:/Users/MSI/Desktop/projet cote serveur/stock-management/vendor/laravel/framework/src/Illuminate/Pipeline/Pipeline.php(219): Illuminate/Session/Middleware/StartSession->handle()
#18 C:/Users/MSI/Desktop/projet cote serveur/stock-management/vendor/laravel/framework/src/Illuminate/Cookie/Middleware/AddQueuedCookiesToResponse.php(36): Illuminate/Pipeline/Pipeline->Illuminate/Pipeline/{closure}()
#19 C:/Users/MSI/Desktop/projet cote serveur/stock-management/vendor/laravel/framework/src/Illuminate/Pipeline/Pipeline.php(219): Illuminate/Cookie/Middleware/AddQueuedCookiesToResponse->handle()
#20 C:/Users/MSI/Desktop/projet cote serveur/stock-management/vendor/laravel/framework/src/Illuminate/Cookie/Middleware/EncryptCookies.php(74): Illuminate/Pipeline/Pipeline->Illuminate/Pipeline/{closure}()
#21 C:/Users/MSI/Desktop/projet cote serveur/stock-management/vendor/laravel/framework/src/Illuminate/Pipeline/Pipeline.php(219): Illuminate/Cookie/Middleware/EncryptCookies->handle()
#22 C:/Users/MSI/Desktop/projet cote serveur/stock-management/vendor/laravel/framework/src/Illuminate/Pipeline/Pipeline.php(137): Illuminate/Pipeline/Pipeline->Illuminate/Pipeline/{closure}()
#23 C:/Users/MSI/Desktop/projet cote serveur/stock-management/vendor/laravel/framework/src/Illuminate/Routing/Router.php(821): Illuminate/Pipeline/Pipeline->then()
#24 C:/Users/MSI/Desktop/projet cote serveur/stock-management/vendor/laravel/framework/src/Illuminate/Routing/Router.php(800): Illuminate/Routing/Router->runRouteWithinStack()
#25 C:/Users/MSI/Desktop/projet cote serveur/stock-management/vendor/laravel/framework/src/Illuminate/Routing/Router.php(764): Illuminate/Routing/Router->runRoute()
#26 C:/Users/MSI/Desktop/projet cote serveur/stock-management/vendor/laravel/framework/src/Illuminate/Routing/Router.php(753): Illuminate/Routing/Router->dispatchToRoute()
#27 C:/Users/MSI/Desktop/projet cote serveur/stock-management/vendor/laravel/framework/src/Illuminate/Foundation/Http/Kernel.php(200): Illuminate/Routing/Router->dispatch()
#28 C:/Users/MSI/Desktop/projet cote serveur/stock-management/vendor/laravel/framework/src/Illuminate/Pipeline/Pipeline.php(180): Illuminate/Foundation/Http/Kernel->Illuminate/Foundation/Http/{closure}()
#29 C:/Users/MSI/Desktop/projet cote serveur/stock-management/vendor/laravel/framework/src/Illuminate/Foundation/Http/Middleware/TransformsRequest.php(21): Illuminate/Pipeline/Pipeline->Illuminate/Pipeline/{closure}()
#30 C:/Users/MSI/Desktop/projet cote serveur/stock-management/vendor/laravel/framework/src/Illuminate/Foundation/Http/Middleware/ConvertEmptyStringsToNull.php(31): Illuminate/Foundation/Http/Middleware/TransformsRequest->handle()
#31 C:/Users/MSI/Desktop/projet cote serveur/stock-management/vendor/laravel/framework/src/Illuminate/Pipeline/Pipeline.php(219): Illuminate/Foundation/Http/Middleware/ConvertEmptyStringsToNull->handle()
#32 C:/Users/MSI/Desktop/projet cote serveur/stock-management/vendor/laravel/framework/src/Illuminate/Foundation/Http/Middleware/TransformsRequest.php(21): Illuminate/Pipeline/Pipeline->Illuminate/Pipeline/{closure}()
#33 C:/Users/MSI/Desktop/projet cote serveur/stock-management/vendor/laravel/framework/src/Illuminate/Foundation/Http/Middleware/TrimStrings.php(51): Illuminate/Foundation/Http/Middleware/TransformsRequest->handle()
#34 C:/Users/MSI/Desktop/projet cote serveur/stock-management/vendor/laravel/framework/src/Illuminate/Pipeline/Pipeline.php(219): Illuminate/Foundation/Http/Middleware/TrimStrings->handle()
#35 C:/Users/MSI/Desktop/projet cote serveur/stock-management/vendor/laravel/framework/src/Illuminate/Http/Middleware/ValidatePostSize.php(27): Illuminate/Pipeline/Pipeline->Illuminate/Pipeline/{closure}()
#36 C:/Users/MSI/Desktop/projet cote serveur/stock-management/vendor/laravel/framework/src/Illuminate/Pipeline/Pipeline.php(219): Illuminate/Http/Middleware/ValidatePostSize->handle()
#37 C:/Users/MSI/Desktop/projet cote serveur/stock-management/vendor/laravel/framework/src/Illuminate/Foundation/Http/Middleware/PreventRequestsDuringMaintenance.php(109): Illuminate/Pipeline/Pipeline->Illuminate/Pipeline/{closure}()
#38 C:/Users/MSI/Desktop/projet cote serveur/stock-management/vendor/laravel/framework/src/Illuminate/Pipeline/Pipeline.php(219): Illuminate/Foundation/Http/Middleware/PreventRequestsDuringMaintenance->handle()
#39 C:/Users/MSI/Desktop/projet cote serveur/stock-management/vendor/laravel/framework/src/Illuminate/Http/Middleware/HandleCors.php(61): Illuminate/Pipeline/Pipeline->Illuminate/Pipeline/{closure}()
#40 C:/Users/MSI/Desktop/projet cote serveur/stock-management/vendor/laravel/framework/src/Illuminate/Pipeline/Pipeline.php(219): Illuminate/Http/Middleware/HandleCors->handle()
#41 C:/Users/MSI/Desktop/projet cote serveur/stock-management/vendor/laravel/framework/src/Illuminate/Http/Middleware/TrustProxies.php(58): Illuminate/Pipeline/Pipeline->Illuminate/Pipeline/{closure}()
#42 C:/Users/MSI/Desktop/projet cote serveur/stock-management/vendor/laravel/framework/src/Illuminate/Pipeline/Pipeline.php(219): Illuminate/Http/Middleware/TrustProxies->handle()
#43 C:/Users/MSI/Desktop/projet cote serveur/stock-management/vendor/laravel/framework/src/Illuminate/Foundation/Http/Middleware/InvokeDeferredCallbacks.php(22): Illuminate/Pipeline/Pipeline->Illuminate/Pipeline/{closure}()
#44 C:/Users/MSI/Desktop/projet cote serveur/stock-management/vendor/laravel/framework/src/Illuminate/Pipeline/Pipeline.php(219): Illuminate/Foundation/Http/Middleware/InvokeDeferredCallbacks->handle()
#45 C:/Users/MSI/Desktop/projet cote serveur/stock-management/vendor/laravel/framework/src/Illuminate/Http/Middleware/ValidatePathEncoding.php(26): Illuminate/Pipeline/Pipeline->Illuminate/Pipeline/{closure}()
#46 C:/Users/MSI/Desktop/projet cote serveur/stock-management/vendor/laravel/framework/src/Illuminate/Pipeline/Pipeline.php(219): Illuminate/Http/Middleware/ValidatePathEncoding->handle()
#47 C:/Users/MSI/Desktop/projet cote serveur/stock-management/vendor/laravel/framework/src/Illuminate/Pipeline/Pipeline.php(137): Illuminate/Pipeline/Pipeline->Illuminate/Pipeline/{closure}()
#48 C:/Users/MSI/Desktop/projet cote serveur/stock-management/vendor/laravel/framework/src/Illuminate/Foundation/Http/Kernel.php(175): Illuminate/Pipeline/Pipeline->then()
#49 C:/Users/MSI/Desktop/projet cote serveur/stock-management/vendor/laravel/framework/src/Illuminate/Foundation/Http/Kernel.php(144): Illuminate/Foundation/Http/Kernel->sendRequestThroughRouter()
#50 C:/Users/MSI/Desktop/projet cote serveur/stock-management/vendor/laravel/framework/src/Illuminate/Foundation/Application.php(1220): Illuminate/Foundation/Http/Kernel->handle()
#51 C:/Users/MSI/Desktop/projet cote serveur/stock-management/public/index.php(17): Illuminate/Foundation/Application->handleRequest()
#52 C:/Users/MSI/Desktop/projet cote serveur/stock-management/vendor/laravel/framework/src/Illuminate/Foundation/resources/server.php(23): require_once('...')
#53 {main}

[previous exception] [object] (PDOException(code: 0): could not find driver at C:/Users/MSI/Desktop/projet cote serveur/stock-management/vendor/laravel/framework/src/Illuminate/Database/Connectors/Connector.php:66)
[stacktrace]
#0 C:/Users/MSI/Desktop/projet cote serveur/stock-management/vendor/laravel/framework/src/Illuminate/Database/Connectors/Connector.php(66): PDO->__construct()
#1 C:/Users/MSI/Desktop/projet cote serveur/stock-management/vendor/laravel/framework/src/Illuminate/Database/Connectors/Connector.php(44): Illuminate/Database/Connectors/Connector->createPdoConnection()
#2 C:/Users/MSI/Desktop/projet cote serveur/stock-management/vendor/laravel/framework/src/Illuminate/Database/Connectors/SQLiteConnector.php(21): Illuminate/Database/Connectors/Connector->createConnection()
#3 C:/Users/MSI/Desktop/projet cote serveur/stock-management/vendor/laravel/framework/src/Illuminate/Database/Connectors/ConnectionFactory.php(225): Illuminate/Database/Connectors/SQLiteConnector->connect()
#4 [internal function]: Illuminate/Database/Connectors/ConnectionFactory->Illuminate/Database/Connectors/{closure}()
#5 C:/Users/MSI/Desktop/projet cote serveur/stock-management/vendor/laravel/framework/src/Illuminate/Database/Connection.php(1257): call_user_func()
#6 C:/Users/MSI/Desktop/projet cote serveur/stock-management/vendor/laravel/framework/src/Illuminate/Database/Connection.php(525): Illuminate/Database/Connection->getPdo()
#7 C:/Users/MSI/Desktop/projet cote serveur/stock-management/vendor/laravel/framework/src/Illuminate/Database/Connection.php(420): Illuminate/Database/Connection->getPdoForSelect()
#8 C:/Users/MSI/Desktop/projet cote serveur/stock-management/vendor/laravel/framework/src/Illuminate/Database/Connection.php(827): Illuminate/Database/Connection->Illuminate/Database/{closure}()
#9 C:/Users/MSI/Desktop/projet cote serveur/stock-management/vendor/laravel/framework/src/Illuminate/Database/Connection.php(794): Illuminate/Database/Connection->runQueryCallback()
#10 C:/Users/MSI/Desktop/projet cote serveur/stock-management/vendor/laravel/framework/src/Illuminate/Database/Connection.php(411): Illuminate/Database/Connection->run()
#11 C:/Users/MSI/Desktop/projet cote serveur/stock-management/vendor/laravel/framework/src/Illuminate/Database/Query/Builder.php(3505): Illuminate/Database/Connection->select()
#12 C:/Users/MSI/Desktop/projet cote serveur/stock-management/vendor/laravel/framework/src/Illuminate/Database/Query/Builder.php(3490): Illuminate/Database/Query/Builder->runSelect()
#13 C:/Users/MSI/Desktop/projet cote serveur/stock-management/vendor/laravel/framework/src/Illuminate/Database/Query/Builder.php(4080): Illuminate/Database/Query/Builder->Illuminate/Database/Query/{closure}()
#14 C:/Users/MSI/Desktop/projet cote serveur/stock-management/vendor/laravel/framework/src/Illuminate/Database/Query/Builder.php(3489): Illuminate/Database/Query/Builder->onceWithColumns()
#15 C:/Users/MSI/Desktop/projet cote serveur/stock-management/vendor/laravel/framework/src/Illuminate/Database/Concerns/BuildsQueries.php(366): Illuminate/Database/Query/Builder->get()
#16 C:/Users/MSI/Desktop/projet cote serveur/stock-management/vendor/laravel/framework/src/Illuminate/Database/Query/Builder.php(3412): Illuminate/Database/Query/Builder->first()
#17 C:/Users/MSI/Desktop/projet cote serveur/stock-management/vendor/laravel/framework/src/Illuminate/Session/DatabaseSessionHandler.php(96): Illuminate/Database/Query/Builder->find()
#18 C:/Users/MSI/Desktop/projet cote serveur/stock-management/vendor/laravel/framework/src/Illuminate/Session/Store.php(128): Illuminate/Session/DatabaseSessionHandler->read()
#19 C:/Users/MSI/Desktop/projet cote serveur/stock-management/vendor/laravel/framework/src/Illuminate/Session/Store.php(116): Illuminate/Session/Store->readFromHandler()
#20 C:/Users/MSI/Desktop/projet cote serveur/stock-management/vendor/laravel/framework/src/Illuminate/Session/Store.php(100): Illuminate/Session/Store->loadSession()
#21 C:/Users/MSI/Desktop/projet cote serveur/stock-management/vendor/laravel/framework/src/Illuminate/Session/Middleware/StartSession.php(146): Illuminate/Session/Store->start()
#22 C:/Users/MSI/Desktop/projet cote serveur/stock-management/vendor/laravel/framework/src/Illuminate/Support/helpers.php(393): Illuminate/Session/Middleware/StartSession->Illuminate/Session/Middleware/{closure}()
#23 C:/Users/MSI/Desktop/projet cote serveur/stock-management/vendor/laravel/framework/src/Illuminate/Session/Middleware/StartSession.php(143): tap()
#24 C:/Users/MSI/Desktop/projet cote serveur/stock-management/vendor/laravel/framework/src/Illuminate/Session/Middleware/StartSession.php(115): Illuminate/Session/Middleware/StartSession->startSession()
#25 C:/Users/MSI/Desktop/projet cote serveur/stock-management/vendor/laravel/framework/src/Illuminate/Session/Middleware/StartSession.php(63): Illuminate/Session/Middleware/StartSession->handleStatefulRequest()
#26 C:/Users/MSI/Desktop/projet cote serveur/stock-management/vendor/laravel/framework/src/Illuminate/Pipeline/Pipeline.php(219): Illuminate/Session/Middleware/StartSession->handle()
#27 C:/Users/MSI/Desktop/projet cote serveur/stock-management/vendor/laravel/framework/src/Illuminate/Cookie/Middleware/AddQueuedCookiesToResponse.php(36): Illuminate/Pipeline/Pipeline->Illuminate/Pipeline/{closure}()
#28 C:/Users/MSI/Desktop/projet cote serveur/stock-management/vendor/laravel/framework/src/Illuminate/Pipeline/Pipeline.php(219): Illuminate/Cookie/Middleware/AddQueuedCookiesToResponse->handle()
#29 C:/Users/MSI/Desktop/projet cote serveur/stock-management/vendor/laravel/framework/src/Illuminate/Cookie/Middleware/EncryptCookies.php(74): Illuminate/Pipeline/Pipeline->Illuminate/Pipeline/{closure}()
#30 C:/Users/MSI/Desktop/projet cote serveur/stock-management/vendor/laravel/framework/src/Illuminate/Pipeline/Pipeline.php(219): Illuminate/Cookie/Middleware/EncryptCookies->handle()
#31 C:/Users/MSI/Desktop/projet cote serveur/stock-management/vendor/laravel/framework/src/Illuminate/Pipeline/Pipeline.php(137): Illuminate/Pipeline/Pipeline->Illuminate/Pipeline/{closure}()
#32 C:/Users/MSI/Desktop/projet cote serveur/stock-management/vendor/laravel/framework/src/Illuminate/Routing/Router.php(821): Illuminate/Pipeline/Pipeline->then()
#33 C:/Users/MSI/Desktop/projet cote serveur/stock-management/vendor/laravel/framework/src/Illuminate/Routing/Router.php(800): Illuminate/Routing/Router->runRouteWithinStack()
#34 C:/Users/MSI/Desktop/projet cote serveur/stock-management/vendor/laravel/framework/src/Illuminate/Routing/Router.php(764): Illuminate/Routing/Router->runRoute()
#35 C:/Users/MSI/Desktop/projet cote serveur/stock-management/vendor/laravel/framework/src/Illuminate/Routing/Router.php(753): Illuminate/Routing/Router->dispatchToRoute()
#36 C:/Users/MSI/Desktop/projet cote serveur/stock-management/vendor/laravel/framework/src/Illuminate/Foundation/Http/Kernel.php(200): Illuminate/Routing/Router->dispatch()
#37 C:/Users/MSI/Desktop/projet cote serveur/stock-management/vendor/laravel/framework/src/Illuminate/Pipeline/Pipeline.php(180): Illuminate/Foundation/Http/Kernel->Illuminate/Foundation/Http/{closure}()
#38 C:/Users/MSI/Desktop/projet cote serveur/stock-management/vendor/laravel/framework/src/Illuminate/Foundation/Http/Middleware/TransformsRequest.php(21): Illuminate/Pipeline/Pipeline->Illuminate/Pipeline/{closure}()
#39 C:/Users/MSI/Desktop/projet cote serveur/stock-management/vendor/laravel/framework/src/Illuminate/Foundation/Http/Middleware/ConvertEmptyStringsToNull.php(31): Illuminate/Foundation/Http/Middleware/TransformsRequest->handle()
#40 C:/Users/MSI/Desktop/projet cote serveur/stock-management/vendor/laravel/framework/src/Illuminate/Pipeline/Pipeline.php(219): Illuminate/Foundation/Http/Middleware/ConvertEmptyStringsToNull->handle()
#41 C:/Users/MSI/Desktop/projet cote serveur/stock-management/vendor/laravel/framework/src/Illuminate/Foundation/Http/Middleware/TransformsRequest.php(21): Illuminate/Pipeline/Pipeline->Illuminate/Pipeline/{closure}()
#42 C:/Users/MSI/Desktop/projet cote serveur/stock-management/vendor/laravel/framework/src/Illuminate/Foundation/Http/Middleware/TrimStrings.php(51): Illuminate/Foundation/Http/Middleware/TransformsRequest->handle()
#43 C:/Users/MSI/Desktop/projet cote serveur/stock-management/vendor/laravel/framework/src/Illuminate/Pipeline/Pipeline.php(219): Illuminate/Foundation/Http/Middleware/TrimStrings->handle()
#44 C:/Users/MSI/Desktop/projet cote serveur/stock-management/vendor/laravel/framework/src/Illuminate/Http/Middleware/ValidatePostSize.php(27): Illuminate/Pipeline/Pipeline->Illuminate/Pipeline/{closure}()
#45 C:/Users/MSI/Desktop/projet cote serveur/stock-management/vendor/laravel/framework/src/Illuminate/Pipeline/Pipeline.php(219): Illuminate/Http/Middleware/ValidatePostSize->handle()
#46 C:/Users/MSI/Desktop/projet cote serveur/stock-management/vendor/laravel/framework/src/Illuminate/Foundation/Http/Middleware/PreventRequestsDuringMaintenance.php(109): Illuminate/Pipeline/Pipeline->Illuminate/Pipeline/{closure}()
#47 C:/Users/MSI/Desktop/projet cote serveur/stock-management/vendor/laravel/framework/src/Illuminate/Pipeline/Pipeline.php(219): Illuminate/Foundation/Http/Middleware/PreventRequestsDuringMaintenance->handle()
#48 C:/Users/MSI/Desktop/projet cote serveur/stock-management/vendor/laravel/framework/src/Illuminate/Http/Middleware/HandleCors.php(61): Illuminate/Pipeline/Pipeline->Illuminate/Pipeline/{closure}()
#49 C:/Users/MSI/Desktop/projet cote serveur/stock-management/vendor/laravel/framework/src/Illuminate/Pipeline/Pipeline.php(219): Illuminate/Http/Middleware/HandleCors->handle()
#50 C:/Users/MSI/Desktop/projet cote serveur/stock-management/vendor/laravel/framework/src/Illuminate/Http/Middleware/TrustProxies.php(58): Illuminate/Pipeline/Pipeline->Illuminate/Pipeline/{closure}()
#51 C:/Users/MSI/Desktop/projet cote serveur/stock-management/vendor/laravel/framework/src/Illuminate/Pipeline/Pipeline.php(219): Illuminate/Http/Middleware/TrustProxies->handle()
#52 C:/Users/MSI/Desktop/projet cote serveur/stock-management/vendor/laravel/framework/src/Illuminate/Foundation/Http/Middleware/InvokeDeferredCallbacks.php(22): Illuminate/Pipeline/Pipeline->Illuminate/Pipeline/{closure}()
#53 C:/Users/MSI/Desktop/projet cote serveur/stock-management/vendor/laravel/framework/src/Illuminate/Pipeline/Pipeline.php(219): Illuminate/Foundation/Http/Middleware/InvokeDeferredCallbacks->handle()
#54 C:/Users/MSI/Desktop/projet cote serveur/stock-management/vendor/laravel/framework/src/Illuminate/Http/Middleware/ValidatePathEncoding.php(26): Illuminate/Pipeline/Pipeline->Illuminate/Pipeline/{closure}()
#55 C:/Users/MSI/Desktop/projet cote serveur/stock-management/vendor/laravel/framework/src/Illuminate/Pipeline/Pipeline.php(219): Illuminate/Http/Middleware/ValidatePathEncoding->handle()
#56 C:/Users/MSI/Desktop/projet cote serveur/stock-management/vendor/laravel/framework/src/Illuminate/Pipeline/Pipeline.php(137): Illuminate/Pipeline/Pipeline->Illuminate/Pipeline/{closure}()
#57 C:/Users/MSI/Desktop/projet cote serveur/stock-management/vendor/laravel/framework/src/Illuminate/Foundation/Http/Kernel.php(175): Illuminate/Pipeline/Pipeline->then()
#58 C:/Users/MSI/Desktop/projet cote serveur/stock-management/vendor/laravel/framework/src/Illuminate/Foundation/Http/Kernel.php(144): Illuminate/Foundation/Http/Kernel->sendRequestThroughRouter()
#59 C:/Users/MSI/Desktop/projet cote serveur/stock-management/vendor/laravel/framework/src/Illuminate/Foundation/Application.php(1220): Illuminate/Foundation/Http/Kernel->handle()
#60 C:/Users/MSI/Desktop/projet cote serveur/stock-management/public/index.php(17): Illuminate/Foundation/Application->handleRequest()
#61 C:/Users/MSI/Desktop/projet cote serveur/stock-management/vendor/laravel/framework/src/Illuminate/Foundation/resources/server.php(23): require_once('...')
#62 {main}
"} 
[2026-04-28 10:15:55] local.ERROR: could not find driver (Connection: sqlite, Database: C:\Users\MSI\Desktop\projet cote serveur\stock-management\database\database.sqlite, SQL: select exists (select 1 from "main".sqlite_master where name = 'migrations' and type = 'table') as "exists") {"exception":"[object] (Illuminate\\Database\\QueryException(code: 0): could not find driver (Connection: sqlite, Database: C:\\Users\\MSI\\Desktop\\projet cote serveur\\stock-management\\database\\database.sqlite, SQL: select exists (select 1 from \"main\".sqlite_master where name = 'migrations' and type = 'table') as \"exists\") at C:/Users/MSI/Desktop/projet cote serveur/stock-management/vendor/laravel/framework/src/Illuminate/Database/Connection.php:838)
[stacktrace]
#0 C:/Users/MSI/Desktop/projet cote serveur/stock-management/vendor/laravel/framework/src/Illuminate/Database/Connection.php(794): Illuminate/Database/Connection->runQueryCallback()
#1 C:/Users/MSI/Desktop/projet cote serveur/stock-management/vendor/laravel/framework/src/Illuminate/Database/Connection.php(411): Illuminate/Database/Connection->run()
#2 C:/Users/MSI/Desktop/projet cote serveur/stock-management/vendor/laravel/framework/src/Illuminate/Database/Connection.php(357): Illuminate/Database/Connection->select()
#3 C:/Users/MSI/Desktop/projet cote serveur/stock-management/vendor/laravel/framework/src/Illuminate/Database/Connection.php(374): Illuminate/Database/Connection->selectOne()
#4 C:/Users/MSI/Desktop/projet cote serveur/stock-management/vendor/laravel/framework/src/Illuminate/Database/Schema/Builder.php(176): Illuminate/Database/Connection->scalar()
#5 C:/Users/MSI/Desktop/projet cote serveur/stock-management/vendor/laravel/framework/src/Illuminate/Database/Migrations/DatabaseMigrationRepository.php(185): Illuminate/Database/Schema/Builder->hasTable()
#6 C:/Users/MSI/Desktop/projet cote serveur/stock-management/vendor/laravel/framework/src/Illuminate/Database/Migrations/Migrator.php(758): Illuminate/Database/Migrations/DatabaseMigrationRepository->repositoryExists()
#7 C:/Users/MSI/Desktop/projet cote serveur/stock-management/vendor/laravel/framework/src/Illuminate/Database/Console/Migrations/MigrateCommand.php(164): Illuminate/Database/Migrations/Migrator->repositoryExists()
#8 C:/Users/MSI/Desktop/projet cote serveur/stock-management/vendor/laravel/framework/src/Illuminate/Support/helpers.php(328): Illuminate/Database/Console/Migrations/MigrateCommand->Illuminate/Database/Console/Migrations/{closure}()
#9 C:/Users/MSI/Desktop/projet cote serveur/stock-management/vendor/laravel/framework/src/Illuminate/Database/Console/Migrations/MigrateCommand.php(164): retry()
#10 C:/Users/MSI/Desktop/projet cote serveur/stock-management/vendor/laravel/framework/src/Illuminate/Database/Console/Migrations/MigrateCommand.php(140): Illuminate/Database/Console/Migrations/MigrateCommand->repositoryExists()
#11 C:/Users/MSI/Desktop/projet cote serveur/stock-management/vendor/laravel/framework/src/Illuminate/Database/Console/Migrations/MigrateCommand.php(110): Illuminate/Database/Console/Migrations/MigrateCommand->prepareDatabase()
#12 C:/Users/MSI/Desktop/projet cote serveur/stock-management/vendor/laravel/framework/src/Illuminate/Database/Migrations/Migrator.php(671): Illuminate/Database/Console/Migrations/MigrateCommand->Illuminate/Database/Console/Migrations/{closure}()
#13 C:/Users/MSI/Desktop/projet cote serveur/stock-management/vendor/laravel/framework/src/Illuminate/Database/Console/Migrations/MigrateCommand.php(109): Illuminate/Database/Migrations/Migrator->usingConnection()
#14 C:/Users/MSI/Desktop/projet cote serveur/stock-management/vendor/laravel/framework/src/Illuminate/Database/Console/Migrations/MigrateCommand.php(88): Illuminate/Database/Console/Migrations/MigrateCommand->runMigrations()
#15 C:/Users/MSI/Desktop/projet cote serveur/stock-management/vendor/laravel/framework/src/Illuminate/Container/BoundMethod.php(36): Illuminate/Database/Console/Migrations/MigrateCommand->handle()
#16 C:/Users/MSI/Desktop/projet cote serveur/stock-management/vendor/laravel/framework/src/Illuminate/Container/Util.php(43): Illuminate/Container/BoundMethod::Illuminate/Container/{closure}()
#17 C:/Users/MSI/Desktop/projet cote serveur/stock-management/vendor/laravel/framework/src/Illuminate/Container/BoundMethod.php(96): Illuminate/Container/Util::unwrapIfClosure()
#18 C:/Users/MSI/Desktop/projet cote serveur/stock-management/vendor/laravel/framework/src/Illuminate/Container/BoundMethod.php(35): Illuminate/Container/BoundMethod::callBoundMethod()
#19 C:/Users/MSI/Desktop/projet cote serveur/stock-management/vendor/laravel/framework/src/Illuminate/Container/Container.php(799): Illuminate/Container/BoundMethod::call()
#20 C:/Users/MSI/Desktop/projet cote serveur/stock-management/vendor/laravel/framework/src/Illuminate/Console/Command.php(211): Illuminate/Container/Container->call()
#21 C:/Users/MSI/Desktop/projet cote serveur/stock-management/vendor/symfony/console/Command/Command.php(341): Illuminate/Console/Command->execute()
#22 C:/Users/MSI/Desktop/projet cote serveur/stock-management/vendor/laravel/framework/src/Illuminate/Console/Command.php(180): Symfony/Component/Console/Command/Command->run()
#23 C:/Users/MSI/Desktop/projet cote serveur/stock-management/vendor/symfony/console/Application.php(1117): Illuminate/Console/Command->run()
#24 C:/Users/MSI/Desktop/projet cote serveur/stock-management/vendor/symfony/console/Application.php(356): Symfony/Component/Console/Application->doRunCommand()
#25 C:/Users/MSI/Desktop/projet cote serveur/stock-management/vendor/symfony/console/Application.php(195): Symfony/Component/Console/Application->doRun()
#26 C:/Users/MSI/Desktop/projet cote serveur/stock-management/vendor/laravel/framework/src/Illuminate/Foundation/Console/Kernel.php(198): Symfony/Component/Console/Application->run()
#27 C:/Users/MSI/Desktop/projet cote serveur/stock-management/vendor/laravel/framework/src/Illuminate/Foundation/Application.php(1235): Illuminate/Foundation/Console/Kernel->handle()
#28 C:/Users/MSI/Desktop/projet cote serveur/stock-management/artisan(13): Illuminate/Foundation/Application->handleCommand()
#29 {main}

[previous exception] [object] (PDOException(code: 0): could not find driver at C:/Users/MSI/Desktop/projet cote serveur/stock-management/vendor/laravel/framework/src/Illuminate/Database/Connectors/Connector.php:66)
[stacktrace]
#0 C:/Users/MSI/Desktop/projet cote serveur/stock-management/vendor/laravel/framework/src/Illuminate/Database/Connectors/Connector.php(66): PDO->__construct()
#1 C:/Users/MSI/Desktop/projet cote serveur/stock-management/vendor/laravel/framework/src/Illuminate/Database/Connectors/Connector.php(44): Illuminate/Database/Connectors/Connector->createPdoConnection()
#2 C:/Users/MSI/Desktop/projet cote serveur/stock-management/vendor/laravel/framework/src/Illuminate/Database/Connectors/SQLiteConnector.php(21): Illuminate/Database/Connectors/Connector->createConnection()
#3 C:/Users/MSI/Desktop/projet cote serveur/stock-management/vendor/laravel/framework/src/Illuminate/Database/Connectors/ConnectionFactory.php(225): Illuminate/Database/Connectors/SQLiteConnector->connect()
#4 [internal function]: Illuminate/Database/Connectors/ConnectionFactory->Illuminate/Database/Connectors/{closure}()
#5 C:/Users/MSI/Desktop/projet cote serveur/stock-management/vendor/laravel/framework/src/Illuminate/Database/Connection.php(1257): call_user_func()
#6 C:/Users/MSI/Desktop/projet cote serveur/stock-management/vendor/laravel/framework/src/Illuminate/Database/Connection.php(1295): Illuminate/Database/Connection->getPdo()
#7 C:/Users/MSI/Desktop/projet cote serveur/stock-management/vendor/laravel/framework/src/Illuminate/Database/Connection.php(525): Illuminate/Database/Connection->getReadPdo()
#8 C:/Users/MSI/Desktop/projet cote serveur/stock-management/vendor/laravel/framework/src/Illuminate/Database/Connection.php(420): Illuminate/Database/Connection->getPdoForSelect()
#9 C:/Users/MSI/Desktop/projet cote serveur/stock-management/vendor/laravel/framework/src/Illuminate/Database/Connection.php(827): Illuminate/Database/Connection->Illuminate/Database/{closure}()
#10 C:/Users/MSI/Desktop/projet cote serveur/stock-management/vendor/laravel/framework/src/Illuminate/Database/Connection.php(794): Illuminate/Database/Connection->runQueryCallback()
#11 C:/Users/MSI/Desktop/projet cote serveur/stock-management/vendor/laravel/framework/src/Illuminate/Database/Connection.php(411): Illuminate/Database/Connection->run()
#12 C:/Users/MSI/Desktop/projet cote serveur/stock-management/vendor/laravel/framework/src/Illuminate/Database/Connection.php(357): Illuminate/Database/Connection->select()
#13 C:/Users/MSI/Desktop/projet cote serveur/stock-management/vendor/laravel/framework/src/Illuminate/Database/Connection.php(374): Illuminate/Database/Connection->selectOne()
#14 C:/Users/MSI/Desktop/projet cote serveur/stock-management/vendor/laravel/framework/src/Illuminate/Database/Schema/Builder.php(176): Illuminate/Database/Connection->scalar()
#15 C:/Users/MSI/Desktop/projet cote serveur/stock-management/vendor/laravel/framework/src/Illuminate/Database/Migrations/DatabaseMigrationRepository.php(185): Illuminate/Database/Schema/Builder->hasTable()
#16 C:/Users/MSI/Desktop/projet cote serveur/stock-management/vendor/laravel/framework/src/Illuminate/Database/Migrations/Migrator.php(758): Illuminate/Database/Migrations/DatabaseMigrationRepository->repositoryExists()
#17 C:/Users/MSI/Desktop/projet cote serveur/stock-management/vendor/laravel/framework/src/Illuminate/Database/Console/Migrations/MigrateCommand.php(164): Illuminate/Database/Migrations/Migrator->repositoryExists()
#18 C:/Users/MSI/Desktop/projet cote serveur/stock-management/vendor/laravel/framework/src/Illuminate/Support/helpers.php(328): Illuminate/Database/Console/Migrations/MigrateCommand->Illuminate/Database/Console/Migrations/{closure}()
#19 C:/Users/MSI/Desktop/projet cote serveur/stock-management/vendor/laravel/framework/src/Illuminate/Database/Console/Migrations/MigrateCommand.php(164): retry()
#20 C:/Users/MSI/Desktop/projet cote serveur/stock-management/vendor/laravel/framework/src/Illuminate/Database/Console/Migrations/MigrateCommand.php(140): Illuminate/Database/Console/Migrations/MigrateCommand->repositoryExists()
#21 C:/Users/MSI/Desktop/projet cote serveur/stock-management/vendor/laravel/framework/src/Illuminate/Database/Console/Migrations/MigrateCommand.php(110): Illuminate/Database/Console/Migrations/MigrateCommand->prepareDatabase()
#22 C:/Users/MSI/Desktop/projet cote serveur/stock-management/vendor/laravel/framework/src/Illuminate/Database/Migrations/Migrator.php(671): Illuminate/Database/Console/Migrations/MigrateCommand->Illuminate/Database/Console/Migrations/{closure}()
#23 C:/Users/MSI/Desktop/projet cote serveur/stock-management/vendor/laravel/framework/src/Illuminate/Database/Console/Migrations/MigrateCommand.php(109): Illuminate/Database/Migrations/Migrator->usingConnection()
#24 C:/Users/MSI/Desktop/projet cote serveur/stock-management/vendor/laravel/framework/src/Illuminate/Database/Console/Migrations/MigrateCommand.php(88): Illuminate/Database/Console/Migrations/MigrateCommand->runMigrations()
#25 C:/Users/MSI/Desktop/projet cote serveur/stock-management/vendor/laravel/framework/src/Illuminate/Container/BoundMethod.php(36): Illuminate/Database/Console/Migrations/MigrateCommand->handle()
#26 C:/Users/MSI/Desktop/projet cote serveur/stock-management/vendor/laravel/framework/src/Illuminate/Container/Util.php(43): Illuminate/Container/BoundMethod::Illuminate/Container/{closure}()
#27 C:/Users/MSI/Desktop/projet cote serveur/stock-management/vendor/laravel/framework/src/Illuminate/Container/BoundMethod.php(96): Illuminate/Container/Util::unwrapIfClosure()
#28 C:/Users/MSI/Desktop/projet cote serveur/stock-management/vendor/laravel/framework/src/Illuminate/Container/BoundMethod.php(35): Illuminate/Container/BoundMethod::callBoundMethod()
#29 C:/Users/MSI/Desktop/projet cote serveur/stock-management/vendor/laravel/framework/src/Illuminate/Container/Container.php(799): Illuminate/Container/BoundMethod::call()
#30 C:/Users/MSI/Desktop/projet cote serveur/stock-management/vendor/laravel/framework/src/Illuminate/Console/Command.php(211): Illuminate/Container/Container->call()
#31 C:/Users/MSI/Desktop/projet cote serveur/stock-management/vendor/symfony/console/Command/Command.php(341): Illuminate/Console/Command->execute()
#32 C:/Users/MSI/Desktop/projet cote serveur/stock-management/vendor/laravel/framework/src/Illuminate/Console/Command.php(180): Symfony/Component/Console/Command/Command->run()
#33 C:/Users/MSI/Desktop/projet cote serveur/stock-management/vendor/symfony/console/Application.php(1117): Illuminate/Console/Command->run()
#34 C:/Users/MSI/Desktop/projet cote serveur/stock-management/vendor/symfony/console/Application.php(356): Symfony/Component/Console/Application->doRunCommand()
#35 C:/Users/MSI/Desktop/projet cote serveur/stock-management/vendor/symfony/console/Application.php(195): Symfony/Component/Console/Application->doRun()
#36 C:/Users/MSI/Desktop/projet cote serveur/stock-management/vendor/laravel/framework/src/Illuminate/Foundation/Console/Kernel.php(198): Symfony/Component/Console/Application->run()
#37 C:/Users/MSI/Desktop/projet cote serveur/stock-management/vendor/laravel/framework/src/Illuminate/Foundation/Application.php(1235): Illuminate/Foundation/Console/Kernel->handle()
#38 C:/Users/MSI/Desktop/projet cote serveur/stock-management/artisan(13): Illuminate/Foundation/Application->handleCommand()
#39 {main}
"} 
[2026-04-28 10:16:42] local.ERROR: could not find driver (Connection: sqlite, Database: C:\Users\MSI\Desktop\projet cote serveur\stock-management\database\database.sqlite, SQL: select * from "sessions" where "id" = sf0mW2gQUGwcgu6XrsMDwtZzCPARGutBGWk4LsfB limit 1) {"exception":"[object] (Illuminate\\Database\\QueryException(code: 0): could not find driver (Connection: sqlite, Database: C:\\Users\\MSI\\Desktop\\projet cote serveur\\stock-management\\database\\database.sqlite, SQL: select * from \"sessions\" where \"id\" = sf0mW2gQUGwcgu6XrsMDwtZzCPARGutBGWk4LsfB limit 1) at C:/Users/MSI/Desktop/projet cote serveur/stock-management/vendor/laravel/framework/src/Illuminate/Database/Connection.php:838)
[stacktrace]
#0 C:/Users/MSI/Desktop/projet cote serveur/stock-management/vendor/laravel/framework/src/Illuminate/Database/Connection.php(794): Illuminate/Database/Connection->runQueryCallback()
#1 C:/Users/MSI/Desktop/projet cote serveur/stock-management/vendor/laravel/framework/src/Illuminate/Database/Connection.php(411): Illuminate/Database/Connection->run()
#2 C:/Users/MSI/Desktop/projet cote serveur/stock-management/vendor/laravel/framework/src/Illuminate/Database/Query/Builder.php(3505): Illuminate/Database/Connection->select()
#3 C:/Users/MSI/Desktop/projet cote serveur/stock-management/vendor/laravel/framework/src/Illuminate/Database/Query/Builder.php(3490): Illuminate/Database/Query/Builder->runSelect()
#4 C:/Users/MSI/Desktop/projet cote serveur/stock-management/vendor/laravel/framework/src/Illuminate/Database/Query/Builder.php(4080): Illuminate/Database/Query/Builder->Illuminate/Database/Query/{closure}()
#5 C:/Users/MSI/Desktop/projet cote serveur/stock-management/vendor/laravel/framework/src/Illuminate/Database/Query/Builder.php(3489): Illuminate/Database/Query/Builder->onceWithColumns()
#6 C:/Users/MSI/Desktop/projet cote serveur/stock-management/vendor/laravel/framework/src/Illuminate/Database/Concerns/BuildsQueries.php(366): Illuminate/Database/Query/Builder->get()
#7 C:/Users/MSI/Desktop/projet cote serveur/stock-management/vendor/laravel/framework/src/Illuminate/Database/Query/Builder.php(3412): Illuminate/Database/Query/Builder->first()
#8 C:/Users/MSI/Desktop/projet cote serveur/stock-management/vendor/laravel/framework/src/Illuminate/Session/DatabaseSessionHandler.php(96): Illuminate/Database/Query/Builder->find()
#9 C:/Users/MSI/Desktop/projet cote serveur/stock-management/vendor/laravel/framework/src/Illuminate/Session/Store.php(128): Illuminate/Session/DatabaseSessionHandler->read()
#10 C:/Users/MSI/Desktop/projet cote serveur/stock-management/vendor/laravel/framework/src/Illuminate/Session/Store.php(116): Illuminate/Session/Store->readFromHandler()
#11 C:/Users/MSI/Desktop/projet cote serveur/stock-management/vendor/laravel/framework/src/Illuminate/Session/Store.php(100): Illuminate/Session/Store->loadSession()
#12 C:/Users/MSI/Desktop/projet cote serveur/stock-management/vendor/laravel/framework/src/Illuminate/Session/Middleware/StartSession.php(146): Illuminate/Session/Store->start()
#13 C:/Users/MSI/Desktop/projet cote serveur/stock-management/vendor/laravel/framework/src/Illuminate/Support/helpers.php(393): Illuminate/Session/Middleware/StartSession->Illuminate/Session/Middleware/{closure}()
#14 C:/Users/MSI/Desktop/projet cote serveur/stock-management/vendor/laravel/framework/src/Illuminate/Session/Middleware/StartSession.php(143): tap()
#15 C:/Users/MSI/Desktop/projet cote serveur/stock-management/vendor/laravel/framework/src/Illuminate/Session/Middleware/StartSession.php(115): Illuminate/Session/Middleware/StartSession->startSession()
#16 C:/Users/MSI/Desktop/projet cote serveur/stock-management/vendor/laravel/framework/src/Illuminate/Session/Middleware/StartSession.php(63): Illuminate/Session/Middleware/StartSession->handleStatefulRequest()
#17 C:/Users/MSI/Desktop/projet cote serveur/stock-management/vendor/laravel/framework/src/Illuminate/Pipeline/Pipeline.php(219): Illuminate/Session/Middleware/StartSession->handle()
#18 C:/Users/MSI/Desktop/projet cote serveur/stock-management/vendor/laravel/framework/src/Illuminate/Cookie/Middleware/AddQueuedCookiesToResponse.php(36): Illuminate/Pipeline/Pipeline->Illuminate/Pipeline/{closure}()
#19 C:/Users/MSI/Desktop/projet cote serveur/stock-management/vendor/laravel/framework/src/Illuminate/Pipeline/Pipeline.php(219): Illuminate/Cookie/Middleware/AddQueuedCookiesToResponse->handle()
#20 C:/Users/MSI/Desktop/projet cote serveur/stock-management/vendor/laravel/framework/src/Illuminate/Cookie/Middleware/EncryptCookies.php(74): Illuminate/Pipeline/Pipeline->Illuminate/Pipeline/{closure}()
#21 C:/Users/MSI/Desktop/projet cote serveur/stock-management/vendor/laravel/framework/src/Illuminate/Pipeline/Pipeline.php(219): Illuminate/Cookie/Middleware/EncryptCookies->handle()
#22 C:/Users/MSI/Desktop/projet cote serveur/stock-management/vendor/laravel/framework/src/Illuminate/Pipeline/Pipeline.php(137): Illuminate/Pipeline/Pipeline->Illuminate/Pipeline/{closure}()
#23 C:/Users/MSI/Desktop/projet cote serveur/stock-management/vendor/laravel/framework/src/Illuminate/Routing/Router.php(821): Illuminate/Pipeline/Pipeline->then()
#24 C:/Users/MSI/Desktop/projet cote serveur/stock-management/vendor/laravel/framework/src/Illuminate/Routing/Router.php(800): Illuminate/Routing/Router->runRouteWithinStack()
#25 C:/Users/MSI/Desktop/projet cote serveur/stock-management/vendor/laravel/framework/src/Illuminate/Routing/Router.php(764): Illuminate/Routing/Router->runRoute()
#26 C:/Users/MSI/Desktop/projet cote serveur/stock-management/vendor/laravel/framework/src/Illuminate/Routing/Router.php(753): Illuminate/Routing/Router->dispatchToRoute()
#27 C:/Users/MSI/Desktop/projet cote serveur/stock-management/vendor/laravel/framework/src/Illuminate/Foundation/Http/Kernel.php(200): Illuminate/Routing/Router->dispatch()
#28 C:/Users/MSI/Desktop/projet cote serveur/stock-management/vendor/laravel/framework/src/Illuminate/Pipeline/Pipeline.php(180): Illuminate/Foundation/Http/Kernel->Illuminate/Foundation/Http/{closure}()
#29 C:/Users/MSI/Desktop/projet cote serveur/stock-management/vendor/laravel/framework/src/Illuminate/Foundation/Http/Middleware/TransformsRequest.php(21): Illuminate/Pipeline/Pipeline->Illuminate/Pipeline/{closure}()
#30 C:/Users/MSI/Desktop/projet cote serveur/stock-management/vendor/laravel/framework/src/Illuminate/Foundation/Http/Middleware/ConvertEmptyStringsToNull.php(31): Illuminate/Foundation/Http/Middleware/TransformsRequest->handle()
#31 C:/Users/MSI/Desktop/projet cote serveur/stock-management/vendor/laravel/framework/src/Illuminate/Pipeline/Pipeline.php(219): Illuminate/Foundation/Http/Middleware/ConvertEmptyStringsToNull->handle()
#32 C:/Users/MSI/Desktop/projet cote serveur/stock-management/vendor/laravel/framework/src/Illuminate/Foundation/Http/Middleware/TransformsRequest.php(21): Illuminate/Pipeline/Pipeline->Illuminate/Pipeline/{closure}()
#33 C:/Users/MSI/Desktop/projet cote serveur/stock-management/vendor/laravel/framework/src/Illuminate/Foundation/Http/Middleware/TrimStrings.php(51): Illuminate/Foundation/Http/Middleware/TransformsRequest->handle()
#34 C:/Users/MSI/Desktop/projet cote serveur/stock-management/vendor/laravel/framework/src/Illuminate/Pipeline/Pipeline.php(219): Illuminate/Foundation/Http/Middleware/TrimStrings->handle()
#35 C:/Users/MSI/Desktop/projet cote serveur/stock-management/vendor/laravel/framework/src/Illuminate/Http/Middleware/ValidatePostSize.php(27): Illuminate/Pipeline/Pipeline->Illuminate/Pipeline/{closure}()
#36 C:/Users/MSI/Desktop/projet cote serveur/stock-management/vendor/laravel/framework/src/Illuminate/Pipeline/Pipeline.php(219): Illuminate/Http/Middleware/ValidatePostSize->handle()
#37 C:/Users/MSI/Desktop/projet cote serveur/stock-management/vendor/laravel/framework/src/Illuminate/Foundation/Http/Middleware/PreventRequestsDuringMaintenance.php(109): Illuminate/Pipeline/Pipeline->Illuminate/Pipeline/{closure}()
#38 C:/Users/MSI/Desktop/projet cote serveur/stock-management/vendor/laravel/framework/src/Illuminate/Pipeline/Pipeline.php(219): Illuminate/Foundation/Http/Middleware/PreventRequestsDuringMaintenance->handle()
#39 C:/Users/MSI/Desktop/projet cote serveur/stock-management/vendor/laravel/framework/src/Illuminate/Http/Middleware/HandleCors.php(61): Illuminate/Pipeline/Pipeline->Illuminate/Pipeline/{closure}()
#40 C:/Users/MSI/Desktop/projet cote serveur/stock-management/vendor/laravel/framework/src/Illuminate/Pipeline/Pipeline.php(219): Illuminate/Http/Middleware/HandleCors->handle()
#41 C:/Users/MSI/Desktop/projet cote serveur/stock-management/vendor/laravel/framework/src/Illuminate/Http/Middleware/TrustProxies.php(58): Illuminate/Pipeline/Pipeline->Illuminate/Pipeline/{closure}()
#42 C:/Users/MSI/Desktop/projet cote serveur/stock-management/vendor/laravel/framework/src/Illuminate/Pipeline/Pipeline.php(219): Illuminate/Http/Middleware/TrustProxies->handle()
#43 C:/Users/MSI/Desktop/projet cote serveur/stock-management/vendor/laravel/framework/src/Illuminate/Foundation/Http/Middleware/InvokeDeferredCallbacks.php(22): Illuminate/Pipeline/Pipeline->Illuminate/Pipeline/{closure}()
#44 C:/Users/MSI/Desktop/projet cote serveur/stock-management/vendor/laravel/framework/src/Illuminate/Pipeline/Pipeline.php(219): Illuminate/Foundation/Http/Middleware/InvokeDeferredCallbacks->handle()
#45 C:/Users/MSI/Desktop/projet cote serveur/stock-management/vendor/laravel/framework/src/Illuminate/Http/Middleware/ValidatePathEncoding.php(26): Illuminate/Pipeline/Pipeline->Illuminate/Pipeline/{closure}()
#46 C:/Users/MSI/Desktop/projet cote serveur/stock-management/vendor/laravel/framework/src/Illuminate/Pipeline/Pipeline.php(219): Illuminate/Http/Middleware/ValidatePathEncoding->handle()
#47 C:/Users/MSI/Desktop/projet cote serveur/stock-management/vendor/laravel/framework/src/Illuminate/Pipeline/Pipeline.php(137): Illuminate/Pipeline/Pipeline->Illuminate/Pipeline/{closure}()
#48 C:/Users/MSI/Desktop/projet cote serveur/stock-management/vendor/laravel/framework/src/Illuminate/Foundation/Http/Kernel.php(175): Illuminate/Pipeline/Pipeline->then()
#49 C:/Users/MSI/Desktop/projet cote serveur/stock-management/vendor/laravel/framework/src/Illuminate/Foundation/Http/Kernel.php(144): Illuminate/Foundation/Http/Kernel->sendRequestThroughRouter()
#50 C:/Users/MSI/Desktop/projet cote serveur/stock-management/vendor/laravel/framework/src/Illuminate/Foundation/Application.php(1220): Illuminate/Foundation/Http/Kernel->handle()
#51 C:/Users/MSI/Desktop/projet cote serveur/stock-management/public/index.php(17): Illuminate/Foundation/Application->handleRequest()
#52 C:/Users/MSI/Desktop/projet cote serveur/stock-management/vendor/laravel/framework/src/Illuminate/Foundation/resources/server.php(23): require_once('...')
#53 {main}

[previous exception] [object] (PDOException(code: 0): could not find driver at C:/Users/MSI/Desktop/projet cote serveur/stock-management/vendor/laravel/framework/src/Illuminate/Database/Connectors/Connector.php:66)
[stacktrace]
#0 C:/Users/MSI/Desktop/projet cote serveur/stock-management/vendor/laravel/framework/src/Illuminate/Database/Connectors/Connector.php(66): PDO->__construct()
#1 C:/Users/MSI/Desktop/projet cote serveur/stock-management/vendor/laravel/framework/src/Illuminate/Database/Connectors/Connector.php(44): Illuminate/Database/Connectors/Connector->createPdoConnection()
#2 C:/Users/MSI/Desktop/projet cote serveur/stock-management/vendor/laravel/framework/src/Illuminate/Database/Connectors/SQLiteConnector.php(21): Illuminate/Database/Connectors/Connector->createConnection()
#3 C:/Users/MSI/Desktop/projet cote serveur/stock-management/vendor/laravel/framework/src/Illuminate/Database/Connectors/ConnectionFactory.php(225): Illuminate/Database/Connectors/SQLiteConnector->connect()
#4 [internal function]: Illuminate/Database/Connectors/ConnectionFactory->Illuminate/Database/Connectors/{closure}()
#5 C:/Users/MSI/Desktop/projet cote serveur/stock-management/vendor/laravel/framework/src/Illuminate/Database/Connection.php(1257): call_user_func()
#6 C:/Users/MSI/Desktop/projet cote serveur/stock-management/vendor/laravel/framework/src/Illuminate/Database/Connection.php(525): Illuminate/Database/Connection->getPdo()
#7 C:/Users/MSI/Desktop/projet cote serveur/stock-management/vendor/laravel/framework/src/Illuminate/Database/Connection.php(420): Illuminate/Database/Connection->getPdoForSelect()
#8 C:/Users/MSI/Desktop/projet cote serveur/stock-management/vendor/laravel/framework/src/Illuminate/Database/Connection.php(827): Illuminate/Database/Connection->Illuminate/Database/{closure}()
#9 C:/Users/MSI/Desktop/projet cote serveur/stock-management/vendor/laravel/framework/src/Illuminate/Database/Connection.php(794): Illuminate/Database/Connection->runQueryCallback()
#10 C:/Users/MSI/Desktop/projet cote serveur/stock-management/vendor/laravel/framework/src/Illuminate/Database/Connection.php(411): Illuminate/Database/Connection->run()
#11 C:/Users/MSI/Desktop/projet cote serveur/stock-management/vendor/laravel/framework/src/Illuminate/Database/Query/Builder.php(3505): Illuminate/Database/Connection->select()
#12 C:/Users/MSI/Desktop/projet cote serveur/stock-management/vendor/laravel/framework/src/Illuminate/Database/Query/Builder.php(3490): Illuminate/Database/Query/Builder->runSelect()
#13 C:/Users/MSI/Desktop/projet cote serveur/stock-management/vendor/laravel/framework/src/Illuminate/Database/Query/Builder.php(4080): Illuminate/Database/Query/Builder->Illuminate/Database/Query/{closure}()
#14 C:/Users/MSI/Desktop/projet cote serveur/stock-management/vendor/laravel/framework/src/Illuminate/Database/Query/Builder.php(3489): Illuminate/Database/Query/Builder->onceWithColumns()
#15 C:/Users/MSI/Desktop/projet cote serveur/stock-management/vendor/laravel/framework/src/Illuminate/Database/Concerns/BuildsQueries.php(366): Illuminate/Database/Query/Builder->get()
#16 C:/Users/MSI/Desktop/projet cote serveur/stock-management/vendor/laravel/framework/src/Illuminate/Database/Query/Builder.php(3412): Illuminate/Database/Query/Builder->first()
#17 C:/Users/MSI/Desktop/projet cote serveur/stock-management/vendor/laravel/framework/src/Illuminate/Session/DatabaseSessionHandler.php(96): Illuminate/Database/Query/Builder->find()
#18 C:/Users/MSI/Desktop/projet cote serveur/stock-management/vendor/laravel/framework/src/Illuminate/Session/Store.php(128): Illuminate/Session/DatabaseSessionHandler->read()
#19 C:/Users/MSI/Desktop/projet cote serveur/stock-management/vendor/laravel/framework/src/Illuminate/Session/Store.php(116): Illuminate/Session/Store->readFromHandler()
#20 C:/Users/MSI/Desktop/projet cote serveur/stock-management/vendor/laravel/framework/src/Illuminate/Session/Store.php(100): Illuminate/Session/Store->loadSession()
#21 C:/Users/MSI/Desktop/projet cote serveur/stock-management/vendor/laravel/framework/src/Illuminate/Session/Middleware/StartSession.php(146): Illuminate/Session/Store->start()
#22 C:/Users/MSI/Desktop/projet cote serveur/stock-management/vendor/laravel/framework/src/Illuminate/Support/helpers.php(393): Illuminate/Session/Middleware/StartSession->Illuminate/Session/Middleware/{closure}()
#23 C:/Users/MSI/Desktop/projet cote serveur/stock-management/vendor/laravel/framework/src/Illuminate/Session/Middleware/StartSession.php(143): tap()
#24 C:/Users/MSI/Desktop/projet cote serveur/stock-management/vendor/laravel/framework/src/Illuminate/Session/Middleware/StartSession.php(115): Illuminate/Session/Middleware/StartSession->startSession()
#25 C:/Users/MSI/Desktop/projet cote serveur/stock-management/vendor/laravel/framework/src/Illuminate/Session/Middleware/StartSession.php(63): Illuminate/Session/Middleware/StartSession->handleStatefulRequest()
#26 C:/Users/MSI/Desktop/projet cote serveur/stock-management/vendor/laravel/framework/src/Illuminate/Pipeline/Pipeline.php(219): Illuminate/Session/Middleware/StartSession->handle()
#27 C:/Users/MSI/Desktop/projet cote serveur/stock-management/vendor/laravel/framework/src/Illuminate/Cookie/Middleware/AddQueuedCookiesToResponse.php(36): Illuminate/Pipeline/Pipeline->Illuminate/Pipeline/{closure}()
#28 C:/Users/MSI/Desktop/projet cote serveur/stock-management/vendor/laravel/framework/src/Illuminate/Pipeline/Pipeline.php(219): Illuminate/Cookie/Middleware/AddQueuedCookiesToResponse->handle()
#29 C:/Users/MSI/Desktop/projet cote serveur/stock-management/vendor/laravel/framework/src/Illuminate/Cookie/Middleware/EncryptCookies.php(74): Illuminate/Pipeline/Pipeline->Illuminate/Pipeline/{closure}()
#30 C:/Users/MSI/Desktop/projet cote serveur/stock-management/vendor/laravel/framework/src/Illuminate/Pipeline/Pipeline.php(219): Illuminate/Cookie/Middleware/EncryptCookies->handle()
#31 C:/Users/MSI/Desktop/projet cote serveur/stock-management/vendor/laravel/framework/src/Illuminate/Pipeline/Pipeline.php(137): Illuminate/Pipeline/Pipeline->Illuminate/Pipeline/{closure}()
#32 C:/Users/MSI/Desktop/projet cote serveur/stock-management/vendor/laravel/framework/src/Illuminate/Routing/Router.php(821): Illuminate/Pipeline/Pipeline->then()
#33 C:/Users/MSI/Desktop/projet cote serveur/stock-management/vendor/laravel/framework/src/Illuminate/Routing/Router.php(800): Illuminate/Routing/Router->runRouteWithinStack()
#34 C:/Users/MSI/Desktop/projet cote serveur/stock-management/vendor/laravel/framework/src/Illuminate/Routing/Router.php(764): Illuminate/Routing/Router->runRoute()
#35 C:/Users/MSI/Desktop/projet cote serveur/stock-management/vendor/laravel/framework/src/Illuminate/Routing/Router.php(753): Illuminate/Routing/Router->dispatchToRoute()
#36 C:/Users/MSI/Desktop/projet cote serveur/stock-management/vendor/laravel/framework/src/Illuminate/Foundation/Http/Kernel.php(200): Illuminate/Routing/Router->dispatch()
#37 C:/Users/MSI/Desktop/projet cote serveur/stock-management/vendor/laravel/framework/src/Illuminate/Pipeline/Pipeline.php(180): Illuminate/Foundation/Http/Kernel->Illuminate/Foundation/Http/{closure}()
#38 C:/Users/MSI/Desktop/projet cote serveur/stock-management/vendor/laravel/framework/src/Illuminate/Foundation/Http/Middleware/TransformsRequest.php(21): Illuminate/Pipeline/Pipeline->Illuminate/Pipeline/{closure}()
#39 C:/Users/MSI/Desktop/projet cote serveur/stock-management/vendor/laravel/framework/src/Illuminate/Foundation/Http/Middleware/ConvertEmptyStringsToNull.php(31): Illuminate/Foundation/Http/Middleware/TransformsRequest->handle()
#40 C:/Users/MSI/Desktop/projet cote serveur/stock-management/vendor/laravel/framework/src/Illuminate/Pipeline/Pipeline.php(219): Illuminate/Foundation/Http/Middleware/ConvertEmptyStringsToNull->handle()
#41 C:/Users/MSI/Desktop/projet cote serveur/stock-management/vendor/laravel/framework/src/Illuminate/Foundation/Http/Middleware/TransformsRequest.php(21): Illuminate/Pipeline/Pipeline->Illuminate/Pipeline/{closure}()
#42 C:/Users/MSI/Desktop/projet cote serveur/stock-management/vendor/laravel/framework/src/Illuminate/Foundation/Http/Middleware/TrimStrings.php(51): Illuminate/Foundation/Http/Middleware/TransformsRequest->handle()
#43 C:/Users/MSI/Desktop/projet cote serveur/stock-management/vendor/laravel/framework/src/Illuminate/Pipeline/Pipeline.php(219): Illuminate/Foundation/Http/Middleware/TrimStrings->handle()
#44 C:/Users/MSI/Desktop/projet cote serveur/stock-management/vendor/laravel/framework/src/Illuminate/Http/Middleware/ValidatePostSize.php(27): Illuminate/Pipeline/Pipeline->Illuminate/Pipeline/{closure}()
#45 C:/Users/MSI/Desktop/projet cote serveur/stock-management/vendor/laravel/framework/src/Illuminate/Pipeline/Pipeline.php(219): Illuminate/Http/Middleware/ValidatePostSize->handle()
#46 C:/Users/MSI/Desktop/projet cote serveur/stock-management/vendor/laravel/framework/src/Illuminate/Foundation/Http/Middleware/PreventRequestsDuringMaintenance.php(109): Illuminate/Pipeline/Pipeline->Illuminate/Pipeline/{closure}()
#47 C:/Users/MSI/Desktop/projet cote serveur/stock-management/vendor/laravel/framework/src/Illuminate/Pipeline/Pipeline.php(219): Illuminate/Foundation/Http/Middleware/PreventRequestsDuringMaintenance->handle()
#48 C:/Users/MSI/Desktop/projet cote serveur/stock-management/vendor/laravel/framework/src/Illuminate/Http/Middleware/HandleCors.php(61): Illuminate/Pipeline/Pipeline->Illuminate/Pipeline/{closure}()
#49 C:/Users/MSI/Desktop/projet cote serveur/stock-management/vendor/laravel/framework/src/Illuminate/Pipeline/Pipeline.php(219): Illuminate/Http/Middleware/HandleCors->handle()
#50 C:/Users/MSI/Desktop/projet cote serveur/stock-management/vendor/laravel/framework/src/Illuminate/Http/Middleware/TrustProxies.php(58): Illuminate/Pipeline/Pipeline->Illuminate/Pipeline/{closure}()
#51 C:/Users/MSI/Desktop/projet cote serveur/stock-management/vendor/laravel/framework/src/Illuminate/Pipeline/Pipeline.php(219): Illuminate/Http/Middleware/TrustProxies->handle()
#52 C:/Users/MSI/Desktop/projet cote serveur/stock-management/vendor/laravel/framework/src/Illuminate/Foundation/Http/Middleware/InvokeDeferredCallbacks.php(22): Illuminate/Pipeline/Pipeline->Illuminate/Pipeline/{closure}()
#53 C:/Users/MSI/Desktop/projet cote serveur/stock-management/vendor/laravel/framework/src/Illuminate/Pipeline/Pipeline.php(219): Illuminate/Foundation/Http/Middleware/InvokeDeferredCallbacks->handle()
#54 C:/Users/MSI/Desktop/projet cote serveur/stock-management/vendor/laravel/framework/src/Illuminate/Http/Middleware/ValidatePathEncoding.php(26): Illuminate/Pipeline/Pipeline->Illuminate/Pipeline/{closure}()
#55 C:/Users/MSI/Desktop/projet cote serveur/stock-management/vendor/laravel/framework/src/Illuminate/Pipeline/Pipeline.php(219): Illuminate/Http/Middleware/ValidatePathEncoding->handle()
#56 C:/Users/MSI/Desktop/projet cote serveur/stock-management/vendor/laravel/framework/src/Illuminate/Pipeline/Pipeline.php(137): Illuminate/Pipeline/Pipeline->Illuminate/Pipeline/{closure}()
#57 C:/Users/MSI/Desktop/projet cote serveur/stock-management/vendor/laravel/framework/src/Illuminate/Foundation/Http/Kernel.php(175): Illuminate/Pipeline/Pipeline->then()
#58 C:/Users/MSI/Desktop/projet cote serveur/stock-management/vendor/laravel/framework/src/Illuminate/Foundation/Http/Kernel.php(144): Illuminate/Foundation/Http/Kernel->sendRequestThroughRouter()
#59 C:/Users/MSI/Desktop/projet cote serveur/stock-management/vendor/laravel/framework/src/Illuminate/Foundation/Application.php(1220): Illuminate/Foundation/Http/Kernel->handle()
#60 C:/Users/MSI/Desktop/projet cote serveur/stock-management/public/index.php(17): Illuminate/Foundation/Application->handleRequest()
#61 C:/Users/MSI/Desktop/projet cote serveur/stock-management/vendor/laravel/framework/src/Illuminate/Foundation/resources/server.php(23): require_once('...')
#62 {main}
"} 
[2026-04-28 10:17:30] local.ERROR: SQLSTATE[HY000] [2002] Aucune connexion n’a pu être établie car l’ordinateur cible l’a expressément refusée (Connection: mysql, Host: 127.0.0.1, Port: 3306, Database: stock_management, SQL: select * from `sessions` where `id` = O1qQfV3MSWIyZKjptWOsDTiWdbRulsWUKqiLFRxZ limit 1) {"exception":"[object] (Illuminate\\Database\\QueryException(code: 2002): SQLSTATE[HY000] [2002] Aucune connexion n’a pu être établie car l’ordinateur cible l’a expressément refusée (Connection: mysql, Host: 127.0.0.1, Port: 3306, Database: stock_management, SQL: select * from `sessions` where `id` = O1qQfV3MSWIyZKjptWOsDTiWdbRulsWUKqiLFRxZ limit 1) at C:/Users/MSI/Desktop/projet cote serveur/stock-management/vendor/laravel/framework/src/Illuminate/Database/Connection.php:838)
[stacktrace]
#0 C:/Users/MSI/Desktop/projet cote serveur/stock-management/vendor/laravel/framework/src/Illuminate/Database/Connection.php(794): Illuminate/Database/Connection->runQueryCallback()
#1 C:/Users/MSI/Desktop/projet cote serveur/stock-management/vendor/laravel/framework/src/Illuminate/Database/Connection.php(411): Illuminate/Database/Connection->run()
#2 C:/Users/MSI/Desktop/projet cote serveur/stock-management/vendor/laravel/framework/src/Illuminate/Database/Query/Builder.php(3505): Illuminate/Database/Connection->select()
#3 C:/Users/MSI/Desktop/projet cote serveur/stock-management/vendor/laravel/framework/src/Illuminate/Database/Query/Builder.php(3490): Illuminate/Database/Query/Builder->runSelect()
#4 C:/Users/MSI/Desktop/projet cote serveur/stock-management/vendor/laravel/framework/src/Illuminate/Database/Query/Builder.php(4080): Illuminate/Database/Query/Builder->Illuminate/Database/Query/{closure}()
#5 C:/Users/MSI/Desktop/projet cote serveur/stock-management/vendor/laravel/framework/src/Illuminate/Database/Query/Builder.php(3489): Illuminate/Database/Query/Builder->onceWithColumns()
#6 C:/Users/MSI/Desktop/projet cote serveur/stock-management/vendor/laravel/framework/src/Illuminate/Database/Concerns/BuildsQueries.php(366): Illuminate/Database/Query/Builder->get()
#7 C:/Users/MSI/Desktop/projet cote serveur/stock-management/vendor/laravel/framework/src/Illuminate/Database/Query/Builder.php(3412): Illuminate/Database/Query/Builder->first()
#8 C:/Users/MSI/Desktop/projet cote serveur/stock-management/vendor/laravel/framework/src/Illuminate/Session/DatabaseSessionHandler.php(96): Illuminate/Database/Query/Builder->find()
#9 C:/Users/MSI/Desktop/projet cote serveur/stock-management/vendor/laravel/framework/src/Illuminate/Session/Store.php(128): Illuminate/Session/DatabaseSessionHandler->read()
#10 C:/Users/MSI/Desktop/projet cote serveur/stock-management/vendor/laravel/framework/src/Illuminate/Session/Store.php(116): Illuminate/Session/Store->readFromHandler()
#11 C:/Users/MSI/Desktop/projet cote serveur/stock-management/vendor/laravel/framework/src/Illuminate/Session/Store.php(100): Illuminate/Session/Store->loadSession()
#12 C:/Users/MSI/Desktop/projet cote serveur/stock-management/vendor/laravel/framework/src/Illuminate/Session/Middleware/StartSession.php(146): Illuminate/Session/Store->start()
#13 C:/Users/MSI/Desktop/projet cote serveur/stock-management/vendor/laravel/framework/src/Illuminate/Support/helpers.php(393): Illuminate/Session/Middleware/StartSession->Illuminate/Session/Middleware/{closure}()
#14 C:/Users/MSI/Desktop/projet cote serveur/stock-management/vendor/laravel/framework/src/Illuminate/Session/Middleware/StartSession.php(143): tap()
#15 C:/Users/MSI/Desktop/projet cote serveur/stock-management/vendor/laravel/framework/src/Illuminate/Session/Middleware/StartSession.php(115): Illuminate/Session/Middleware/StartSession->startSession()
#16 C:/Users/MSI/Desktop/projet cote serveur/stock-management/vendor/laravel/framework/src/Illuminate/Session/Middleware/StartSession.php(63): Illuminate/Session/Middleware/StartSession->handleStatefulRequest()
#17 C:/Users/MSI/Desktop/projet cote serveur/stock-management/vendor/laravel/framework/src/Illuminate/Pipeline/Pipeline.php(219): Illuminate/Session/Middleware/StartSession->handle()
#18 C:/Users/MSI/Desktop/projet cote serveur/stock-management/vendor/laravel/framework/src/Illuminate/Cookie/Middleware/AddQueuedCookiesToResponse.php(36): Illuminate/Pipeline/Pipeline->Illuminate/Pipeline/{closure}()
#19 C:/Users/MSI/Desktop/projet cote serveur/stock-management/vendor/laravel/framework/src/Illuminate/Pipeline/Pipeline.php(219): Illuminate/Cookie/Middleware/AddQueuedCookiesToResponse->handle()
#20 C:/Users/MSI/Desktop/projet cote serveur/stock-management/vendor/laravel/framework/src/Illuminate/Cookie/Middleware/EncryptCookies.php(74): Illuminate/Pipeline/Pipeline->Illuminate/Pipeline/{closure}()
#21 C:/Users/MSI/Desktop/projet cote serveur/stock-management/vendor/laravel/framework/src/Illuminate/Pipeline/Pipeline.php(219): Illuminate/Cookie/Middleware/EncryptCookies->handle()
#22 C:/Users/MSI/Desktop/projet cote serveur/stock-management/vendor/laravel/framework/src/Illuminate/Pipeline/Pipeline.php(137): Illuminate/Pipeline/Pipeline->Illuminate/Pipeline/{closure}()
#23 C:/Users/MSI/Desktop/projet cote serveur/stock-management/vendor/laravel/framework/src/Illuminate/Routing/Router.php(821): Illuminate/Pipeline/Pipeline->then()
#24 C:/Users/MSI/Desktop/projet cote serveur/stock-management/vendor/laravel/framework/src/Illuminate/Routing/Router.php(800): Illuminate/Routing/Router->runRouteWithinStack()
#25 C:/Users/MSI/Desktop/projet cote serveur/stock-management/vendor/laravel/framework/src/Illuminate/Routing/Router.php(764): Illuminate/Routing/Router->runRoute()
#26 C:/Users/MSI/Desktop/projet cote serveur/stock-management/vendor/laravel/framework/src/Illuminate/Routing/Router.php(753): Illuminate/Routing/Router->dispatchToRoute()
#27 C:/Users/MSI/Desktop/projet cote serveur/stock-management/vendor/laravel/framework/src/Illuminate/Foundation/Http/Kernel.php(200): Illuminate/Routing/Router->dispatch()
#28 C:/Users/MSI/Desktop/projet cote serveur/stock-management/vendor/laravel/framework/src/Illuminate/Pipeline/Pipeline.php(180): Illuminate/Foundation/Http/Kernel->Illuminate/Foundation/Http/{closure}()
#29 C:/Users/MSI/Desktop/projet cote serveur/stock-management/vendor/laravel/framework/src/Illuminate/Foundation/Http/Middleware/TransformsRequest.php(21): Illuminate/Pipeline/Pipeline->Illuminate/Pipeline/{closure}()
#30 C:/Users/MSI/Desktop/projet cote serveur/stock-management/vendor/laravel/framework/src/Illuminate/Foundation/Http/Middleware/ConvertEmptyStringsToNull.php(31): Illuminate/Foundation/Http/Middleware/TransformsRequest->handle()
#31 C:/Users/MSI/Desktop/projet cote serveur/stock-management/vendor/laravel/framework/src/Illuminate/Pipeline/Pipeline.php(219): Illuminate/Foundation/Http/Middleware/ConvertEmptyStringsToNull->handle()
#32 C:/Users/MSI/Desktop/projet cote serveur/stock-management/vendor/laravel/framework/src/Illuminate/Foundation/Http/Middleware/TransformsRequest.php(21): Illuminate/Pipeline/Pipeline->Illuminate/Pipeline/{closure}()
#33 C:/Users/MSI/Desktop/projet cote serveur/stock-management/vendor/laravel/framework/src/Illuminate/Foundation/Http/Middleware/TrimStrings.php(51): Illuminate/Foundation/Http/Middleware/TransformsRequest->handle()
#34 C:/Users/MSI/Desktop/projet cote serveur/stock-management/vendor/laravel/framework/src/Illuminate/Pipeline/Pipeline.php(219): Illuminate/Foundation/Http/Middleware/TrimStrings->handle()
#35 C:/Users/MSI/Desktop/projet cote serveur/stock-management/vendor/laravel/framework/src/Illuminate/Http/Middleware/ValidatePostSize.php(27): Illuminate/Pipeline/Pipeline->Illuminate/Pipeline/{closure}()
#36 C:/Users/MSI/Desktop/projet cote serveur/stock-management/vendor/laravel/framework/src/Illuminate/Pipeline/Pipeline.php(219): Illuminate/Http/Middleware/ValidatePostSize->handle()
#37 C:/Users/MSI/Desktop/projet cote serveur/stock-management/vendor/laravel/framework/src/Illuminate/Foundation/Http/Middleware/PreventRequestsDuringMaintenance.php(109): Illuminate/Pipeline/Pipeline->Illuminate/Pipeline/{closure}()
#38 C:/Users/MSI/Desktop/projet cote serveur/stock-management/vendor/laravel/framework/src/Illuminate/Pipeline/Pipeline.php(219): Illuminate/Foundation/Http/Middleware/PreventRequestsDuringMaintenance->handle()
#39 C:/Users/MSI/Desktop/projet cote serveur/stock-management/vendor/laravel/framework/src/Illuminate/Http/Middleware/HandleCors.php(61): Illuminate/Pipeline/Pipeline->Illuminate/Pipeline/{closure}()
#40 C:/Users/MSI/Desktop/projet cote serveur/stock-management/vendor/laravel/framework/src/Illuminate/Pipeline/Pipeline.php(219): Illuminate/Http/Middleware/HandleCors->handle()
#41 C:/Users/MSI/Desktop/projet cote serveur/stock-management/vendor/laravel/framework/src/Illuminate/Http/Middleware/TrustProxies.php(58): Illuminate/Pipeline/Pipeline->Illuminate/Pipeline/{closure}()
#42 C:/Users/MSI/Desktop/projet cote serveur/stock-management/vendor/laravel/framework/src/Illuminate/Pipeline/Pipeline.php(219): Illuminate/Http/Middleware/TrustProxies->handle()
#43 C:/Users/MSI/Desktop/projet cote serveur/stock-management/vendor/laravel/framework/src/Illuminate/Foundation/Http/Middleware/InvokeDeferredCallbacks.php(22): Illuminate/Pipeline/Pipeline->Illuminate/Pipeline/{closure}()
#44 C:/Users/MSI/Desktop/projet cote serveur/stock-management/vendor/laravel/framework/src/Illuminate/Pipeline/Pipeline.php(219): Illuminate/Foundation/Http/Middleware/InvokeDeferredCallbacks->handle()
#45 C:/Users/MSI/Desktop/projet cote serveur/stock-management/vendor/laravel/framework/src/Illuminate/Http/Middleware/ValidatePathEncoding.php(26): Illuminate/Pipeline/Pipeline->Illuminate/Pipeline/{closure}()
#46 C:/Users/MSI/Desktop/projet cote serveur/stock-management/vendor/laravel/framework/src/Illuminate/Pipeline/Pipeline.php(219): Illuminate/Http/Middleware/ValidatePathEncoding->handle()
#47 C:/Users/MSI/Desktop/projet cote serveur/stock-management/vendor/laravel/framework/src/Illuminate/Pipeline/Pipeline.php(137): Illuminate/Pipeline/Pipeline->Illuminate/Pipeline/{closure}()
#48 C:/Users/MSI/Desktop/projet cote serveur/stock-management/vendor/laravel/framework/src/Illuminate/Foundation/Http/Kernel.php(175): Illuminate/Pipeline/Pipeline->then()
#49 C:/Users/MSI/Desktop/projet cote serveur/stock-management/vendor/laravel/framework/src/Illuminate/Foundation/Http/Kernel.php(144): Illuminate/Foundation/Http/Kernel->sendRequestThroughRouter()
#50 C:/Users/MSI/Desktop/projet cote serveur/stock-management/vendor/laravel/framework/src/Illuminate/Foundation/Application.php(1220): Illuminate/Foundation/Http/Kernel->handle()
#51 C:/Users/MSI/Desktop/projet cote serveur/stock-management/public/index.php(17): Illuminate/Foundation/Application->handleRequest()
#52 C:/Users/MSI/Desktop/projet cote serveur/stock-management/vendor/laravel/framework/src/Illuminate/Foundation/resources/server.php(23): require_once('...')
#53 {main}

[previous exception] [object] (PDOException(code: 2002): SQLSTATE[HY000] [2002] Aucune connexion n’a pu être établie car l’ordinateur cible l’a expressément refusée at C:/Users/MSI/Desktop/projet cote serveur/stock-management/vendor/laravel/framework/src/Illuminate/Database/Connectors/Connector.php:66)
[stacktrace]
#0 C:/Users/MSI/Desktop/projet cote serveur/stock-management/vendor/laravel/framework/src/Illuminate/Database/Connectors/Connector.php(66): PDO->__construct()
#1 C:/Users/MSI/Desktop/projet cote serveur/stock-management/vendor/laravel/framework/src/Illuminate/Database/Connectors/Connector.php(44): Illuminate/Database/Connectors/Connector->createPdoConnection()
#2 C:/Users/MSI/Desktop/projet cote serveur/stock-management/vendor/laravel/framework/src/Illuminate/Database/Connectors/MySqlConnector.php(24): Illuminate/Database/Connectors/Connector->createConnection()
#3 C:/Users/MSI/Desktop/projet cote serveur/stock-management/vendor/laravel/framework/src/Illuminate/Database/Connectors/ConnectionFactory.php(186): Illuminate/Database/Connectors/MySqlConnector->connect()
#4 [internal function]: Illuminate/Database/Connectors/ConnectionFactory->Illuminate/Database/Connectors/{closure}()
#5 C:/Users/MSI/Desktop/projet cote serveur/stock-management/vendor/laravel/framework/src/Illuminate/Database/Connection.php(1257): call_user_func()
#6 C:/Users/MSI/Desktop/projet cote serveur/stock-management/vendor/laravel/framework/src/Illuminate/Database/Connection.php(525): Illuminate/Database/Connection->getPdo()
#7 C:/Users/MSI/Desktop/projet cote serveur/stock-management/vendor/laravel/framework/src/Illuminate/Database/Connection.php(420): Illuminate/Database/Connection->getPdoForSelect()
#8 C:/Users/MSI/Desktop/projet cote serveur/stock-management/vendor/laravel/framework/src/Illuminate/Database/Connection.php(827): Illuminate/Database/Connection->Illuminate/Database/{closure}()
#9 C:/Users/MSI/Desktop/projet cote serveur/stock-management/vendor/laravel/framework/src/Illuminate/Database/Connection.php(794): Illuminate/Database/Connection->runQueryCallback()
#10 C:/Users/MSI/Desktop/projet cote serveur/stock-management/vendor/laravel/framework/src/Illuminate/Database/Connection.php(411): Illuminate/Database/Connection->run()
#11 C:/Users/MSI/Desktop/projet cote serveur/stock-management/vendor/laravel/framework/src/Illuminate/Database/Query/Builder.php(3505): Illuminate/Database/Connection->select()
#12 C:/Users/MSI/Desktop/projet cote serveur/stock-management/vendor/laravel/framework/src/Illuminate/Database/Query/Builder.php(3490): Illuminate/Database/Query/Builder->runSelect()
#13 C:/Users/MSI/Desktop/projet cote serveur/stock-management/vendor/laravel/framework/src/Illuminate/Database/Query/Builder.php(4080): Illuminate/Database/Query/Builder->Illuminate/Database/Query/{closure}()
#14 C:/Users/MSI/Desktop/projet cote serveur/stock-management/vendor/laravel/framework/src/Illuminate/Database/Query/Builder.php(3489): Illuminate/Database/Query/Builder->onceWithColumns()
#15 C:/Users/MSI/Desktop/projet cote serveur/stock-management/vendor/laravel/framework/src/Illuminate/Database/Concerns/BuildsQueries.php(366): Illuminate/Database/Query/Builder->get()
#16 C:/Users/MSI/Desktop/projet cote serveur/stock-management/vendor/laravel/framework/src/Illuminate/Database/Query/Builder.php(3412): Illuminate/Database/Query/Builder->first()
#17 C:/Users/MSI/Desktop/projet cote serveur/stock-management/vendor/laravel/framework/src/Illuminate/Session/DatabaseSessionHandler.php(96): Illuminate/Database/Query/Builder->find()
#18 C:/Users/MSI/Desktop/projet cote serveur/stock-management/vendor/laravel/framework/src/Illuminate/Session/Store.php(128): Illuminate/Session/DatabaseSessionHandler->read()
#19 C:/Users/MSI/Desktop/projet cote serveur/stock-management/vendor/laravel/framework/src/Illuminate/Session/Store.php(116): Illuminate/Session/Store->readFromHandler()
#20 C:/Users/MSI/Desktop/projet cote serveur/stock-management/vendor/laravel/framework/src/Illuminate/Session/Store.php(100): Illuminate/Session/Store->loadSession()
#21 C:/Users/MSI/Desktop/projet cote serveur/stock-management/vendor/laravel/framework/src/Illuminate/Session/Middleware/StartSession.php(146): Illuminate/Session/Store->start()
#22 C:/Users/MSI/Desktop/projet cote serveur/stock-management/vendor/laravel/framework/src/Illuminate/Support/helpers.php(393): Illuminate/Session/Middleware/StartSession->Illuminate/Session/Middleware/{closure}()
#23 C:/Users/MSI/Desktop/projet cote serveur/stock-management/vendor/laravel/framework/src/Illuminate/Session/Middleware/StartSession.php(143): tap()
#24 C:/Users/MSI/Desktop/projet cote serveur/stock-management/vendor/laravel/framework/src/Illuminate/Session/Middleware/StartSession.php(115): Illuminate/Session/Middleware/StartSession->startSession()
#25 C:/Users/MSI/Desktop/projet cote serveur/stock-management/vendor/laravel/framework/src/Illuminate/Session/Middleware/StartSession.php(63): Illuminate/Session/Middleware/StartSession->handleStatefulRequest()
#26 C:/Users/MSI/Desktop/projet cote serveur/stock-management/vendor/laravel/framework/src/Illuminate/Pipeline/Pipeline.php(219): Illuminate/Session/Middleware/StartSession->handle()
#27 C:/Users/MSI/Desktop/projet cote serveur/stock-management/vendor/laravel/framework/src/Illuminate/Cookie/Middleware/AddQueuedCookiesToResponse.php(36): Illuminate/Pipeline/Pipeline->Illuminate/Pipeline/{closure}()
#28 C:/Users/MSI/Desktop/projet cote serveur/stock-management/vendor/laravel/framework/src/Illuminate/Pipeline/Pipeline.php(219): Illuminate/Cookie/Middleware/AddQueuedCookiesToResponse->handle()
#29 C:/Users/MSI/Desktop/projet cote serveur/stock-management/vendor/laravel/framework/src/Illuminate/Cookie/Middleware/EncryptCookies.php(74): Illuminate/Pipeline/Pipeline->Illuminate/Pipeline/{closure}()
#30 C:/Users/MSI/Desktop/projet cote serveur/stock-management/vendor/laravel/framework/src/Illuminate/Pipeline/Pipeline.php(219): Illuminate/Cookie/Middleware/EncryptCookies->handle()
#31 C:/Users/MSI/Desktop/projet cote serveur/stock-management/vendor/laravel/framework/src/Illuminate/Pipeline/Pipeline.php(137): Illuminate/Pipeline/Pipeline->Illuminate/Pipeline/{closure}()
#32 C:/Users/MSI/Desktop/projet cote serveur/stock-management/vendor/laravel/framework/src/Illuminate/Routing/Router.php(821): Illuminate/Pipeline/Pipeline->then()
#33 C:/Users/MSI/Desktop/projet cote serveur/stock-management/vendor/laravel/framework/src/Illuminate/Routing/Router.php(800): Illuminate/Routing/Router->runRouteWithinStack()
#34 C:/Users/MSI/Desktop/projet cote serveur/stock-management/vendor/laravel/framework/src/Illuminate/Routing/Router.php(764): Illuminate/Routing/Router->runRoute()
#35 C:/Users/MSI/Desktop/projet cote serveur/stock-management/vendor/laravel/framework/src/Illuminate/Routing/Router.php(753): Illuminate/Routing/Router->dispatchToRoute()
#36 C:/Users/MSI/Desktop/projet cote serveur/stock-management/vendor/laravel/framework/src/Illuminate/Foundation/Http/Kernel.php(200): Illuminate/Routing/Router->dispatch()
#37 C:/Users/MSI/Desktop/projet cote serveur/stock-management/vendor/laravel/framework/src/Illuminate/Pipeline/Pipeline.php(180): Illuminate/Foundation/Http/Kernel->Illuminate/Foundation/Http/{closure}()
#38 C:/Users/MSI/Desktop/projet cote serveur/stock-management/vendor/laravel/framework/src/Illuminate/Foundation/Http/Middleware/TransformsRequest.php(21): Illuminate/Pipeline/Pipeline->Illuminate/Pipeline/{closure}()
#39 C:/Users/MSI/Desktop/projet cote serveur/stock-management/vendor/laravel/framework/src/Illuminate/Foundation/Http/Middleware/ConvertEmptyStringsToNull.php(31): Illuminate/Foundation/Http/Middleware/TransformsRequest->handle()
#40 C:/Users/MSI/Desktop/projet cote serveur/stock-management/vendor/laravel/framework/src/Illuminate/Pipeline/Pipeline.php(219): Illuminate/Foundation/Http/Middleware/ConvertEmptyStringsToNull->handle()
#41 C:/Users/MSI/Desktop/projet cote serveur/stock-management/vendor/laravel/framework/src/Illuminate/Foundation/Http/Middleware/TransformsRequest.php(21): Illuminate/Pipeline/Pipeline->Illuminate/Pipeline/{closure}()
#42 C:/Users/MSI/Desktop/projet cote serveur/stock-management/vendor/laravel/framework/src/Illuminate/Foundation/Http/Middleware/TrimStrings.php(51): Illuminate/Foundation/Http/Middleware/TransformsRequest->handle()
#43 C:/Users/MSI/Desktop/projet cote serveur/stock-management/vendor/laravel/framework/src/Illuminate/Pipeline/Pipeline.php(219): Illuminate/Foundation/Http/Middleware/TrimStrings->handle()
#44 C:/Users/MSI/Desktop/projet cote serveur/stock-management/vendor/laravel/framework/src/Illuminate/Http/Middleware/ValidatePostSize.php(27): Illuminate/Pipeline/Pipeline->Illuminate/Pipeline/{closure}()
#45 C:/Users/MSI/Desktop/projet cote serveur/stock-management/vendor/laravel/framework/src/Illuminate/Pipeline/Pipeline.php(219): Illuminate/Http/Middleware/ValidatePostSize->handle()
#46 C:/Users/MSI/Desktop/projet cote serveur/stock-management/vendor/laravel/framework/src/Illuminate/Foundation/Http/Middleware/PreventRequestsDuringMaintenance.php(109): Illuminate/Pipeline/Pipeline->Illuminate/Pipeline/{closure}()
#47 C:/Users/MSI/Desktop/projet cote serveur/stock-management/vendor/laravel/framework/src/Illuminate/Pipeline/Pipeline.php(219): Illuminate/Foundation/Http/Middleware/PreventRequestsDuringMaintenance->handle()
#48 C:/Users/MSI/Desktop/projet cote serveur/stock-management/vendor/laravel/framework/src/Illuminate/Http/Middleware/HandleCors.php(61): Illuminate/Pipeline/Pipeline->Illuminate/Pipeline/{closure}()
#49 C:/Users/MSI/Desktop/projet cote serveur/stock-management/vendor/laravel/framework/src/Illuminate/Pipeline/Pipeline.php(219): Illuminate/Http/Middleware/HandleCors->handle()
#50 C:/Users/MSI/Desktop/projet cote serveur/stock-management/vendor/laravel/framework/src/Illuminate/Http/Middleware/TrustProxies.php(58): Illuminate/Pipeline/Pipeline->Illuminate/Pipeline/{closure}()
#51 C:/Users/MSI/Desktop/projet cote serveur/stock-management/vendor/laravel/framework/src/Illuminate/Pipeline/Pipeline.php(219): Illuminate/Http/Middleware/TrustProxies->handle()
#52 C:/Users/MSI/Desktop/projet cote serveur/stock-management/vendor/laravel/framework/src/Illuminate/Foundation/Http/Middleware/InvokeDeferredCallbacks.php(22): Illuminate/Pipeline/Pipeline->Illuminate/Pipeline/{closure}()
#53 C:/Users/MSI/Desktop/projet cote serveur/stock-management/vendor/laravel/framework/src/Illuminate/Pipeline/Pipeline.php(219): Illuminate/Foundation/Http/Middleware/InvokeDeferredCallbacks->handle()
#54 C:/Users/MSI/Desktop/projet cote serveur/stock-management/vendor/laravel/framework/src/Illuminate/Http/Middleware/ValidatePathEncoding.php(26): Illuminate/Pipeline/Pipeline->Illuminate/Pipeline/{closure}()
#55 C:/Users/MSI/Desktop/projet cote serveur/stock-management/vendor/laravel/framework/src/Illuminate/Pipeline/Pipeline.php(219): Illuminate/Http/Middleware/ValidatePathEncoding->handle()
#56 C:/Users/MSI/Desktop/projet cote serveur/stock-management/vendor/laravel/framework/src/Illuminate/Pipeline/Pipeline.php(137): Illuminate/Pipeline/Pipeline->Illuminate/Pipeline/{closure}()
#57 C:/Users/MSI/Desktop/projet cote serveur/stock-management/vendor/laravel/framework/src/Illuminate/Foundation/Http/Kernel.php(175): Illuminate/Pipeline/Pipeline->then()
#58 C:/Users/MSI/Desktop/projet cote serveur/stock-management/vendor/laravel/framework/src/Illuminate/Foundation/Http/Kernel.php(144): Illuminate/Foundation/Http/Kernel->sendRequestThroughRouter()
#59 C:/Users/MSI/Desktop/projet cote serveur/stock-management/vendor/laravel/framework/src/Illuminate/Foundation/Application.php(1220): Illuminate/Foundation/Http/Kernel->handle()
#60 C:/Users/MSI/Desktop/projet cote serveur/stock-management/public/index.php(17): Illuminate/Foundation/Application->handleRequest()
#61 C:/Users/MSI/Desktop/projet cote serveur/stock-management/vendor/laravel/framework/src/Illuminate/Foundation/resources/server.php(23): require_once('...')
#62 {main}
"} 
[2026-04-28 10:17:33] local.ERROR: SQLSTATE[HY000] [2002] Aucune connexion n’a pu être établie car l’ordinateur cible l’a expressément refusée (Connection: mysql, Host: 127.0.0.1, Port: 3306, Database: stock_management, SQL: select * from `sessions` where `id` = mBrrCRF0UVvgAj4X1BqihqraXU4I3FeB49ljiHjm limit 1) {"exception":"[object] (Illuminate\\Database\\QueryException(code: 2002): SQLSTATE[HY000] [2002] Aucune connexion n’a pu être établie car l’ordinateur cible l’a expressément refusée (Connection: mysql, Host: 127.0.0.1, Port: 3306, Database: stock_management, SQL: select * from `sessions` where `id` = mBrrCRF0UVvgAj4X1BqihqraXU4I3FeB49ljiHjm limit 1) at C:/Users/MSI/Desktop/projet cote serveur/stock-management/vendor/laravel/framework/src/Illuminate/Database/Connection.php:838)
[stacktrace]
#0 C:/Users/MSI/Desktop/projet cote serveur/stock-management/vendor/laravel/framework/src/Illuminate/Database/Connection.php(794): Illuminate/Database/Connection->runQueryCallback()
#1 C:/Users/MSI/Desktop/projet cote serveur/stock-management/vendor/laravel/framework/src/Illuminate/Database/Connection.php(411): Illuminate/Database/Connection->run()
#2 C:/Users/MSI/Desktop/projet cote serveur/stock-management/vendor/laravel/framework/src/Illuminate/Database/Query/Builder.php(3505): Illuminate/Database/Connection->select()
#3 C:/Users/MSI/Desktop/projet cote serveur/stock-management/vendor/laravel/framework/src/Illuminate/Database/Query/Builder.php(3490): Illuminate/Database/Query/Builder->runSelect()
#4 C:/Users/MSI/Desktop/projet cote serveur/stock-management/vendor/laravel/framework/src/Illuminate/Database/Query/Builder.php(4080): Illuminate/Database/Query/Builder->Illuminate/Database/Query/{closure}()
#5 C:/Users/MSI/Desktop/projet cote serveur/stock-management/vendor/laravel/framework/src/Illuminate/Database/Query/Builder.php(3489): Illuminate/Database/Query/Builder->onceWithColumns()
#6 C:/Users/MSI/Desktop/projet cote serveur/stock-management/vendor/laravel/framework/src/Illuminate/Database/Concerns/BuildsQueries.php(366): Illuminate/Database/Query/Builder->get()
#7 C:/Users/MSI/Desktop/projet cote serveur/stock-management/vendor/laravel/framework/src/Illuminate/Database/Query/Builder.php(3412): Illuminate/Database/Query/Builder->first()
#8 C:/Users/MSI/Desktop/projet cote serveur/stock-management/vendor/laravel/framework/src/Illuminate/Session/DatabaseSessionHandler.php(96): Illuminate/Database/Query/Builder->find()
#9 C:/Users/MSI/Desktop/projet cote serveur/stock-management/vendor/laravel/framework/src/Illuminate/Session/Store.php(128): Illuminate/Session/DatabaseSessionHandler->read()
#10 C:/Users/MSI/Desktop/projet cote serveur/stock-management/vendor/laravel/framework/src/Illuminate/Session/Store.php(116): Illuminate/Session/Store->readFromHandler()
#11 C:/Users/MSI/Desktop/projet cote serveur/stock-management/vendor/laravel/framework/src/Illuminate/Session/Store.php(100): Illuminate/Session/Store->loadSession()
#12 C:/Users/MSI/Desktop/projet cote serveur/stock-management/vendor/laravel/framework/src/Illuminate/Session/Middleware/StartSession.php(146): Illuminate/Session/Store->start()
#13 C:/Users/MSI/Desktop/projet cote serveur/stock-management/vendor/laravel/framework/src/Illuminate/Support/helpers.php(393): Illuminate/Session/Middleware/StartSession->Illuminate/Session/Middleware/{closure}()
#14 C:/Users/MSI/Desktop/projet cote serveur/stock-management/vendor/laravel/framework/src/Illuminate/Session/Middleware/StartSession.php(143): tap()
#15 C:/Users/MSI/Desktop/projet cote serveur/stock-management/vendor/laravel/framework/src/Illuminate/Session/Middleware/StartSession.php(115): Illuminate/Session/Middleware/StartSession->startSession()
#16 C:/Users/MSI/Desktop/projet cote serveur/stock-management/vendor/laravel/framework/src/Illuminate/Session/Middleware/StartSession.php(63): Illuminate/Session/Middleware/StartSession->handleStatefulRequest()
#17 C:/Users/MSI/Desktop/projet cote serveur/stock-management/vendor/laravel/framework/src/Illuminate/Pipeline/Pipeline.php(219): Illuminate/Session/Middleware/StartSession->handle()
#18 C:/Users/MSI/Desktop/projet cote serveur/stock-management/vendor/laravel/framework/src/Illuminate/Cookie/Middleware/AddQueuedCookiesToResponse.php(36): Illuminate/Pipeline/Pipeline->Illuminate/Pipeline/{closure}()
#19 C:/Users/MSI/Desktop/projet cote serveur/stock-management/vendor/laravel/framework/src/Illuminate/Pipeline/Pipeline.php(219): Illuminate/Cookie/Middleware/AddQueuedCookiesToResponse->handle()
#20 C:/Users/MSI/Desktop/projet cote serveur/stock-management/vendor/laravel/framework/src/Illuminate/Cookie/Middleware/EncryptCookies.php(74): Illuminate/Pipeline/Pipeline->Illuminate/Pipeline/{closure}()
#21 C:/Users/MSI/Desktop/projet cote serveur/stock-management/vendor/laravel/framework/src/Illuminate/Pipeline/Pipeline.php(219): Illuminate/Cookie/Middleware/EncryptCookies->handle()
#22 C:/Users/MSI/Desktop/projet cote serveur/stock-management/vendor/laravel/framework/src/Illuminate/Pipeline/Pipeline.php(137): Illuminate/Pipeline/Pipeline->Illuminate/Pipeline/{closure}()
#23 C:/Users/MSI/Desktop/projet cote serveur/stock-management/vendor/laravel/framework/src/Illuminate/Routing/Router.php(821): Illuminate/Pipeline/Pipeline->then()
#24 C:/Users/MSI/Desktop/projet cote serveur/stock-management/vendor/laravel/framework/src/Illuminate/Routing/Router.php(800): Illuminate/Routing/Router->runRouteWithinStack()
#25 C:/Users/MSI/Desktop/projet cote serveur/stock-management/vendor/laravel/framework/src/Illuminate/Routing/Router.php(764): Illuminate/Routing/Router->runRoute()
#26 C:/Users/MSI/Desktop/projet cote serveur/stock-management/vendor/laravel/framework/src/Illuminate/Routing/Router.php(753): Illuminate/Routing/Router->dispatchToRoute()
#27 C:/Users/MSI/Desktop/projet cote serveur/stock-management/vendor/laravel/framework/src/Illuminate/Foundation/Http/Kernel.php(200): Illuminate/Routing/Router->dispatch()
#28 C:/Users/MSI/Desktop/projet cote serveur/stock-management/vendor/laravel/framework/src/Illuminate/Pipeline/Pipeline.php(180): Illuminate/Foundation/Http/Kernel->Illuminate/Foundation/Http/{closure}()
#29 C:/Users/MSI/Desktop/projet cote serveur/stock-management/vendor/laravel/framework/src/Illuminate/Foundation/Http/Middleware/TransformsRequest.php(21): Illuminate/Pipeline/Pipeline->Illuminate/Pipeline/{closure}()
#30 C:/Users/MSI/Desktop/projet cote serveur/stock-management/vendor/laravel/framework/src/Illuminate/Foundation/Http/Middleware/ConvertEmptyStringsToNull.php(31): Illuminate/Foundation/Http/Middleware/TransformsRequest->handle()
#31 C:/Users/MSI/Desktop/projet cote serveur/stock-management/vendor/laravel/framework/src/Illuminate/Pipeline/Pipeline.php(219): Illuminate/Foundation/Http/Middleware/ConvertEmptyStringsToNull->handle()
#32 C:/Users/MSI/Desktop/projet cote serveur/stock-management/vendor/laravel/framework/src/Illuminate/Foundation/Http/Middleware/TransformsRequest.php(21): Illuminate/Pipeline/Pipeline->Illuminate/Pipeline/{closure}()
#33 C:/Users/MSI/Desktop/projet cote serveur/stock-management/vendor/laravel/framework/src/Illuminate/Foundation/Http/Middleware/TrimStrings.php(51): Illuminate/Foundation/Http/Middleware/TransformsRequest->handle()
#34 C:/Users/MSI/Desktop/projet cote serveur/stock-management/vendor/laravel/framework/src/Illuminate/Pipeline/Pipeline.php(219): Illuminate/Foundation/Http/Middleware/TrimStrings->handle()
#35 C:/Users/MSI/Desktop/projet cote serveur/stock-management/vendor/laravel/framework/src/Illuminate/Http/Middleware/ValidatePostSize.php(27): Illuminate/Pipeline/Pipeline->Illuminate/Pipeline/{closure}()
#36 C:/Users/MSI/Desktop/projet cote serveur/stock-management/vendor/laravel/framework/src/Illuminate/Pipeline/Pipeline.php(219): Illuminate/Http/Middleware/ValidatePostSize->handle()
#37 C:/Users/MSI/Desktop/projet cote serveur/stock-management/vendor/laravel/framework/src/Illuminate/Foundation/Http/Middleware/PreventRequestsDuringMaintenance.php(109): Illuminate/Pipeline/Pipeline->Illuminate/Pipeline/{closure}()
#38 C:/Users/MSI/Desktop/projet cote serveur/stock-management/vendor/laravel/framework/src/Illuminate/Pipeline/Pipeline.php(219): Illuminate/Foundation/Http/Middleware/PreventRequestsDuringMaintenance->handle()
#39 C:/Users/MSI/Desktop/projet cote serveur/stock-management/vendor/laravel/framework/src/Illuminate/Http/Middleware/HandleCors.php(61): Illuminate/Pipeline/Pipeline->Illuminate/Pipeline/{closure}()
#40 C:/Users/MSI/Desktop/projet cote serveur/stock-management/vendor/laravel/framework/src/Illuminate/Pipeline/Pipeline.php(219): Illuminate/Http/Middleware/HandleCors->handle()
#41 C:/Users/MSI/Desktop/projet cote serveur/stock-management/vendor/laravel/framework/src/Illuminate/Http/Middleware/TrustProxies.php(58): Illuminate/Pipeline/Pipeline->Illuminate/Pipeline/{closure}()
#42 C:/Users/MSI/Desktop/projet cote serveur/stock-management/vendor/laravel/framework/src/Illuminate/Pipeline/Pipeline.php(219): Illuminate/Http/Middleware/TrustProxies->handle()
#43 C:/Users/MSI/Desktop/projet cote serveur/stock-management/vendor/laravel/framework/src/Illuminate/Foundation/Http/Middleware/InvokeDeferredCallbacks.php(22): Illuminate/Pipeline/Pipeline->Illuminate/Pipeline/{closure}()
#44 C:/Users/MSI/Desktop/projet cote serveur/stock-management/vendor/laravel/framework/src/Illuminate/Pipeline/Pipeline.php(219): Illuminate/Foundation/Http/Middleware/InvokeDeferredCallbacks->handle()
#45 C:/Users/MSI/Desktop/projet cote serveur/stock-management/vendor/laravel/framework/src/Illuminate/Http/Middleware/ValidatePathEncoding.php(26): Illuminate/Pipeline/Pipeline->Illuminate/Pipeline/{closure}()
#46 C:/Users/MSI/Desktop/projet cote serveur/stock-management/vendor/laravel/framework/src/Illuminate/Pipeline/Pipeline.php(219): Illuminate/Http/Middleware/ValidatePathEncoding->handle()
#47 C:/Users/MSI/Desktop/projet cote serveur/stock-management/vendor/laravel/framework/src/Illuminate/Pipeline/Pipeline.php(137): Illuminate/Pipeline/Pipeline->Illuminate/Pipeline/{closure}()
#48 C:/Users/MSI/Desktop/projet cote serveur/stock-management/vendor/laravel/framework/src/Illuminate/Foundation/Http/Kernel.php(175): Illuminate/Pipeline/Pipeline->then()
#49 C:/Users/MSI/Desktop/projet cote serveur/stock-management/vendor/laravel/framework/src/Illuminate/Foundation/Http/Kernel.php(144): Illuminate/Foundation/Http/Kernel->sendRequestThroughRouter()
#50 C:/Users/MSI/Desktop/projet cote serveur/stock-management/vendor/laravel/framework/src/Illuminate/Foundation/Application.php(1220): Illuminate/Foundation/Http/Kernel->handle()
#51 C:/Users/MSI/Desktop/projet cote serveur/stock-management/public/index.php(17): Illuminate/Foundation/Application->handleRequest()
#52 C:/Users/MSI/Desktop/projet cote serveur/stock-management/vendor/laravel/framework/src/Illuminate/Foundation/resources/server.php(23): require_once('...')
#53 {main}

[previous exception] [object] (PDOException(code: 2002): SQLSTATE[HY000] [2002] Aucune connexion n’a pu être établie car l’ordinateur cible l’a expressément refusée at C:/Users/MSI/Desktop/projet cote serveur/stock-management/vendor/laravel/framework/src/Illuminate/Database/Connectors/Connector.php:66)
[stacktrace]
#0 C:/Users/MSI/Desktop/projet cote serveur/stock-management/vendor/laravel/framework/src/Illuminate/Database/Connectors/Connector.php(66): PDO->__construct()
#1 C:/Users/MSI/Desktop/projet cote serveur/stock-management/vendor/laravel/framework/src/Illuminate/Database/Connectors/Connector.php(44): Illuminate/Database/Connectors/Connector->createPdoConnection()
#2 C:/Users/MSI/Desktop/projet cote serveur/stock-management/vendor/laravel/framework/src/Illuminate/Database/Connectors/MySqlConnector.php(24): Illuminate/Database/Connectors/Connector->createConnection()
#3 C:/Users/MSI/Desktop/projet cote serveur/stock-management/vendor/laravel/framework/src/Illuminate/Database/Connectors/ConnectionFactory.php(186): Illuminate/Database/Connectors/MySqlConnector->connect()
#4 [internal function]: Illuminate/Database/Connectors/ConnectionFactory->Illuminate/Database/Connectors/{closure}()
#5 C:/Users/MSI/Desktop/projet cote serveur/stock-management/vendor/laravel/framework/src/Illuminate/Database/Connection.php(1257): call_user_func()
#6 C:/Users/MSI/Desktop/projet cote serveur/stock-management/vendor/laravel/framework/src/Illuminate/Database/Connection.php(525): Illuminate/Database/Connection->getPdo()
#7 C:/Users/MSI/Desktop/projet cote serveur/stock-management/vendor/laravel/framework/src/Illuminate/Database/Connection.php(420): Illuminate/Database/Connection->getPdoForSelect()
#8 C:/Users/MSI/Desktop/projet cote serveur/stock-management/vendor/laravel/framework/src/Illuminate/Database/Connection.php(827): Illuminate/Database/Connection->Illuminate/Database/{closure}()
#9 C:/Users/MSI/Desktop/projet cote serveur/stock-management/vendor/laravel/framework/src/Illuminate/Database/Connection.php(794): Illuminate/Database/Connection->runQueryCallback()
#10 C:/Users/MSI/Desktop/projet cote serveur/stock-management/vendor/laravel/framework/src/Illuminate/Database/Connection.php(411): Illuminate/Database/Connection->run()
#11 C:/Users/MSI/Desktop/projet cote serveur/stock-management/vendor/laravel/framework/src/Illuminate/Database/Query/Builder.php(3505): Illuminate/Database/Connection->select()
#12 C:/Users/MSI/Desktop/projet cote serveur/stock-management/vendor/laravel/framework/src/Illuminate/Database/Query/Builder.php(3490): Illuminate/Database/Query/Builder->runSelect()
#13 C:/Users/MSI/Desktop/projet cote serveur/stock-management/vendor/laravel/framework/src/Illuminate/Database/Query/Builder.php(4080): Illuminate/Database/Query/Builder->Illuminate/Database/Query/{closure}()
#14 C:/Users/MSI/Desktop/projet cote serveur/stock-management/vendor/laravel/framework/src/Illuminate/Database/Query/Builder.php(3489): Illuminate/Database/Query/Builder->onceWithColumns()
#15 C:/Users/MSI/Desktop/projet cote serveur/stock-management/vendor/laravel/framework/src/Illuminate/Database/Concerns/BuildsQueries.php(366): Illuminate/Database/Query/Builder->get()
#16 C:/Users/MSI/Desktop/projet cote serveur/stock-management/vendor/laravel/framework/src/Illuminate/Database/Query/Builder.php(3412): Illuminate/Database/Query/Builder->first()
#17 C:/Users/MSI/Desktop/projet cote serveur/stock-management/vendor/laravel/framework/src/Illuminate/Session/DatabaseSessionHandler.php(96): Illuminate/Database/Query/Builder->find()
#18 C:/Users/MSI/Desktop/projet cote serveur/stock-management/vendor/laravel/framework/src/Illuminate/Session/Store.php(128): Illuminate/Session/DatabaseSessionHandler->read()
#19 C:/Users/MSI/Desktop/projet cote serveur/stock-management/vendor/laravel/framework/src/Illuminate/Session/Store.php(116): Illuminate/Session/Store->readFromHandler()
#20 C:/Users/MSI/Desktop/projet cote serveur/stock-management/vendor/laravel/framework/src/Illuminate/Session/Store.php(100): Illuminate/Session/Store->loadSession()
#21 C:/Users/MSI/Desktop/projet cote serveur/stock-management/vendor/laravel/framework/src/Illuminate/Session/Middleware/StartSession.php(146): Illuminate/Session/Store->start()
#22 C:/Users/MSI/Desktop/projet cote serveur/stock-management/vendor/laravel/framework/src/Illuminate/Support/helpers.php(393): Illuminate/Session/Middleware/StartSession->Illuminate/Session/Middleware/{closure}()
#23 C:/Users/MSI/Desktop/projet cote serveur/stock-management/vendor/laravel/framework/src/Illuminate/Session/Middleware/StartSession.php(143): tap()
#24 C:/Users/MSI/Desktop/projet cote serveur/stock-management/vendor/laravel/framework/src/Illuminate/Session/Middleware/StartSession.php(115): Illuminate/Session/Middleware/StartSession->startSession()
#25 C:/Users/MSI/Desktop/projet cote serveur/stock-management/vendor/laravel/framework/src/Illuminate/Session/Middleware/StartSession.php(63): Illuminate/Session/Middleware/StartSession->handleStatefulRequest()
#26 C:/Users/MSI/Desktop/projet cote serveur/stock-management/vendor/laravel/framework/src/Illuminate/Pipeline/Pipeline.php(219): Illuminate/Session/Middleware/StartSession->handle()
#27 C:/Users/MSI/Desktop/projet cote serveur/stock-management/vendor/laravel/framework/src/Illuminate/Cookie/Middleware/AddQueuedCookiesToResponse.php(36): Illuminate/Pipeline/Pipeline->Illuminate/Pipeline/{closure}()
#28 C:/Users/MSI/Desktop/projet cote serveur/stock-management/vendor/laravel/framework/src/Illuminate/Pipeline/Pipeline.php(219): Illuminate/Cookie/Middleware/AddQueuedCookiesToResponse->handle()
#29 C:/Users/MSI/Desktop/projet cote serveur/stock-management/vendor/laravel/framework/src/Illuminate/Cookie/Middleware/EncryptCookies.php(74): Illuminate/Pipeline/Pipeline->Illuminate/Pipeline/{closure}()
#30 C:/Users/MSI/Desktop/projet cote serveur/stock-management/vendor/laravel/framework/src/Illuminate/Pipeline/Pipeline.php(219): Illuminate/Cookie/Middleware/EncryptCookies->handle()
#31 C:/Users/MSI/Desktop/projet cote serveur/stock-management/vendor/laravel/framework/src/Illuminate/Pipeline/Pipeline.php(137): Illuminate/Pipeline/Pipeline->Illuminate/Pipeline/{closure}()
#32 C:/Users/MSI/Desktop/projet cote serveur/stock-management/vendor/laravel/framework/src/Illuminate/Routing/Router.php(821): Illuminate/Pipeline/Pipeline->then()
#33 C:/Users/MSI/Desktop/projet cote serveur/stock-management/vendor/laravel/framework/src/Illuminate/Routing/Router.php(800): Illuminate/Routing/Router->runRouteWithinStack()
#34 C:/Users/MSI/Desktop/projet cote serveur/stock-management/vendor/laravel/framework/src/Illuminate/Routing/Router.php(764): Illuminate/Routing/Router->runRoute()
#35 C:/Users/MSI/Desktop/projet cote serveur/stock-management/vendor/laravel/framework/src/Illuminate/Routing/Router.php(753): Illuminate/Routing/Router->dispatchToRoute()
#36 C:/Users/MSI/Desktop/projet cote serveur/stock-management/vendor/laravel/framework/src/Illuminate/Foundation/Http/Kernel.php(200): Illuminate/Routing/Router->dispatch()
#37 C:/Users/MSI/Desktop/projet cote serveur/stock-management/vendor/laravel/framework/src/Illuminate/Pipeline/Pipeline.php(180): Illuminate/Foundation/Http/Kernel->Illuminate/Foundation/Http/{closure}()
#38 C:/Users/MSI/Desktop/projet cote serveur/stock-management/vendor/laravel/framework/src/Illuminate/Foundation/Http/Middleware/TransformsRequest.php(21): Illuminate/Pipeline/Pipeline->Illuminate/Pipeline/{closure}()
#39 C:/Users/MSI/Desktop/projet cote serveur/stock-management/vendor/laravel/framework/src/Illuminate/Foundation/Http/Middleware/ConvertEmptyStringsToNull.php(31): Illuminate/Foundation/Http/Middleware/TransformsRequest->handle()
#40 C:/Users/MSI/Desktop/projet cote serveur/stock-management/vendor/laravel/framework/src/Illuminate/Pipeline/Pipeline.php(219): Illuminate/Foundation/Http/Middleware/ConvertEmptyStringsToNull->handle()
#41 C:/Users/MSI/Desktop/projet cote serveur/stock-management/vendor/laravel/framework/src/Illuminate/Foundation/Http/Middleware/TransformsRequest.php(21): Illuminate/Pipeline/Pipeline->Illuminate/Pipeline/{closure}()
#42 C:/Users/MSI/Desktop/projet cote serveur/stock-management/vendor/laravel/framework/src/Illuminate/Foundation/Http/Middleware/TrimStrings.php(51): Illuminate/Foundation/Http/Middleware/TransformsRequest->handle()
#43 C:/Users/MSI/Desktop/projet cote serveur/stock-management/vendor/laravel/framework/src/Illuminate/Pipeline/Pipeline.php(219): Illuminate/Foundation/Http/Middleware/TrimStrings->handle()
#44 C:/Users/MSI/Desktop/projet cote serveur/stock-management/vendor/laravel/framework/src/Illuminate/Http/Middleware/ValidatePostSize.php(27): Illuminate/Pipeline/Pipeline->Illuminate/Pipeline/{closure}()
#45 C:/Users/MSI/Desktop/projet cote serveur/stock-management/vendor/laravel/framework/src/Illuminate/Pipeline/Pipeline.php(219): Illuminate/Http/Middleware/ValidatePostSize->handle()
#46 C:/Users/MSI/Desktop/projet cote serveur/stock-management/vendor/laravel/framework/src/Illuminate/Foundation/Http/Middleware/PreventRequestsDuringMaintenance.php(109): Illuminate/Pipeline/Pipeline->Illuminate/Pipeline/{closure}()
#47 C:/Users/MSI/Desktop/projet cote serveur/stock-management/vendor/laravel/framework/src/Illuminate/Pipeline/Pipeline.php(219): Illuminate/Foundation/Http/Middleware/PreventRequestsDuringMaintenance->handle()
#48 C:/Users/MSI/Desktop/projet cote serveur/stock-management/vendor/laravel/framework/src/Illuminate/Http/Middleware/HandleCors.php(61): Illuminate/Pipeline/Pipeline->Illuminate/Pipeline/{closure}()
#49 C:/Users/MSI/Desktop/projet cote serveur/stock-management/vendor/laravel/framework/src/Illuminate/Pipeline/Pipeline.php(219): Illuminate/Http/Middleware/HandleCors->handle()
#50 C:/Users/MSI/Desktop/projet cote serveur/stock-management/vendor/laravel/framework/src/Illuminate/Http/Middleware/TrustProxies.php(58): Illuminate/Pipeline/Pipeline->Illuminate/Pipeline/{closure}()
#51 C:/Users/MSI/Desktop/projet cote serveur/stock-management/vendor/laravel/framework/src/Illuminate/Pipeline/Pipeline.php(219): Illuminate/Http/Middleware/TrustProxies->handle()
#52 C:/Users/MSI/Desktop/projet cote serveur/stock-management/vendor/laravel/framework/src/Illuminate/Foundation/Http/Middleware/InvokeDeferredCallbacks.php(22): Illuminate/Pipeline/Pipeline->Illuminate/Pipeline/{closure}()
#53 C:/Users/MSI/Desktop/projet cote serveur/stock-management/vendor/laravel/framework/src/Illuminate/Pipeline/Pipeline.php(219): Illuminate/Foundation/Http/Middleware/InvokeDeferredCallbacks->handle()
#54 C:/Users/MSI/Desktop/projet cote serveur/stock-management/vendor/laravel/framework/src/Illuminate/Http/Middleware/ValidatePathEncoding.php(26): Illuminate/Pipeline/Pipeline->Illuminate/Pipeline/{closure}()
#55 C:/Users/MSI/Desktop/projet cote serveur/stock-management/vendor/laravel/framework/src/Illuminate/Pipeline/Pipeline.php(219): Illuminate/Http/Middleware/ValidatePathEncoding->handle()
#56 C:/Users/MSI/Desktop/projet cote serveur/stock-management/vendor/laravel/framework/src/Illuminate/Pipeline/Pipeline.php(137): Illuminate/Pipeline/Pipeline->Illuminate/Pipeline/{closure}()
#57 C:/Users/MSI/Desktop/projet cote serveur/stock-management/vendor/laravel/framework/src/Illuminate/Foundation/Http/Kernel.php(175): Illuminate/Pipeline/Pipeline->then()
#58 C:/Users/MSI/Desktop/projet cote serveur/stock-management/vendor/laravel/framework/src/Illuminate/Foundation/Http/Kernel.php(144): Illuminate/Foundation/Http/Kernel->sendRequestThroughRouter()
#59 C:/Users/MSI/Desktop/projet cote serveur/stock-management/vendor/laravel/framework/src/Illuminate/Foundation/Application.php(1220): Illuminate/Foundation/Http/Kernel->handle()
#60 C:/Users/MSI/Desktop/projet cote serveur/stock-management/public/index.php(17): Illuminate/Foundation/Application->handleRequest()
#61 C:/Users/MSI/Desktop/projet cote serveur/stock-management/vendor/laravel/framework/src/Illuminate/Foundation/resources/server.php(23): require_once('...')
#62 {main}
"} 
[2026-04-28 10:18:01] local.ERROR: SQLSTATE[HY000] [2002] Aucune connexion n’a pu être établie car l’ordinateur cible l’a expressément refusée (Connection: mysql, Host: 127.0.0.1, Port: 3306, Database: stock_management, SQL: select * from `sessions` where `id` = Dz8tgBxSQ3XzJlp4iugW6Xi8S9PwBtsBLE5u5lvy limit 1) {"exception":"[object] (Illuminate\\Database\\QueryException(code: 2002): SQLSTATE[HY000] [2002] Aucune connexion n’a pu être établie car l’ordinateur cible l’a expressément refusée (Connection: mysql, Host: 127.0.0.1, Port: 3306, Database: stock_management, SQL: select * from `sessions` where `id` = Dz8tgBxSQ3XzJlp4iugW6Xi8S9PwBtsBLE5u5lvy limit 1) at C:/Users/MSI/Desktop/projet cote serveur/stock-management/vendor/laravel/framework/src/Illuminate/Database/Connection.php:838)
[stacktrace]
#0 C:/Users/MSI/Desktop/projet cote serveur/stock-management/vendor/laravel/framework/src/Illuminate/Database/Connection.php(794): Illuminate/Database/Connection->runQueryCallback()
#1 C:/Users/MSI/Desktop/projet cote serveur/stock-management/vendor/laravel/framework/src/Illuminate/Database/Connection.php(411): Illuminate/Database/Connection->run()
#2 C:/Users/MSI/Desktop/projet cote serveur/stock-management/vendor/laravel/framework/src/Illuminate/Database/Query/Builder.php(3505): Illuminate/Database/Connection->select()
#3 C:/Users/MSI/Desktop/projet cote serveur/stock-management/vendor/laravel/framework/src/Illuminate/Database/Query/Builder.php(3490): Illuminate/Database/Query/Builder->runSelect()
#4 C:/Users/MSI/Desktop/projet cote serveur/stock-management/vendor/laravel/framework/src/Illuminate/Database/Query/Builder.php(4080): Illuminate/Database/Query/Builder->Illuminate/Database/Query/{closure}()
#5 C:/Users/MSI/Desktop/projet cote serveur/stock-management/vendor/laravel/framework/src/Illuminate/Database/Query/Builder.php(3489): Illuminate/Database/Query/Builder->onceWithColumns()
#6 C:/Users/MSI/Desktop/projet cote serveur/stock-management/vendor/laravel/framework/src/Illuminate/Database/Concerns/BuildsQueries.php(366): Illuminate/Database/Query/Builder->get()
#7 C:/Users/MSI/Desktop/projet cote serveur/stock-management/vendor/laravel/framework/src/Illuminate/Database/Query/Builder.php(3412): Illuminate/Database/Query/Builder->first()
#8 C:/Users/MSI/Desktop/projet cote serveur/stock-management/vendor/laravel/framework/src/Illuminate/Session/DatabaseSessionHandler.php(96): Illuminate/Database/Query/Builder->find()
#9 C:/Users/MSI/Desktop/projet cote serveur/stock-management/vendor/laravel/framework/src/Illuminate/Session/Store.php(128): Illuminate/Session/DatabaseSessionHandler->read()
#10 C:/Users/MSI/Desktop/projet cote serveur/stock-management/vendor/laravel/framework/src/Illuminate/Session/Store.php(116): Illuminate/Session/Store->readFromHandler()
#11 C:/Users/MSI/Desktop/projet cote serveur/stock-management/vendor/laravel/framework/src/Illuminate/Session/Store.php(100): Illuminate/Session/Store->loadSession()
#12 C:/Users/MSI/Desktop/projet cote serveur/stock-management/vendor/laravel/framework/src/Illuminate/Session/Middleware/StartSession.php(146): Illuminate/Session/Store->start()
#13 C:/Users/MSI/Desktop/projet cote serveur/stock-management/vendor/laravel/framework/src/Illuminate/Support/helpers.php(393): Illuminate/Session/Middleware/StartSession->Illuminate/Session/Middleware/{closure}()
#14 C:/Users/MSI/Desktop/projet cote serveur/stock-management/vendor/laravel/framework/src/Illuminate/Session/Middleware/StartSession.php(143): tap()
#15 C:/Users/MSI/Desktop/projet cote serveur/stock-management/vendor/laravel/framework/src/Illuminate/Session/Middleware/StartSession.php(115): Illuminate/Session/Middleware/StartSession->startSession()
#16 C:/Users/MSI/Desktop/projet cote serveur/stock-management/vendor/laravel/framework/src/Illuminate/Session/Middleware/StartSession.php(63): Illuminate/Session/Middleware/StartSession->handleStatefulRequest()
#17 C:/Users/MSI/Desktop/projet cote serveur/stock-management/vendor/laravel/framework/src/Illuminate/Pipeline/Pipeline.php(219): Illuminate/Session/Middleware/StartSession->handle()
#18 C:/Users/MSI/Desktop/projet cote serveur/stock-management/vendor/laravel/framework/src/Illuminate/Cookie/Middleware/AddQueuedCookiesToResponse.php(36): Illuminate/Pipeline/Pipeline->Illuminate/Pipeline/{closure}()
#19 C:/Users/MSI/Desktop/projet cote serveur/stock-management/vendor/laravel/framework/src/Illuminate/Pipeline/Pipeline.php(219): Illuminate/Cookie/Middleware/AddQueuedCookiesToResponse->handle()
#20 C:/Users/MSI/Desktop/projet cote serveur/stock-management/vendor/laravel/framework/src/Illuminate/Cookie/Middleware/EncryptCookies.php(74): Illuminate/Pipeline/Pipeline->Illuminate/Pipeline/{closure}()
#21 C:/Users/MSI/Desktop/projet cote serveur/stock-management/vendor/laravel/framework/src/Illuminate/Pipeline/Pipeline.php(219): Illuminate/Cookie/Middleware/EncryptCookies->handle()
#22 C:/Users/MSI/Desktop/projet cote serveur/stock-management/vendor/laravel/framework/src/Illuminate/Pipeline/Pipeline.php(137): Illuminate/Pipeline/Pipeline->Illuminate/Pipeline/{closure}()
#23 C:/Users/MSI/Desktop/projet cote serveur/stock-management/vendor/laravel/framework/src/Illuminate/Routing/Router.php(821): Illuminate/Pipeline/Pipeline->then()
#24 C:/Users/MSI/Desktop/projet cote serveur/stock-management/vendor/laravel/framework/src/Illuminate/Routing/Router.php(800): Illuminate/Routing/Router->runRouteWithinStack()
#25 C:/Users/MSI/Desktop/projet cote serveur/stock-management/vendor/laravel/framework/src/Illuminate/Routing/Router.php(764): Illuminate/Routing/Router->runRoute()
#26 C:/Users/MSI/Desktop/projet cote serveur/stock-management/vendor/laravel/framework/src/Illuminate/Routing/Router.php(753): Illuminate/Routing/Router->dispatchToRoute()
#27 C:/Users/MSI/Desktop/projet cote serveur/stock-management/vendor/laravel/framework/src/Illuminate/Foundation/Http/Kernel.php(200): Illuminate/Routing/Router->dispatch()
#28 C:/Users/MSI/Desktop/projet cote serveur/stock-management/vendor/laravel/framework/src/Illuminate/Pipeline/Pipeline.php(180): Illuminate/Foundation/Http/Kernel->Illuminate/Foundation/Http/{closure}()
#29 C:/Users/MSI/Desktop/projet cote serveur/stock-management/vendor/laravel/framework/src/Illuminate/Foundation/Http/Middleware/TransformsRequest.php(21): Illuminate/Pipeline/Pipeline->Illuminate/Pipeline/{closure}()
#30 C:/Users/MSI/Desktop/projet cote serveur/stock-management/vendor/laravel/framework/src/Illuminate/Foundation/Http/Middleware/ConvertEmptyStringsToNull.php(31): Illuminate/Foundation/Http/Middleware/TransformsRequest->handle()
#31 C:/Users/MSI/Desktop/projet cote serveur/stock-management/vendor/laravel/framework/src/Illuminate/Pipeline/Pipeline.php(219): Illuminate/Foundation/Http/Middleware/ConvertEmptyStringsToNull->handle()
#32 C:/Users/MSI/Desktop/projet cote serveur/stock-management/vendor/laravel/framework/src/Illuminate/Foundation/Http/Middleware/TransformsRequest.php(21): Illuminate/Pipeline/Pipeline->Illuminate/Pipeline/{closure}()
#33 C:/Users/MSI/Desktop/projet cote serveur/stock-management/vendor/laravel/framework/src/Illuminate/Foundation/Http/Middleware/TrimStrings.php(51): Illuminate/Foundation/Http/Middleware/TransformsRequest->handle()
#34 C:/Users/MSI/Desktop/projet cote serveur/stock-management/vendor/laravel/framework/src/Illuminate/Pipeline/Pipeline.php(219): Illuminate/Foundation/Http/Middleware/TrimStrings->handle()
#35 C:/Users/MSI/Desktop/projet cote serveur/stock-management/vendor/laravel/framework/src/Illuminate/Http/Middleware/ValidatePostSize.php(27): Illuminate/Pipeline/Pipeline->Illuminate/Pipeline/{closure}()
#36 C:/Users/MSI/Desktop/projet cote serveur/stock-management/vendor/laravel/framework/src/Illuminate/Pipeline/Pipeline.php(219): Illuminate/Http/Middleware/ValidatePostSize->handle()
#37 C:/Users/MSI/Desktop/projet cote serveur/stock-management/vendor/laravel/framework/src/Illuminate/Foundation/Http/Middleware/PreventRequestsDuringMaintenance.php(109): Illuminate/Pipeline/Pipeline->Illuminate/Pipeline/{closure}()
#38 C:/Users/MSI/Desktop/projet cote serveur/stock-management/vendor/laravel/framework/src/Illuminate/Pipeline/Pipeline.php(219): Illuminate/Foundation/Http/Middleware/PreventRequestsDuringMaintenance->handle()
#39 C:/Users/MSI/Desktop/projet cote serveur/stock-management/vendor/laravel/framework/src/Illuminate/Http/Middleware/HandleCors.php(61): Illuminate/Pipeline/Pipeline->Illuminate/Pipeline/{closure}()
#40 C:/Users/MSI/Desktop/projet cote serveur/stock-management/vendor/laravel/framework/src/Illuminate/Pipeline/Pipeline.php(219): Illuminate/Http/Middleware/HandleCors->handle()
#41 C:/Users/MSI/Desktop/projet cote serveur/stock-management/vendor/laravel/framework/src/Illuminate/Http/Middleware/TrustProxies.php(58): Illuminate/Pipeline/Pipeline->Illuminate/Pipeline/{closure}()
#42 C:/Users/MSI/Desktop/projet cote serveur/stock-management/vendor/laravel/framework/src/Illuminate/Pipeline/Pipeline.php(219): Illuminate/Http/Middleware/TrustProxies->handle()
#43 C:/Users/MSI/Desktop/projet cote serveur/stock-management/vendor/laravel/framework/src/Illuminate/Foundation/Http/Middleware/InvokeDeferredCallbacks.php(22): Illuminate/Pipeline/Pipeline->Illuminate/Pipeline/{closure}()
#44 C:/Users/MSI/Desktop/projet cote serveur/stock-management/vendor/laravel/framework/src/Illuminate/Pipeline/Pipeline.php(219): Illuminate/Foundation/Http/Middleware/InvokeDeferredCallbacks->handle()
#45 C:/Users/MSI/Desktop/projet cote serveur/stock-management/vendor/laravel/framework/src/Illuminate/Http/Middleware/ValidatePathEncoding.php(26): Illuminate/Pipeline/Pipeline->Illuminate/Pipeline/{closure}()
#46 C:/Users/MSI/Desktop/projet cote serveur/stock-management/vendor/laravel/framework/src/Illuminate/Pipeline/Pipeline.php(219): Illuminate/Http/Middleware/ValidatePathEncoding->handle()
#47 C:/Users/MSI/Desktop/projet cote serveur/stock-management/vendor/laravel/framework/src/Illuminate/Pipeline/Pipeline.php(137): Illuminate/Pipeline/Pipeline->Illuminate/Pipeline/{closure}()
#48 C:/Users/MSI/Desktop/projet cote serveur/stock-management/vendor/laravel/framework/src/Illuminate/Foundation/Http/Kernel.php(175): Illuminate/Pipeline/Pipeline->then()
#49 C:/Users/MSI/Desktop/projet cote serveur/stock-management/vendor/laravel/framework/src/Illuminate/Foundation/Http/Kernel.php(144): Illuminate/Foundation/Http/Kernel->sendRequestThroughRouter()
#50 C:/Users/MSI/Desktop/projet cote serveur/stock-management/vendor/laravel/framework/src/Illuminate/Foundation/Application.php(1220): Illuminate/Foundation/Http/Kernel->handle()
#51 C:/Users/MSI/Desktop/projet cote serveur/stock-management/public/index.php(17): Illuminate/Foundation/Application->handleRequest()
#52 C:/Users/MSI/Desktop/projet cote serveur/stock-management/vendor/laravel/framework/src/Illuminate/Foundation/resources/server.php(23): require_once('...')
#53 {main}

[previous exception] [object] (PDOException(code: 2002): SQLSTATE[HY000] [2002] Aucune connexion n’a pu être établie car l’ordinateur cible l’a expressément refusée at C:/Users/MSI/Desktop/projet cote serveur/stock-management/vendor/laravel/framework/src/Illuminate/Database/Connectors/Connector.php:66)
[stacktrace]
#0 C:/Users/MSI/Desktop/projet cote serveur/stock-management/vendor/laravel/framework/src/Illuminate/Database/Connectors/Connector.php(66): PDO->__construct()
#1 C:/Users/MSI/Desktop/projet cote serveur/stock-management/vendor/laravel/framework/src/Illuminate/Database/Connectors/Connector.php(44): Illuminate/Database/Connectors/Connector->createPdoConnection()
#2 C:/Users/MSI/Desktop/projet cote serveur/stock-management/vendor/laravel/framework/src/Illuminate/Database/Connectors/MySqlConnector.php(24): Illuminate/Database/Connectors/Connector->createConnection()
#3 C:/Users/MSI/Desktop/projet cote serveur/stock-management/vendor/laravel/framework/src/Illuminate/Database/Connectors/ConnectionFactory.php(186): Illuminate/Database/Connectors/MySqlConnector->connect()
#4 [internal function]: Illuminate/Database/Connectors/ConnectionFactory->Illuminate/Database/Connectors/{closure}()
#5 C:/Users/MSI/Desktop/projet cote serveur/stock-management/vendor/laravel/framework/src/Illuminate/Database/Connection.php(1257): call_user_func()
#6 C:/Users/MSI/Desktop/projet cote serveur/stock-management/vendor/laravel/framework/src/Illuminate/Database/Connection.php(525): Illuminate/Database/Connection->getPdo()
#7 C:/Users/MSI/Desktop/projet cote serveur/stock-management/vendor/laravel/framework/src/Illuminate/Database/Connection.php(420): Illuminate/Database/Connection->getPdoForSelect()
#8 C:/Users/MSI/Desktop/projet cote serveur/stock-management/vendor/laravel/framework/src/Illuminate/Database/Connection.php(827): Illuminate/Database/Connection->Illuminate/Database/{closure}()
#9 C:/Users/MSI/Desktop/projet cote serveur/stock-management/vendor/laravel/framework/src/Illuminate/Database/Connection.php(794): Illuminate/Database/Connection->runQueryCallback()
#10 C:/Users/MSI/Desktop/projet cote serveur/stock-management/vendor/laravel/framework/src/Illuminate/Database/Connection.php(411): Illuminate/Database/Connection->run()
#11 C:/Users/MSI/Desktop/projet cote serveur/stock-management/vendor/laravel/framework/src/Illuminate/Database/Query/Builder.php(3505): Illuminate/Database/Connection->select()
#12 C:/Users/MSI/Desktop/projet cote serveur/stock-management/vendor/laravel/framework/src/Illuminate/Database/Query/Builder.php(3490): Illuminate/Database/Query/Builder->runSelect()
#13 C:/Users/MSI/Desktop/projet cote serveur/stock-management/vendor/laravel/framework/src/Illuminate/Database/Query/Builder.php(4080): Illuminate/Database/Query/Builder->Illuminate/Database/Query/{closure}()
#14 C:/Users/MSI/Desktop/projet cote serveur/stock-management/vendor/laravel/framework/src/Illuminate/Database/Query/Builder.php(3489): Illuminate/Database/Query/Builder->onceWithColumns()
#15 C:/Users/MSI/Desktop/projet cote serveur/stock-management/vendor/laravel/framework/src/Illuminate/Database/Concerns/BuildsQueries.php(366): Illuminate/Database/Query/Builder->get()
#16 C:/Users/MSI/Desktop/projet cote serveur/stock-management/vendor/laravel/framework/src/Illuminate/Database/Query/Builder.php(3412): Illuminate/Database/Query/Builder->first()
#17 C:/Users/MSI/Desktop/projet cote serveur/stock-management/vendor/laravel/framework/src/Illuminate/Session/DatabaseSessionHandler.php(96): Illuminate/Database/Query/Builder->find()
#18 C:/Users/MSI/Desktop/projet cote serveur/stock-management/vendor/laravel/framework/src/Illuminate/Session/Store.php(128): Illuminate/Session/DatabaseSessionHandler->read()
#19 C:/Users/MSI/Desktop/projet cote serveur/stock-management/vendor/laravel/framework/src/Illuminate/Session/Store.php(116): Illuminate/Session/Store->readFromHandler()
#20 C:/Users/MSI/Desktop/projet cote serveur/stock-management/vendor/laravel/framework/src/Illuminate/Session/Store.php(100): Illuminate/Session/Store->loadSession()
#21 C:/Users/MSI/Desktop/projet cote serveur/stock-management/vendor/laravel/framework/src/Illuminate/Session/Middleware/StartSession.php(146): Illuminate/Session/Store->start()
#22 C:/Users/MSI/Desktop/projet cote serveur/stock-management/vendor/laravel/framework/src/Illuminate/Support/helpers.php(393): Illuminate/Session/Middleware/StartSession->Illuminate/Session/Middleware/{closure}()
#23 C:/Users/MSI/Desktop/projet cote serveur/stock-management/vendor/laravel/framework/src/Illuminate/Session/Middleware/StartSession.php(143): tap()
#24 C:/Users/MSI/Desktop/projet cote serveur/stock-management/vendor/laravel/framework/src/Illuminate/Session/Middleware/StartSession.php(115): Illuminate/Session/Middleware/StartSession->startSession()
#25 C:/Users/MSI/Desktop/projet cote serveur/stock-management/vendor/laravel/framework/src/Illuminate/Session/Middleware/StartSession.php(63): Illuminate/Session/Middleware/StartSession->handleStatefulRequest()
#26 C:/Users/MSI/Desktop/projet cote serveur/stock-management/vendor/laravel/framework/src/Illuminate/Pipeline/Pipeline.php(219): Illuminate/Session/Middleware/StartSession->handle()
#27 C:/Users/MSI/Desktop/projet cote serveur/stock-management/vendor/laravel/framework/src/Illuminate/Cookie/Middleware/AddQueuedCookiesToResponse.php(36): Illuminate/Pipeline/Pipeline->Illuminate/Pipeline/{closure}()
#28 C:/Users/MSI/Desktop/projet cote serveur/stock-management/vendor/laravel/framework/src/Illuminate/Pipeline/Pipeline.php(219): Illuminate/Cookie/Middleware/AddQueuedCookiesToResponse->handle()
#29 C:/Users/MSI/Desktop/projet cote serveur/stock-management/vendor/laravel/framework/src/Illuminate/Cookie/Middleware/EncryptCookies.php(74): Illuminate/Pipeline/Pipeline->Illuminate/Pipeline/{closure}()
#30 C:/Users/MSI/Desktop/projet cote serveur/stock-management/vendor/laravel/framework/src/Illuminate/Pipeline/Pipeline.php(219): Illuminate/Cookie/Middleware/EncryptCookies->handle()
#31 C:/Users/MSI/Desktop/projet cote serveur/stock-management/vendor/laravel/framework/src/Illuminate/Pipeline/Pipeline.php(137): Illuminate/Pipeline/Pipeline->Illuminate/Pipeline/{closure}()
#32 C:/Users/MSI/Desktop/projet cote serveur/stock-management/vendor/laravel/framework/src/Illuminate/Routing/Router.php(821): Illuminate/Pipeline/Pipeline->then()
#33 C:/Users/MSI/Desktop/projet cote serveur/stock-management/vendor/laravel/framework/src/Illuminate/Routing/Router.php(800): Illuminate/Routing/Router->runRouteWithinStack()
#34 C:/Users/MSI/Desktop/projet cote serveur/stock-management/vendor/laravel/framework/src/Illuminate/Routing/Router.php(764): Illuminate/Routing/Router->runRoute()
#35 C:/Users/MSI/Desktop/projet cote serveur/stock-management/vendor/laravel/framework/src/Illuminate/Routing/Router.php(753): Illuminate/Routing/Router->dispatchToRoute()
#36 C:/Users/MSI/Desktop/projet cote serveur/stock-management/vendor/laravel/framework/src/Illuminate/Foundation/Http/Kernel.php(200): Illuminate/Routing/Router->dispatch()
#37 C:/Users/MSI/Desktop/projet cote serveur/stock-management/vendor/laravel/framework/src/Illuminate/Pipeline/Pipeline.php(180): Illuminate/Foundation/Http/Kernel->Illuminate/Foundation/Http/{closure}()
#38 C:/Users/MSI/Desktop/projet cote serveur/stock-management/vendor/laravel/framework/src/Illuminate/Foundation/Http/Middleware/TransformsRequest.php(21): Illuminate/Pipeline/Pipeline->Illuminate/Pipeline/{closure}()
#39 C:/Users/MSI/Desktop/projet cote serveur/stock-management/vendor/laravel/framework/src/Illuminate/Foundation/Http/Middleware/ConvertEmptyStringsToNull.php(31): Illuminate/Foundation/Http/Middleware/TransformsRequest->handle()
#40 C:/Users/MSI/Desktop/projet cote serveur/stock-management/vendor/laravel/framework/src/Illuminate/Pipeline/Pipeline.php(219): Illuminate/Foundation/Http/Middleware/ConvertEmptyStringsToNull->handle()
#41 C:/Users/MSI/Desktop/projet cote serveur/stock-management/vendor/laravel/framework/src/Illuminate/Foundation/Http/Middleware/TransformsRequest.php(21): Illuminate/Pipeline/Pipeline->Illuminate/Pipeline/{closure}()
#42 C:/Users/MSI/Desktop/projet cote serveur/stock-management/vendor/laravel/framework/src/Illuminate/Foundation/Http/Middleware/TrimStrings.php(51): Illuminate/Foundation/Http/Middleware/TransformsRequest->handle()
#43 C:/Users/MSI/Desktop/projet cote serveur/stock-management/vendor/laravel/framework/src/Illuminate/Pipeline/Pipeline.php(219): Illuminate/Foundation/Http/Middleware/TrimStrings->handle()
#44 C:/Users/MSI/Desktop/projet cote serveur/stock-management/vendor/laravel/framework/src/Illuminate/Http/Middleware/ValidatePostSize.php(27): Illuminate/Pipeline/Pipeline->Illuminate/Pipeline/{closure}()
#45 C:/Users/MSI/Desktop/projet cote serveur/stock-management/vendor/laravel/framework/src/Illuminate/Pipeline/Pipeline.php(219): Illuminate/Http/Middleware/ValidatePostSize->handle()
#46 C:/Users/MSI/Desktop/projet cote serveur/stock-management/vendor/laravel/framework/src/Illuminate/Foundation/Http/Middleware/PreventRequestsDuringMaintenance.php(109): Illuminate/Pipeline/Pipeline->Illuminate/Pipeline/{closure}()
#47 C:/Users/MSI/Desktop/projet cote serveur/stock-management/vendor/laravel/framework/src/Illuminate/Pipeline/Pipeline.php(219): Illuminate/Foundation/Http/Middleware/PreventRequestsDuringMaintenance->handle()
#48 C:/Users/MSI/Desktop/projet cote serveur/stock-management/vendor/laravel/framework/src/Illuminate/Http/Middleware/HandleCors.php(61): Illuminate/Pipeline/Pipeline->Illuminate/Pipeline/{closure}()
#49 C:/Users/MSI/Desktop/projet cote serveur/stock-management/vendor/laravel/framework/src/Illuminate/Pipeline/Pipeline.php(219): Illuminate/Http/Middleware/HandleCors->handle()
#50 C:/Users/MSI/Desktop/projet cote serveur/stock-management/vendor/laravel/framework/src/Illuminate/Http/Middleware/TrustProxies.php(58): Illuminate/Pipeline/Pipeline->Illuminate/Pipeline/{closure}()
#51 C:/Users/MSI/Desktop/projet cote serveur/stock-management/vendor/laravel/framework/src/Illuminate/Pipeline/Pipeline.php(219): Illuminate/Http/Middleware/TrustProxies->handle()
#52 C:/Users/MSI/Desktop/projet cote serveur/stock-management/vendor/laravel/framework/src/Illuminate/Foundation/Http/Middleware/InvokeDeferredCallbacks.php(22): Illuminate/Pipeline/Pipeline->Illuminate/Pipeline/{closure}()
#53 C:/Users/MSI/Desktop/projet cote serveur/stock-management/vendor/laravel/framework/src/Illuminate/Pipeline/Pipeline.php(219): Illuminate/Foundation/Http/Middleware/InvokeDeferredCallbacks->handle()
#54 C:/Users/MSI/Desktop/projet cote serveur/stock-management/vendor/laravel/framework/src/Illuminate/Http/Middleware/ValidatePathEncoding.php(26): Illuminate/Pipeline/Pipeline->Illuminate/Pipeline/{closure}()
#55 C:/Users/MSI/Desktop/projet cote serveur/stock-management/vendor/laravel/framework/src/Illuminate/Pipeline/Pipeline.php(219): Illuminate/Http/Middleware/ValidatePathEncoding->handle()
#56 C:/Users/MSI/Desktop/projet cote serveur/stock-management/vendor/laravel/framework/src/Illuminate/Pipeline/Pipeline.php(137): Illuminate/Pipeline/Pipeline->Illuminate/Pipeline/{closure}()
#57 C:/Users/MSI/Desktop/projet cote serveur/stock-management/vendor/laravel/framework/src/Illuminate/Foundation/Http/Kernel.php(175): Illuminate/Pipeline/Pipeline->then()
#58 C:/Users/MSI/Desktop/projet cote serveur/stock-management/vendor/laravel/framework/src/Illuminate/Foundation/Http/Kernel.php(144): Illuminate/Foundation/Http/Kernel->sendRequestThroughRouter()
#59 C:/Users/MSI/Desktop/projet cote serveur/stock-management/vendor/laravel/framework/src/Illuminate/Foundation/Application.php(1220): Illuminate/Foundation/Http/Kernel->handle()
#60 C:/Users/MSI/Desktop/projet cote serveur/stock-management/public/index.php(17): Illuminate/Foundation/Application->handleRequest()
#61 C:/Users/MSI/Desktop/projet cote serveur/stock-management/vendor/laravel/framework/src/Illuminate/Foundation/resources/server.php(23): require_once('...')
#62 {main}
"} 
[2026-04-28 10:18:36] local.ERROR: SQLSTATE[HY000] [2002] Aucune connexion n’a pu être établie car l’ordinateur cible l’a expressément refusée (Connection: mysql, Host: 127.0.0.1, Port: 3306, Database: stock_management, SQL: select exists (select 1 from information_schema.tables where table_schema = schema() and table_name = 'migrations' and table_type in ('BASE TABLE', 'SYSTEM VERSIONED')) as `exists`) {"exception":"[object] (Illuminate\\Database\\QueryException(code: 2002): SQLSTATE[HY000] [2002] Aucune connexion n’a pu être établie car l’ordinateur cible l’a expressément refusée (Connection: mysql, Host: 127.0.0.1, Port: 3306, Database: stock_management, SQL: select exists (select 1 from information_schema.tables where table_schema = schema() and table_name = 'migrations' and table_type in ('BASE TABLE', 'SYSTEM VERSIONED')) as `exists`) at C:/Users/MSI/Desktop/projet cote serveur/stock-management/vendor/laravel/framework/src/Illuminate/Database/Connection.php:838)
[stacktrace]
#0 C:/Users/MSI/Desktop/projet cote serveur/stock-management/vendor/laravel/framework/src/Illuminate/Database/Connection.php(794): Illuminate/Database/Connection->runQueryCallback()
#1 C:/Users/MSI/Desktop/projet cote serveur/stock-management/vendor/laravel/framework/src/Illuminate/Database/Connection.php(411): Illuminate/Database/Connection->run()
#2 C:/Users/MSI/Desktop/projet cote serveur/stock-management/vendor/laravel/framework/src/Illuminate/Database/Connection.php(357): Illuminate/Database/Connection->select()
#3 C:/Users/MSI/Desktop/projet cote serveur/stock-management/vendor/laravel/framework/src/Illuminate/Database/Connection.php(374): Illuminate/Database/Connection->selectOne()
#4 C:/Users/MSI/Desktop/projet cote serveur/stock-management/vendor/laravel/framework/src/Illuminate/Database/Schema/Builder.php(176): Illuminate/Database/Connection->scalar()
#5 C:/Users/MSI/Desktop/projet cote serveur/stock-management/vendor/laravel/framework/src/Illuminate/Database/Migrations/DatabaseMigrationRepository.php(185): Illuminate/Database/Schema/Builder->hasTable()
#6 C:/Users/MSI/Desktop/projet cote serveur/stock-management/vendor/laravel/framework/src/Illuminate/Database/Migrations/Migrator.php(758): Illuminate/Database/Migrations/DatabaseMigrationRepository->repositoryExists()
#7 C:/Users/MSI/Desktop/projet cote serveur/stock-management/vendor/laravel/framework/src/Illuminate/Database/Console/Migrations/MigrateCommand.php(164): Illuminate/Database/Migrations/Migrator->repositoryExists()
#8 C:/Users/MSI/Desktop/projet cote serveur/stock-management/vendor/laravel/framework/src/Illuminate/Support/helpers.php(328): Illuminate/Database/Console/Migrations/MigrateCommand->Illuminate/Database/Console/Migrations/{closure}()
#9 C:/Users/MSI/Desktop/projet cote serveur/stock-management/vendor/laravel/framework/src/Illuminate/Database/Console/Migrations/MigrateCommand.php(164): retry()
#10 C:/Users/MSI/Desktop/projet cote serveur/stock-management/vendor/laravel/framework/src/Illuminate/Database/Console/Migrations/MigrateCommand.php(140): Illuminate/Database/Console/Migrations/MigrateCommand->repositoryExists()
#11 C:/Users/MSI/Desktop/projet cote serveur/stock-management/vendor/laravel/framework/src/Illuminate/Database/Console/Migrations/MigrateCommand.php(110): Illuminate/Database/Console/Migrations/MigrateCommand->prepareDatabase()
#12 C:/Users/MSI/Desktop/projet cote serveur/stock-management/vendor/laravel/framework/src/Illuminate/Database/Migrations/Migrator.php(671): Illuminate/Database/Console/Migrations/MigrateCommand->Illuminate/Database/Console/Migrations/{closure}()
#13 C:/Users/MSI/Desktop/projet cote serveur/stock-management/vendor/laravel/framework/src/Illuminate/Database/Console/Migrations/MigrateCommand.php(109): Illuminate/Database/Migrations/Migrator->usingConnection()
#14 C:/Users/MSI/Desktop/projet cote serveur/stock-management/vendor/laravel/framework/src/Illuminate/Database/Console/Migrations/MigrateCommand.php(88): Illuminate/Database/Console/Migrations/MigrateCommand->runMigrations()
#15 C:/Users/MSI/Desktop/projet cote serveur/stock-management/vendor/laravel/framework/src/Illuminate/Container/BoundMethod.php(36): Illuminate/Database/Console/Migrations/MigrateCommand->handle()
#16 C:/Users/MSI/Desktop/projet cote serveur/stock-management/vendor/laravel/framework/src/Illuminate/Container/Util.php(43): Illuminate/Container/BoundMethod::Illuminate/Container/{closure}()
#17 C:/Users/MSI/Desktop/projet cote serveur/stock-management/vendor/laravel/framework/src/Illuminate/Container/BoundMethod.php(96): Illuminate/Container/Util::unwrapIfClosure()
#18 C:/Users/MSI/Desktop/projet cote serveur/stock-management/vendor/laravel/framework/src/Illuminate/Container/BoundMethod.php(35): Illuminate/Container/BoundMethod::callBoundMethod()
#19 C:/Users/MSI/Desktop/projet cote serveur/stock-management/vendor/laravel/framework/src/Illuminate/Container/Container.php(799): Illuminate/Container/BoundMethod::call()
#20 C:/Users/MSI/Desktop/projet cote serveur/stock-management/vendor/laravel/framework/src/Illuminate/Console/Command.php(211): Illuminate/Container/Container->call()
#21 C:/Users/MSI/Desktop/projet cote serveur/stock-management/vendor/symfony/console/Command/Command.php(341): Illuminate/Console/Command->execute()
#22 C:/Users/MSI/Desktop/projet cote serveur/stock-management/vendor/laravel/framework/src/Illuminate/Console/Command.php(180): Symfony/Component/Console/Command/Command->run()
#23 C:/Users/MSI/Desktop/projet cote serveur/stock-management/vendor/laravel/framework/src/Illuminate/Console/Concerns/CallsCommands.php(68): Illuminate/Console/Command->run()
#24 C:/Users/MSI/Desktop/projet cote serveur/stock-management/vendor/laravel/framework/src/Illuminate/Console/Concerns/CallsCommands.php(29): Illuminate/Console/Command->runCommand()
#25 C:/Users/MSI/Desktop/projet cote serveur/stock-management/vendor/laravel/framework/src/Illuminate/Database/Console/Migrations/FreshCommand.php(88): Illuminate/Console/Command->call()
#26 C:/Users/MSI/Desktop/projet cote serveur/stock-management/vendor/laravel/framework/src/Illuminate/Container/BoundMethod.php(36): Illuminate/Database/Console/Migrations/FreshCommand->handle()
#27 C:/Users/MSI/Desktop/projet cote serveur/stock-management/vendor/laravel/framework/src/Illuminate/Container/Util.php(43): Illuminate/Container/BoundMethod::Illuminate/Container/{closure}()
#28 C:/Users/MSI/Desktop/projet cote serveur/stock-management/vendor/laravel/framework/src/Illuminate/Container/BoundMethod.php(96): Illuminate/Container/Util::unwrapIfClosure()
#29 C:/Users/MSI/Desktop/projet cote serveur/stock-management/vendor/laravel/framework/src/Illuminate/Container/BoundMethod.php(35): Illuminate/Container/BoundMethod::callBoundMethod()
#30 C:/Users/MSI/Desktop/projet cote serveur/stock-management/vendor/laravel/framework/src/Illuminate/Container/Container.php(799): Illuminate/Container/BoundMethod::call()
#31 C:/Users/MSI/Desktop/projet cote serveur/stock-management/vendor/laravel/framework/src/Illuminate/Console/Command.php(211): Illuminate/Container/Container->call()
#32 C:/Users/MSI/Desktop/projet cote serveur/stock-management/vendor/symfony/console/Command/Command.php(341): Illuminate/Console/Command->execute()
#33 C:/Users/MSI/Desktop/projet cote serveur/stock-management/vendor/laravel/framework/src/Illuminate/Console/Command.php(180): Symfony/Component/Console/Command/Command->run()
#34 C:/Users/MSI/Desktop/projet cote serveur/stock-management/vendor/symfony/console/Application.php(1117): Illuminate/Console/Command->run()
#35 C:/Users/MSI/Desktop/projet cote serveur/stock-management/vendor/symfony/console/Application.php(356): Symfony/Component/Console/Application->doRunCommand()
#36 C:/Users/MSI/Desktop/projet cote serveur/stock-management/vendor/symfony/console/Application.php(195): Symfony/Component/Console/Application->doRun()
#37 C:/Users/MSI/Desktop/projet cote serveur/stock-management/vendor/laravel/framework/src/Illuminate/Foundation/Console/Kernel.php(198): Symfony/Component/Console/Application->run()
#38 C:/Users/MSI/Desktop/projet cote serveur/stock-management/vendor/laravel/framework/src/Illuminate/Foundation/Application.php(1235): Illuminate/Foundation/Console/Kernel->handle()
#39 C:/Users/MSI/Desktop/projet cote serveur/stock-management/artisan(13): Illuminate/Foundation/Application->handleCommand()
#40 {main}

[previous exception] [object] (PDOException(code: 2002): SQLSTATE[HY000] [2002] Aucune connexion n’a pu être établie car l’ordinateur cible l’a expressément refusée at C:/Users/MSI/Desktop/projet cote serveur/stock-management/vendor/laravel/framework/src/Illuminate/Database/Connectors/Connector.php:66)
[stacktrace]
#0 C:/Users/MSI/Desktop/projet cote serveur/stock-management/vendor/laravel/framework/src/Illuminate/Database/Connectors/Connector.php(66): PDO->__construct()
#1 C:/Users/MSI/Desktop/projet cote serveur/stock-management/vendor/laravel/framework/src/Illuminate/Database/Connectors/Connector.php(44): Illuminate/Database/Connectors/Connector->createPdoConnection()
#2 C:/Users/MSI/Desktop/projet cote serveur/stock-management/vendor/laravel/framework/src/Illuminate/Database/Connectors/MySqlConnector.php(24): Illuminate/Database/Connectors/Connector->createConnection()
#3 C:/Users/MSI/Desktop/projet cote serveur/stock-management/vendor/laravel/framework/src/Illuminate/Database/Connectors/ConnectionFactory.php(186): Illuminate/Database/Connectors/MySqlConnector->connect()
#4 [internal function]: Illuminate/Database/Connectors/ConnectionFactory->Illuminate/Database/Connectors/{closure}()
#5 C:/Users/MSI/Desktop/projet cote serveur/stock-management/vendor/laravel/framework/src/Illuminate/Database/Connection.php(1257): call_user_func()
#6 C:/Users/MSI/Desktop/projet cote serveur/stock-management/vendor/laravel/framework/src/Illuminate/Database/Connection.php(1295): Illuminate/Database/Connection->getPdo()
#7 C:/Users/MSI/Desktop/projet cote serveur/stock-management/vendor/laravel/framework/src/Illuminate/Database/Connection.php(525): Illuminate/Database/Connection->getReadPdo()
#8 C:/Users/MSI/Desktop/projet cote serveur/stock-management/vendor/laravel/framework/src/Illuminate/Database/Connection.php(420): Illuminate/Database/Connection->getPdoForSelect()
#9 C:/Users/MSI/Desktop/projet cote serveur/stock-management/vendor/laravel/framework/src/Illuminate/Database/Connection.php(827): Illuminate/Database/Connection->Illuminate/Database/{closure}()
#10 C:/Users/MSI/Desktop/projet cote serveur/stock-management/vendor/laravel/framework/src/Illuminate/Database/Connection.php(794): Illuminate/Database/Connection->runQueryCallback()
#11 C:/Users/MSI/Desktop/projet cote serveur/stock-management/vendor/laravel/framework/src/Illuminate/Database/Connection.php(411): Illuminate/Database/Connection->run()
#12 C:/Users/MSI/Desktop/projet cote serveur/stock-management/vendor/laravel/framework/src/Illuminate/Database/Connection.php(357): Illuminate/Database/Connection->select()
#13 C:/Users/MSI/Desktop/projet cote serveur/stock-management/vendor/laravel/framework/src/Illuminate/Database/Connection.php(374): Illuminate/Database/Connection->selectOne()
#14 C:/Users/MSI/Desktop/projet cote serveur/stock-management/vendor/laravel/framework/src/Illuminate/Database/Schema/Builder.php(176): Illuminate/Database/Connection->scalar()
#15 C:/Users/MSI/Desktop/projet cote serveur/stock-management/vendor/laravel/framework/src/Illuminate/Database/Migrations/DatabaseMigrationRepository.php(185): Illuminate/Database/Schema/Builder->hasTable()
#16 C:/Users/MSI/Desktop/projet cote serveur/stock-management/vendor/laravel/framework/src/Illuminate/Database/Migrations/Migrator.php(758): Illuminate/Database/Migrations/DatabaseMigrationRepository->repositoryExists()
#17 C:/Users/MSI/Desktop/projet cote serveur/stock-management/vendor/laravel/framework/src/Illuminate/Database/Console/Migrations/MigrateCommand.php(164): Illuminate/Database/Migrations/Migrator->repositoryExists()
#18 C:/Users/MSI/Desktop/projet cote serveur/stock-management/vendor/laravel/framework/src/Illuminate/Support/helpers.php(328): Illuminate/Database/Console/Migrations/MigrateCommand->Illuminate/Database/Console/Migrations/{closure}()
#19 C:/Users/MSI/Desktop/projet cote serveur/stock-management/vendor/laravel/framework/src/Illuminate/Database/Console/Migrations/MigrateCommand.php(164): retry()
#20 C:/Users/MSI/Desktop/projet cote serveur/stock-management/vendor/laravel/framework/src/Illuminate/Database/Console/Migrations/MigrateCommand.php(140): Illuminate/Database/Console/Migrations/MigrateCommand->repositoryExists()
#21 C:/Users/MSI/Desktop/projet cote serveur/stock-management/vendor/laravel/framework/src/Illuminate/Database/Console/Migrations/MigrateCommand.php(110): Illuminate/Database/Console/Migrations/MigrateCommand->prepareDatabase()
#22 C:/Users/MSI/Desktop/projet cote serveur/stock-management/vendor/laravel/framework/src/Illuminate/Database/Migrations/Migrator.php(671): Illuminate/Database/Console/Migrations/MigrateCommand->Illuminate/Database/Console/Migrations/{closure}()
#23 C:/Users/MSI/Desktop/projet cote serveur/stock-management/vendor/laravel/framework/src/Illuminate/Database/Console/Migrations/MigrateCommand.php(109): Illuminate/Database/Migrations/Migrator->usingConnection()
#24 C:/Users/MSI/Desktop/projet cote serveur/stock-management/vendor/laravel/framework/src/Illuminate/Database/Console/Migrations/MigrateCommand.php(88): Illuminate/Database/Console/Migrations/MigrateCommand->runMigrations()
#25 C:/Users/MSI/Desktop/projet cote serveur/stock-management/vendor/laravel/framework/src/Illuminate/Container/BoundMethod.php(36): Illuminate/Database/Console/Migrations/MigrateCommand->handle()
#26 C:/Users/MSI/Desktop/projet cote serveur/stock-management/vendor/laravel/framework/src/Illuminate/Container/Util.php(43): Illuminate/Container/BoundMethod::Illuminate/Container/{closure}()
#27 C:/Users/MSI/Desktop/projet cote serveur/stock-management/vendor/laravel/framework/src/Illuminate/Container/BoundMethod.php(96): Illuminate/Container/Util::unwrapIfClosure()
#28 C:/Users/MSI/Desktop/projet cote serveur/stock-management/vendor/laravel/framework/src/Illuminate/Container/BoundMethod.php(35): Illuminate/Container/BoundMethod::callBoundMethod()
#29 C:/Users/MSI/Desktop/projet cote serveur/stock-management/vendor/laravel/framework/src/Illuminate/Container/Container.php(799): Illuminate/Container/BoundMethod::call()
#30 C:/Users/MSI/Desktop/projet cote serveur/stock-management/vendor/laravel/framework/src/Illuminate/Console/Command.php(211): Illuminate/Container/Container->call()
#31 C:/Users/MSI/Desktop/projet cote serveur/stock-management/vendor/symfony/console/Command/Command.php(341): Illuminate/Console/Command->execute()
#32 C:/Users/MSI/Desktop/projet cote serveur/stock-management/vendor/laravel/framework/src/Illuminate/Console/Command.php(180): Symfony/Component/Console/Command/Command->run()
#33 C:/Users/MSI/Desktop/projet cote serveur/stock-management/vendor/laravel/framework/src/Illuminate/Console/Concerns/CallsCommands.php(68): Illuminate/Console/Command->run()
#34 C:/Users/MSI/Desktop/projet cote serveur/stock-management/vendor/laravel/framework/src/Illuminate/Console/Concerns/CallsCommands.php(29): Illuminate/Console/Command->runCommand()
#35 C:/Users/MSI/Desktop/projet cote serveur/stock-management/vendor/laravel/framework/src/Illuminate/Database/Console/Migrations/FreshCommand.php(88): Illuminate/Console/Command->call()
#36 C:/Users/MSI/Desktop/projet cote serveur/stock-management/vendor/laravel/framework/src/Illuminate/Container/BoundMethod.php(36): Illuminate/Database/Console/Migrations/FreshCommand->handle()
#37 C:/Users/MSI/Desktop/projet cote serveur/stock-management/vendor/laravel/framework/src/Illuminate/Container/Util.php(43): Illuminate/Container/BoundMethod::Illuminate/Container/{closure}()
#38 C:/Users/MSI/Desktop/projet cote serveur/stock-management/vendor/laravel/framework/src/Illuminate/Container/BoundMethod.php(96): Illuminate/Container/Util::unwrapIfClosure()
#39 C:/Users/MSI/Desktop/projet cote serveur/stock-management/vendor/laravel/framework/src/Illuminate/Container/BoundMethod.php(35): Illuminate/Container/BoundMethod::callBoundMethod()
#40 C:/Users/MSI/Desktop/projet cote serveur/stock-management/vendor/laravel/framework/src/Illuminate/Container/Container.php(799): Illuminate/Container/BoundMethod::call()
#41 C:/Users/MSI/Desktop/projet cote serveur/stock-management/vendor/laravel/framework/src/Illuminate/Console/Command.php(211): Illuminate/Container/Container->call()
#42 C:/Users/MSI/Desktop/projet cote serveur/stock-management/vendor/symfony/console/Command/Command.php(341): Illuminate/Console/Command->execute()
#43 C:/Users/MSI/Desktop/projet cote serveur/stock-management/vendor/laravel/framework/src/Illuminate/Console/Command.php(180): Symfony/Component/Console/Command/Command->run()
#44 C:/Users/MSI/Desktop/projet cote serveur/stock-management/vendor/symfony/console/Application.php(1117): Illuminate/Console/Command->run()
#45 C:/Users/MSI/Desktop/projet cote serveur/stock-management/vendor/symfony/console/Application.php(356): Symfony/Component/Console/Application->doRunCommand()
#46 C:/Users/MSI/Desktop/projet cote serveur/stock-management/vendor/symfony/console/Application.php(195): Symfony/Component/Console/Application->doRun()
#47 C:/Users/MSI/Desktop/projet cote serveur/stock-management/vendor/laravel/framework/src/Illuminate/Foundation/Console/Kernel.php(198): Symfony/Component/Console/Application->run()
#48 C:/Users/MSI/Desktop/projet cote serveur/stock-management/vendor/laravel/framework/src/Illuminate/Foundation/Application.php(1235): Illuminate/Foundation/Console/Kernel->handle()
#49 C:/Users/MSI/Desktop/projet cote serveur/stock-management/artisan(13): Illuminate/Foundation/Application->handleCommand()
#50 {main}
"} 
[2026-04-28 10:19:28] local.ERROR: SQLSTATE[HY000] [2002] Aucune connexion n’a pu être établie car l’ordinateur cible l’a expressément refusée (Connection: mysql, Host: 127.0.0.1, Port: 3306, Database: stock_management, SQL: select exists (select 1 from information_schema.tables where table_schema = schema() and table_name = 'migrations' and table_type in ('BASE TABLE', 'SYSTEM VERSIONED')) as `exists`) {"exception":"[object] (Illuminate\\Database\\QueryException(code: 2002): SQLSTATE[HY000] [2002] Aucune connexion n’a pu être établie car l’ordinateur cible l’a expressément refusée (Connection: mysql, Host: 127.0.0.1, Port: 3306, Database: stock_management, SQL: select exists (select 1 from information_schema.tables where table_schema = schema() and table_name = 'migrations' and table_type in ('BASE TABLE', 'SYSTEM VERSIONED')) as `exists`) at C:/Users/MSI/Desktop/projet cote serveur/stock-management/vendor/laravel/framework/src/Illuminate/Database/Connection.php:838)
[stacktrace]
#0 C:/Users/MSI/Desktop/projet cote serveur/stock-management/vendor/laravel/framework/src/Illuminate/Database/Connection.php(794): Illuminate/Database/Connection->runQueryCallback()
#1 C:/Users/MSI/Desktop/projet cote serveur/stock-management/vendor/laravel/framework/src/Illuminate/Database/Connection.php(411): Illuminate/Database/Connection->run()
#2 C:/Users/MSI/Desktop/projet cote serveur/stock-management/vendor/laravel/framework/src/Illuminate/Database/Connection.php(357): Illuminate/Database/Connection->select()
#3 C:/Users/MSI/Desktop/projet cote serveur/stock-management/vendor/laravel/framework/src/Illuminate/Database/Connection.php(374): Illuminate/Database/Connection->selectOne()
#4 C:/Users/MSI/Desktop/projet cote serveur/stock-management/vendor/laravel/framework/src/Illuminate/Database/Schema/Builder.php(176): Illuminate/Database/Connection->scalar()
#5 C:/Users/MSI/Desktop/projet cote serveur/stock-management/vendor/laravel/framework/src/Illuminate/Database/Migrations/DatabaseMigrationRepository.php(185): Illuminate/Database/Schema/Builder->hasTable()
#6 C:/Users/MSI/Desktop/projet cote serveur/stock-management/vendor/laravel/framework/src/Illuminate/Database/Migrations/Migrator.php(758): Illuminate/Database/Migrations/DatabaseMigrationRepository->repositoryExists()
#7 C:/Users/MSI/Desktop/projet cote serveur/stock-management/vendor/laravel/framework/src/Illuminate/Database/Console/Migrations/MigrateCommand.php(164): Illuminate/Database/Migrations/Migrator->repositoryExists()
#8 C:/Users/MSI/Desktop/projet cote serveur/stock-management/vendor/laravel/framework/src/Illuminate/Support/helpers.php(328): Illuminate/Database/Console/Migrations/MigrateCommand->Illuminate/Database/Console/Migrations/{closure}()
#9 C:/Users/MSI/Desktop/projet cote serveur/stock-management/vendor/laravel/framework/src/Illuminate/Database/Console/Migrations/MigrateCommand.php(164): retry()
#10 C:/Users/MSI/Desktop/projet cote serveur/stock-management/vendor/laravel/framework/src/Illuminate/Database/Console/Migrations/MigrateCommand.php(140): Illuminate/Database/Console/Migrations/MigrateCommand->repositoryExists()
#11 C:/Users/MSI/Desktop/projet cote serveur/stock-management/vendor/laravel/framework/src/Illuminate/Database/Console/Migrations/MigrateCommand.php(110): Illuminate/Database/Console/Migrations/MigrateCommand->prepareDatabase()
#12 C:/Users/MSI/Desktop/projet cote serveur/stock-management/vendor/laravel/framework/src/Illuminate/Database/Migrations/Migrator.php(671): Illuminate/Database/Console/Migrations/MigrateCommand->Illuminate/Database/Console/Migrations/{closure}()
#13 C:/Users/MSI/Desktop/projet cote serveur/stock-management/vendor/laravel/framework/src/Illuminate/Database/Console/Migrations/MigrateCommand.php(109): Illuminate/Database/Migrations/Migrator->usingConnection()
#14 C:/Users/MSI/Desktop/projet cote serveur/stock-management/vendor/laravel/framework/src/Illuminate/Database/Console/Migrations/MigrateCommand.php(88): Illuminate/Database/Console/Migrations/MigrateCommand->runMigrations()
#15 C:/Users/MSI/Desktop/projet cote serveur/stock-management/vendor/laravel/framework/src/Illuminate/Container/BoundMethod.php(36): Illuminate/Database/Console/Migrations/MigrateCommand->handle()
#16 C:/Users/MSI/Desktop/projet cote serveur/stock-management/vendor/laravel/framework/src/Illuminate/Container/Util.php(43): Illuminate/Container/BoundMethod::Illuminate/Container/{closure}()
#17 C:/Users/MSI/Desktop/projet cote serveur/stock-management/vendor/laravel/framework/src/Illuminate/Container/BoundMethod.php(96): Illuminate/Container/Util::unwrapIfClosure()
#18 C:/Users/MSI/Desktop/projet cote serveur/stock-management/vendor/laravel/framework/src/Illuminate/Container/BoundMethod.php(35): Illuminate/Container/BoundMethod::callBoundMethod()
#19 C:/Users/MSI/Desktop/projet cote serveur/stock-management/vendor/laravel/framework/src/Illuminate/Container/Container.php(799): Illuminate/Container/BoundMethod::call()
#20 C:/Users/MSI/Desktop/projet cote serveur/stock-management/vendor/laravel/framework/src/Illuminate/Console/Command.php(211): Illuminate/Container/Container->call()
#21 C:/Users/MSI/Desktop/projet cote serveur/stock-management/vendor/symfony/console/Command/Command.php(341): Illuminate/Console/Command->execute()
#22 C:/Users/MSI/Desktop/projet cote serveur/stock-management/vendor/laravel/framework/src/Illuminate/Console/Command.php(180): Symfony/Component/Console/Command/Command->run()
#23 C:/Users/MSI/Desktop/projet cote serveur/stock-management/vendor/laravel/framework/src/Illuminate/Console/Concerns/CallsCommands.php(68): Illuminate/Console/Command->run()
#24 C:/Users/MSI/Desktop/projet cote serveur/stock-management/vendor/laravel/framework/src/Illuminate/Console/Concerns/CallsCommands.php(29): Illuminate/Console/Command->runCommand()
#25 C:/Users/MSI/Desktop/projet cote serveur/stock-management/vendor/laravel/framework/src/Illuminate/Database/Console/Migrations/FreshCommand.php(88): Illuminate/Console/Command->call()
#26 C:/Users/MSI/Desktop/projet cote serveur/stock-management/vendor/laravel/framework/src/Illuminate/Container/BoundMethod.php(36): Illuminate/Database/Console/Migrations/FreshCommand->handle()
#27 C:/Users/MSI/Desktop/projet cote serveur/stock-management/vendor/laravel/framework/src/Illuminate/Container/Util.php(43): Illuminate/Container/BoundMethod::Illuminate/Container/{closure}()
#28 C:/Users/MSI/Desktop/projet cote serveur/stock-management/vendor/laravel/framework/src/Illuminate/Container/BoundMethod.php(96): Illuminate/Container/Util::unwrapIfClosure()
#29 C:/Users/MSI/Desktop/projet cote serveur/stock-management/vendor/laravel/framework/src/Illuminate/Container/BoundMethod.php(35): Illuminate/Container/BoundMethod::callBoundMethod()
#30 C:/Users/MSI/Desktop/projet cote serveur/stock-management/vendor/laravel/framework/src/Illuminate/Container/Container.php(799): Illuminate/Container/BoundMethod::call()
#31 C:/Users/MSI/Desktop/projet cote serveur/stock-management/vendor/laravel/framework/src/Illuminate/Console/Command.php(211): Illuminate/Container/Container->call()
#32 C:/Users/MSI/Desktop/projet cote serveur/stock-management/vendor/symfony/console/Command/Command.php(341): Illuminate/Console/Command->execute()
#33 C:/Users/MSI/Desktop/projet cote serveur/stock-management/vendor/laravel/framework/src/Illuminate/Console/Command.php(180): Symfony/Component/Console/Command/Command->run()
#34 C:/Users/MSI/Desktop/projet cote serveur/stock-management/vendor/symfony/console/Application.php(1117): Illuminate/Console/Command->run()
#35 C:/Users/MSI/Desktop/projet cote serveur/stock-management/vendor/symfony/console/Application.php(356): Symfony/Component/Console/Application->doRunCommand()
#36 C:/Users/MSI/Desktop/projet cote serveur/stock-management/vendor/symfony/console/Application.php(195): Symfony/Component/Console/Application->doRun()
#37 C:/Users/MSI/Desktop/projet cote serveur/stock-management/vendor/laravel/framework/src/Illuminate/Foundation/Console/Kernel.php(198): Symfony/Component/Console/Application->run()
#38 C:/Users/MSI/Desktop/projet cote serveur/stock-management/vendor/laravel/framework/src/Illuminate/Foundation/Application.php(1235): Illuminate/Foundation/Console/Kernel->handle()
#39 C:/Users/MSI/Desktop/projet cote serveur/stock-management/artisan(13): Illuminate/Foundation/Application->handleCommand()
#40 {main}

[previous exception] [object] (PDOException(code: 2002): SQLSTATE[HY000] [2002] Aucune connexion n’a pu être établie car l’ordinateur cible l’a expressément refusée at C:/Users/MSI/Desktop/projet cote serveur/stock-management/vendor/laravel/framework/src/Illuminate/Database/Connectors/Connector.php:66)
[stacktrace]
#0 C:/Users/MSI/Desktop/projet cote serveur/stock-management/vendor/laravel/framework/src/Illuminate/Database/Connectors/Connector.php(66): PDO->__construct()
#1 C:/Users/MSI/Desktop/projet cote serveur/stock-management/vendor/laravel/framework/src/Illuminate/Database/Connectors/Connector.php(44): Illuminate/Database/Connectors/Connector->createPdoConnection()
#2 C:/Users/MSI/Desktop/projet cote serveur/stock-management/vendor/laravel/framework/src/Illuminate/Database/Connectors/MySqlConnector.php(24): Illuminate/Database/Connectors/Connector->createConnection()
#3 C:/Users/MSI/Desktop/projet cote serveur/stock-management/vendor/laravel/framework/src/Illuminate/Database/Connectors/ConnectionFactory.php(186): Illuminate/Database/Connectors/MySqlConnector->connect()
#4 [internal function]: Illuminate/Database/Connectors/ConnectionFactory->Illuminate/Database/Connectors/{closure}()
#5 C:/Users/MSI/Desktop/projet cote serveur/stock-management/vendor/laravel/framework/src/Illuminate/Database/Connection.php(1257): call_user_func()
#6 C:/Users/MSI/Desktop/projet cote serveur/stock-management/vendor/laravel/framework/src/Illuminate/Database/Connection.php(1295): Illuminate/Database/Connection->getPdo()
#7 C:/Users/MSI/Desktop/projet cote serveur/stock-management/vendor/laravel/framework/src/Illuminate/Database/Connection.php(525): Illuminate/Database/Connection->getReadPdo()
#8 C:/Users/MSI/Desktop/projet cote serveur/stock-management/vendor/laravel/framework/src/Illuminate/Database/Connection.php(420): Illuminate/Database/Connection->getPdoForSelect()
#9 C:/Users/MSI/Desktop/projet cote serveur/stock-management/vendor/laravel/framework/src/Illuminate/Database/Connection.php(827): Illuminate/Database/Connection->Illuminate/Database/{closure}()
#10 C:/Users/MSI/Desktop/projet cote serveur/stock-management/vendor/laravel/framework/src/Illuminate/Database/Connection.php(794): Illuminate/Database/Connection->runQueryCallback()
#11 C:/Users/MSI/Desktop/projet cote serveur/stock-management/vendor/laravel/framework/src/Illuminate/Database/Connection.php(411): Illuminate/Database/Connection->run()
#12 C:/Users/MSI/Desktop/projet cote serveur/stock-management/vendor/laravel/framework/src/Illuminate/Database/Connection.php(357): Illuminate/Database/Connection->select()
#13 C:/Users/MSI/Desktop/projet cote serveur/stock-management/vendor/laravel/framework/src/Illuminate/Database/Connection.php(374): Illuminate/Database/Connection->selectOne()
#14 C:/Users/MSI/Desktop/projet cote serveur/stock-management/vendor/laravel/framework/src/Illuminate/Database/Schema/Builder.php(176): Illuminate/Database/Connection->scalar()
#15 C:/Users/MSI/Desktop/projet cote serveur/stock-management/vendor/laravel/framework/src/Illuminate/Database/Migrations/DatabaseMigrationRepository.php(185): Illuminate/Database/Schema/Builder->hasTable()
#16 C:/Users/MSI/Desktop/projet cote serveur/stock-management/vendor/laravel/framework/src/Illuminate/Database/Migrations/Migrator.php(758): Illuminate/Database/Migrations/DatabaseMigrationRepository->repositoryExists()
#17 C:/Users/MSI/Desktop/projet cote serveur/stock-management/vendor/laravel/framework/src/Illuminate/Database/Console/Migrations/MigrateCommand.php(164): Illuminate/Database/Migrations/Migrator->repositoryExists()
#18 C:/Users/MSI/Desktop/projet cote serveur/stock-management/vendor/laravel/framework/src/Illuminate/Support/helpers.php(328): Illuminate/Database/Console/Migrations/MigrateCommand->Illuminate/Database/Console/Migrations/{closure}()
#19 C:/Users/MSI/Desktop/projet cote serveur/stock-management/vendor/laravel/framework/src/Illuminate/Database/Console/Migrations/MigrateCommand.php(164): retry()
#20 C:/Users/MSI/Desktop/projet cote serveur/stock-management/vendor/laravel/framework/src/Illuminate/Database/Console/Migrations/MigrateCommand.php(140): Illuminate/Database/Console/Migrations/MigrateCommand->repositoryExists()
#21 C:/Users/MSI/Desktop/projet cote serveur/stock-management/vendor/laravel/framework/src/Illuminate/Database/Console/Migrations/MigrateCommand.php(110): Illuminate/Database/Console/Migrations/MigrateCommand->prepareDatabase()
#22 C:/Users/MSI/Desktop/projet cote serveur/stock-management/vendor/laravel/framework/src/Illuminate/Database/Migrations/Migrator.php(671): Illuminate/Database/Console/Migrations/MigrateCommand->Illuminate/Database/Console/Migrations/{closure}()
#23 C:/Users/MSI/Desktop/projet cote serveur/stock-management/vendor/laravel/framework/src/Illuminate/Database/Console/Migrations/MigrateCommand.php(109): Illuminate/Database/Migrations/Migrator->usingConnection()
#24 C:/Users/MSI/Desktop/projet cote serveur/stock-management/vendor/laravel/framework/src/Illuminate/Database/Console/Migrations/MigrateCommand.php(88): Illuminate/Database/Console/Migrations/MigrateCommand->runMigrations()
#25 C:/Users/MSI/Desktop/projet cote serveur/stock-management/vendor/laravel/framework/src/Illuminate/Container/BoundMethod.php(36): Illuminate/Database/Console/Migrations/MigrateCommand->handle()
#26 C:/Users/MSI/Desktop/projet cote serveur/stock-management/vendor/laravel/framework/src/Illuminate/Container/Util.php(43): Illuminate/Container/BoundMethod::Illuminate/Container/{closure}()
#27 C:/Users/MSI/Desktop/projet cote serveur/stock-management/vendor/laravel/framework/src/Illuminate/Container/BoundMethod.php(96): Illuminate/Container/Util::unwrapIfClosure()
#28 C:/Users/MSI/Desktop/projet cote serveur/stock-management/vendor/laravel/framework/src/Illuminate/Container/BoundMethod.php(35): Illuminate/Container/BoundMethod::callBoundMethod()
#29 C:/Users/MSI/Desktop/projet cote serveur/stock-management/vendor/laravel/framework/src/Illuminate/Container/Container.php(799): Illuminate/Container/BoundMethod::call()
#30 C:/Users/MSI/Desktop/projet cote serveur/stock-management/vendor/laravel/framework/src/Illuminate/Console/Command.php(211): Illuminate/Container/Container->call()
#31 C:/Users/MSI/Desktop/projet cote serveur/stock-management/vendor/symfony/console/Command/Command.php(341): Illuminate/Console/Command->execute()
#32 C:/Users/MSI/Desktop/projet cote serveur/stock-management/vendor/laravel/framework/src/Illuminate/Console/Command.php(180): Symfony/Component/Console/Command/Command->run()
#33 C:/Users/MSI/Desktop/projet cote serveur/stock-management/vendor/laravel/framework/src/Illuminate/Console/Concerns/CallsCommands.php(68): Illuminate/Console/Command->run()
#34 C:/Users/MSI/Desktop/projet cote serveur/stock-management/vendor/laravel/framework/src/Illuminate/Console/Concerns/CallsCommands.php(29): Illuminate/Console/Command->runCommand()
#35 C:/Users/MSI/Desktop/projet cote serveur/stock-management/vendor/laravel/framework/src/Illuminate/Database/Console/Migrations/FreshCommand.php(88): Illuminate/Console/Command->call()
#36 C:/Users/MSI/Desktop/projet cote serveur/stock-management/vendor/laravel/framework/src/Illuminate/Container/BoundMethod.php(36): Illuminate/Database/Console/Migrations/FreshCommand->handle()
#37 C:/Users/MSI/Desktop/projet cote serveur/stock-management/vendor/laravel/framework/src/Illuminate/Container/Util.php(43): Illuminate/Container/BoundMethod::Illuminate/Container/{closure}()
#38 C:/Users/MSI/Desktop/projet cote serveur/stock-management/vendor/laravel/framework/src/Illuminate/Container/BoundMethod.php(96): Illuminate/Container/Util::unwrapIfClosure()
#39 C:/Users/MSI/Desktop/projet cote serveur/stock-management/vendor/laravel/framework/src/Illuminate/Container/BoundMethod.php(35): Illuminate/Container/BoundMethod::callBoundMethod()
#40 C:/Users/MSI/Desktop/projet cote serveur/stock-management/vendor/laravel/framework/src/Illuminate/Container/Container.php(799): Illuminate/Container/BoundMethod::call()
#41 C:/Users/MSI/Desktop/projet cote serveur/stock-management/vendor/laravel/framework/src/Illuminate/Console/Command.php(211): Illuminate/Container/Container->call()
#42 C:/Users/MSI/Desktop/projet cote serveur/stock-management/vendor/symfony/console/Command/Command.php(341): Illuminate/Console/Command->execute()
#43 C:/Users/MSI/Desktop/projet cote serveur/stock-management/vendor/laravel/framework/src/Illuminate/Console/Command.php(180): Symfony/Component/Console/Command/Command->run()
#44 C:/Users/MSI/Desktop/projet cote serveur/stock-management/vendor/symfony/console/Application.php(1117): Illuminate/Console/Command->run()
#45 C:/Users/MSI/Desktop/projet cote serveur/stock-management/vendor/symfony/console/Application.php(356): Symfony/Component/Console/Application->doRunCommand()
#46 C:/Users/MSI/Desktop/projet cote serveur/stock-management/vendor/symfony/console/Application.php(195): Symfony/Component/Console/Application->doRun()
#47 C:/Users/MSI/Desktop/projet cote serveur/stock-management/vendor/laravel/framework/src/Illuminate/Foundation/Console/Kernel.php(198): Symfony/Component/Console/Application->run()
#48 C:/Users/MSI/Desktop/projet cote serveur/stock-management/vendor/laravel/framework/src/Illuminate/Foundation/Application.php(1235): Illuminate/Foundation/Console/Kernel->handle()
#49 C:/Users/MSI/Desktop/projet cote serveur/stock-management/artisan(13): Illuminate/Foundation/Application->handleCommand()
#50 {main}
"} 
[2026-04-28 10:20:20] local.ERROR: SQLSTATE[HY000]: General error: 1 no such table: sessions (Connection: sqlite, Database: C:\Users\MSI\Desktop\projet cote serveur\stock-management\database\database.sqlite, SQL: select * from "sessions" where "id" = I1M9NN2REEH7HEQHub2cJ7aLlLRiFrdZuiQCPTbE limit 1) {"exception":"[object] (Illuminate\\Database\\QueryException(code: HY000): SQLSTATE[HY000]: General error: 1 no such table: sessions (Connection: sqlite, Database: C:\\Users\\MSI\\Desktop\\projet cote serveur\\stock-management\\database\\database.sqlite, SQL: select * from \"sessions\" where \"id\" = I1M9NN2REEH7HEQHub2cJ7aLlLRiFrdZuiQCPTbE limit 1) at C:/Users/MSI/Desktop/projet cote serveur/stock-management/vendor/laravel/framework/src/Illuminate/Database/Connection.php:838)
[stacktrace]
#0 C:/Users/MSI/Desktop/projet cote serveur/stock-management/vendor/laravel/framework/src/Illuminate/Database/Connection.php(794): Illuminate/Database/Connection->runQueryCallback()
#1 C:/Users/MSI/Desktop/projet cote serveur/stock-management/vendor/laravel/framework/src/Illuminate/Database/Connection.php(411): Illuminate/Database/Connection->run()
#2 C:/Users/MSI/Desktop/projet cote serveur/stock-management/vendor/laravel/framework/src/Illuminate/Database/Query/Builder.php(3505): Illuminate/Database/Connection->select()
#3 C:/Users/MSI/Desktop/projet cote serveur/stock-management/vendor/laravel/framework/src/Illuminate/Database/Query/Builder.php(3490): Illuminate/Database/Query/Builder->runSelect()
#4 C:/Users/MSI/Desktop/projet cote serveur/stock-management/vendor/laravel/framework/src/Illuminate/Database/Query/Builder.php(4080): Illuminate/Database/Query/Builder->Illuminate/Database/Query/{closure}()
#5 C:/Users/MSI/Desktop/projet cote serveur/stock-management/vendor/laravel/framework/src/Illuminate/Database/Query/Builder.php(3489): Illuminate/Database/Query/Builder->onceWithColumns()
#6 C:/Users/MSI/Desktop/projet cote serveur/stock-management/vendor/laravel/framework/src/Illuminate/Database/Concerns/BuildsQueries.php(366): Illuminate/Database/Query/Builder->get()
#7 C:/Users/MSI/Desktop/projet cote serveur/stock-management/vendor/laravel/framework/src/Illuminate/Database/Query/Builder.php(3412): Illuminate/Database/Query/Builder->first()
#8 C:/Users/MSI/Desktop/projet cote serveur/stock-management/vendor/laravel/framework/src/Illuminate/Session/DatabaseSessionHandler.php(96): Illuminate/Database/Query/Builder->find()
#9 C:/Users/MSI/Desktop/projet cote serveur/stock-management/vendor/laravel/framework/src/Illuminate/Session/Store.php(128): Illuminate/Session/DatabaseSessionHandler->read()
#10 C:/Users/MSI/Desktop/projet cote serveur/stock-management/vendor/laravel/framework/src/Illuminate/Session/Store.php(116): Illuminate/Session/Store->readFromHandler()
#11 C:/Users/MSI/Desktop/projet cote serveur/stock-management/vendor/laravel/framework/src/Illuminate/Session/Store.php(100): Illuminate/Session/Store->loadSession()
#12 C:/Users/MSI/Desktop/projet cote serveur/stock-management/vendor/laravel/framework/src/Illuminate/Session/Middleware/StartSession.php(146): Illuminate/Session/Store->start()
#13 C:/Users/MSI/Desktop/projet cote serveur/stock-management/vendor/laravel/framework/src/Illuminate/Support/helpers.php(393): Illuminate/Session/Middleware/StartSession->Illuminate/Session/Middleware/{closure}()
#14 C:/Users/MSI/Desktop/projet cote serveur/stock-management/vendor/laravel/framework/src/Illuminate/Session/Middleware/StartSession.php(143): tap()
#15 C:/Users/MSI/Desktop/projet cote serveur/stock-management/vendor/laravel/framework/src/Illuminate/Session/Middleware/StartSession.php(115): Illuminate/Session/Middleware/StartSession->startSession()
#16 C:/Users/MSI/Desktop/projet cote serveur/stock-management/vendor/laravel/framework/src/Illuminate/Session/Middleware/StartSession.php(63): Illuminate/Session/Middleware/StartSession->handleStatefulRequest()
#17 C:/Users/MSI/Desktop/projet cote serveur/stock-management/vendor/laravel/framework/src/Illuminate/Pipeline/Pipeline.php(219): Illuminate/Session/Middleware/StartSession->handle()
#18 C:/Users/MSI/Desktop/projet cote serveur/stock-management/vendor/laravel/framework/src/Illuminate/Cookie/Middleware/AddQueuedCookiesToResponse.php(36): Illuminate/Pipeline/Pipeline->Illuminate/Pipeline/{closure}()
#19 C:/Users/MSI/Desktop/projet cote serveur/stock-management/vendor/laravel/framework/src/Illuminate/Pipeline/Pipeline.php(219): Illuminate/Cookie/Middleware/AddQueuedCookiesToResponse->handle()
#20 C:/Users/MSI/Desktop/projet cote serveur/stock-management/vendor/laravel/framework/src/Illuminate/Cookie/Middleware/EncryptCookies.php(74): Illuminate/Pipeline/Pipeline->Illuminate/Pipeline/{closure}()
#21 C:/Users/MSI/Desktop/projet cote serveur/stock-management/vendor/laravel/framework/src/Illuminate/Pipeline/Pipeline.php(219): Illuminate/Cookie/Middleware/EncryptCookies->handle()
#22 C:/Users/MSI/Desktop/projet cote serveur/stock-management/vendor/laravel/framework/src/Illuminate/Pipeline/Pipeline.php(137): Illuminate/Pipeline/Pipeline->Illuminate/Pipeline/{closure}()
#23 C:/Users/MSI/Desktop/projet cote serveur/stock-management/vendor/laravel/framework/src/Illuminate/Routing/Router.php(821): Illuminate/Pipeline/Pipeline->then()
#24 C:/Users/MSI/Desktop/projet cote serveur/stock-management/vendor/laravel/framework/src/Illuminate/Routing/Router.php(800): Illuminate/Routing/Router->runRouteWithinStack()
#25 C:/Users/MSI/Desktop/projet cote serveur/stock-management/vendor/laravel/framework/src/Illuminate/Routing/Router.php(764): Illuminate/Routing/Router->runRoute()
#26 C:/Users/MSI/Desktop/projet cote serveur/stock-management/vendor/laravel/framework/src/Illuminate/Routing/Router.php(753): Illuminate/Routing/Router->dispatchToRoute()
#27 C:/Users/MSI/Desktop/projet cote serveur/stock-management/vendor/laravel/framework/src/Illuminate/Foundation/Http/Kernel.php(200): Illuminate/Routing/Router->dispatch()
#28 C:/Users/MSI/Desktop/projet cote serveur/stock-management/vendor/laravel/framework/src/Illuminate/Pipeline/Pipeline.php(180): Illuminate/Foundation/Http/Kernel->Illuminate/Foundation/Http/{closure}()
#29 C:/Users/MSI/Desktop/projet cote serveur/stock-management/vendor/laravel/framework/src/Illuminate/Foundation/Http/Middleware/TransformsRequest.php(21): Illuminate/Pipeline/Pipeline->Illuminate/Pipeline/{closure}()
#30 C:/Users/MSI/Desktop/projet cote serveur/stock-management/vendor/laravel/framework/src/Illuminate/Foundation/Http/Middleware/ConvertEmptyStringsToNull.php(31): Illuminate/Foundation/Http/Middleware/TransformsRequest->handle()
#31 C:/Users/MSI/Desktop/projet cote serveur/stock-management/vendor/laravel/framework/src/Illuminate/Pipeline/Pipeline.php(219): Illuminate/Foundation/Http/Middleware/ConvertEmptyStringsToNull->handle()
#32 C:/Users/MSI/Desktop/projet cote serveur/stock-management/vendor/laravel/framework/src/Illuminate/Foundation/Http/Middleware/TransformsRequest.php(21): Illuminate/Pipeline/Pipeline->Illuminate/Pipeline/{closure}()
#33 C:/Users/MSI/Desktop/projet cote serveur/stock-management/vendor/laravel/framework/src/Illuminate/Foundation/Http/Middleware/TrimStrings.php(51): Illuminate/Foundation/Http/Middleware/TransformsRequest->handle()
#34 C:/Users/MSI/Desktop/projet cote serveur/stock-management/vendor/laravel/framework/src/Illuminate/Pipeline/Pipeline.php(219): Illuminate/Foundation/Http/Middleware/TrimStrings->handle()
#35 C:/Users/MSI/Desktop/projet cote serveur/stock-management/vendor/laravel/framework/src/Illuminate/Http/Middleware/ValidatePostSize.php(27): Illuminate/Pipeline/Pipeline->Illuminate/Pipeline/{closure}()
#36 C:/Users/MSI/Desktop/projet cote serveur/stock-management/vendor/laravel/framework/src/Illuminate/Pipeline/Pipeline.php(219): Illuminate/Http/Middleware/ValidatePostSize->handle()
#37 C:/Users/MSI/Desktop/projet cote serveur/stock-management/vendor/laravel/framework/src/Illuminate/Foundation/Http/Middleware/PreventRequestsDuringMaintenance.php(109): Illuminate/Pipeline/Pipeline->Illuminate/Pipeline/{closure}()
#38 C:/Users/MSI/Desktop/projet cote serveur/stock-management/vendor/laravel/framework/src/Illuminate/Pipeline/Pipeline.php(219): Illuminate/Foundation/Http/Middleware/PreventRequestsDuringMaintenance->handle()
#39 C:/Users/MSI/Desktop/projet cote serveur/stock-management/vendor/laravel/framework/src/Illuminate/Http/Middleware/HandleCors.php(61): Illuminate/Pipeline/Pipeline->Illuminate/Pipeline/{closure}()
#40 C:/Users/MSI/Desktop/projet cote serveur/stock-management/vendor/laravel/framework/src/Illuminate/Pipeline/Pipeline.php(219): Illuminate/Http/Middleware/HandleCors->handle()
#41 C:/Users/MSI/Desktop/projet cote serveur/stock-management/vendor/laravel/framework/src/Illuminate/Http/Middleware/TrustProxies.php(58): Illuminate/Pipeline/Pipeline->Illuminate/Pipeline/{closure}()
#42 C:/Users/MSI/Desktop/projet cote serveur/stock-management/vendor/laravel/framework/src/Illuminate/Pipeline/Pipeline.php(219): Illuminate/Http/Middleware/TrustProxies->handle()
#43 C:/Users/MSI/Desktop/projet cote serveur/stock-management/vendor/laravel/framework/src/Illuminate/Foundation/Http/Middleware/InvokeDeferredCallbacks.php(22): Illuminate/Pipeline/Pipeline->Illuminate/Pipeline/{closure}()
#44 C:/Users/MSI/Desktop/projet cote serveur/stock-management/vendor/laravel/framework/src/Illuminate/Pipeline/Pipeline.php(219): Illuminate/Foundation/Http/Middleware/InvokeDeferredCallbacks->handle()
#45 C:/Users/MSI/Desktop/projet cote serveur/stock-management/vendor/laravel/framework/src/Illuminate/Http/Middleware/ValidatePathEncoding.php(26): Illuminate/Pipeline/Pipeline->Illuminate/Pipeline/{closure}()
#46 C:/Users/MSI/Desktop/projet cote serveur/stock-management/vendor/laravel/framework/src/Illuminate/Pipeline/Pipeline.php(219): Illuminate/Http/Middleware/ValidatePathEncoding->handle()
#47 C:/Users/MSI/Desktop/projet cote serveur/stock-management/vendor/laravel/framework/src/Illuminate/Pipeline/Pipeline.php(137): Illuminate/Pipeline/Pipeline->Illuminate/Pipeline/{closure}()
#48 C:/Users/MSI/Desktop/projet cote serveur/stock-management/vendor/laravel/framework/src/Illuminate/Foundation/Http/Kernel.php(175): Illuminate/Pipeline/Pipeline->then()
#49 C:/Users/MSI/Desktop/projet cote serveur/stock-management/vendor/laravel/framework/src/Illuminate/Foundation/Http/Kernel.php(144): Illuminate/Foundation/Http/Kernel->sendRequestThroughRouter()
#50 C:/Users/MSI/Desktop/projet cote serveur/stock-management/vendor/laravel/framework/src/Illuminate/Foundation/Application.php(1220): Illuminate/Foundation/Http/Kernel->handle()
#51 C:/Users/MSI/Desktop/projet cote serveur/stock-management/public/index.php(17): Illuminate/Foundation/Application->handleRequest()
#52 C:/Users/MSI/Desktop/projet cote serveur/stock-management/vendor/laravel/framework/src/Illuminate/Foundation/resources/server.php(23): require_once('...')
#53 {main}

[previous exception] [object] (PDOException(code: HY000): SQLSTATE[HY000]: General error: 1 no such table: sessions at C:/Users/MSI/Desktop/projet cote serveur/stock-management/vendor/laravel/framework/src/Illuminate/Database/Connection.php:420)
[stacktrace]
#0 C:/Users/MSI/Desktop/projet cote serveur/stock-management/vendor/laravel/framework/src/Illuminate/Database/Connection.php(420): PDO->prepare()
#1 C:/Users/MSI/Desktop/projet cote serveur/stock-management/vendor/laravel/framework/src/Illuminate/Database/Connection.php(827): Illuminate/Database/Connection->Illuminate/Database/{closure}()
#2 C:/Users/MSI/Desktop/projet cote serveur/stock-management/vendor/laravel/framework/src/Illuminate/Database/Connection.php(794): Illuminate/Database/Connection->runQueryCallback()
#3 C:/Users/MSI/Desktop/projet cote serveur/stock-management/vendor/laravel/framework/src/Illuminate/Database/Connection.php(411): Illuminate/Database/Connection->run()
#4 C:/Users/MSI/Desktop/projet cote serveur/stock-management/vendor/laravel/framework/src/Illuminate/Database/Query/Builder.php(3505): Illuminate/Database/Connection->select()
#5 C:/Users/MSI/Desktop/projet cote serveur/stock-management/vendor/laravel/framework/src/Illuminate/Database/Query/Builder.php(3490): Illuminate/Database/Query/Builder->runSelect()
#6 C:/Users/MSI/Desktop/projet cote serveur/stock-management/vendor/laravel/framework/src/Illuminate/Database/Query/Builder.php(4080): Illuminate/Database/Query/Builder->Illuminate/Database/Query/{closure}()
#7 C:/Users/MSI/Desktop/projet cote serveur/stock-management/vendor/laravel/framework/src/Illuminate/Database/Query/Builder.php(3489): Illuminate/Database/Query/Builder->onceWithColumns()
#8 C:/Users/MSI/Desktop/projet cote serveur/stock-management/vendor/laravel/framework/src/Illuminate/Database/Concerns/BuildsQueries.php(366): Illuminate/Database/Query/Builder->get()
#9 C:/Users/MSI/Desktop/projet cote serveur/stock-management/vendor/laravel/framework/src/Illuminate/Database/Query/Builder.php(3412): Illuminate/Database/Query/Builder->first()
#10 C:/Users/MSI/Desktop/projet cote serveur/stock-management/vendor/laravel/framework/src/Illuminate/Session/DatabaseSessionHandler.php(96): Illuminate/Database/Query/Builder->find()
#11 C:/Users/MSI/Desktop/projet cote serveur/stock-management/vendor/laravel/framework/src/Illuminate/Session/Store.php(128): Illuminate/Session/DatabaseSessionHandler->read()
#12 C:/Users/MSI/Desktop/projet cote serveur/stock-management/vendor/laravel/framework/src/Illuminate/Session/Store.php(116): Illuminate/Session/Store->readFromHandler()
#13 C:/Users/MSI/Desktop/projet cote serveur/stock-management/vendor/laravel/framework/src/Illuminate/Session/Store.php(100): Illuminate/Session/Store->loadSession()
#14 C:/Users/MSI/Desktop/projet cote serveur/stock-management/vendor/laravel/framework/src/Illuminate/Session/Middleware/StartSession.php(146): Illuminate/Session/Store->start()
#15 C:/Users/MSI/Desktop/projet cote serveur/stock-management/vendor/laravel/framework/src/Illuminate/Support/helpers.php(393): Illuminate/Session/Middleware/StartSession->Illuminate/Session/Middleware/{closure}()
#16 C:/Users/MSI/Desktop/projet cote serveur/stock-management/vendor/laravel/framework/src/Illuminate/Session/Middleware/StartSession.php(143): tap()
#17 C:/Users/MSI/Desktop/projet cote serveur/stock-management/vendor/laravel/framework/src/Illuminate/Session/Middleware/StartSession.php(115): Illuminate/Session/Middleware/StartSession->startSession()
#18 C:/Users/MSI/Desktop/projet cote serveur/stock-management/vendor/laravel/framework/src/Illuminate/Session/Middleware/StartSession.php(63): Illuminate/Session/Middleware/StartSession->handleStatefulRequest()
#19 C:/Users/MSI/Desktop/projet cote serveur/stock-management/vendor/laravel/framework/src/Illuminate/Pipeline/Pipeline.php(219): Illuminate/Session/Middleware/StartSession->handle()
#20 C:/Users/MSI/Desktop/projet cote serveur/stock-management/vendor/laravel/framework/src/Illuminate/Cookie/Middleware/AddQueuedCookiesToResponse.php(36): Illuminate/Pipeline/Pipeline->Illuminate/Pipeline/{closure}()
#21 C:/Users/MSI/Desktop/projet cote serveur/stock-management/vendor/laravel/framework/src/Illuminate/Pipeline/Pipeline.php(219): Illuminate/Cookie/Middleware/AddQueuedCookiesToResponse->handle()
#22 C:/Users/MSI/Desktop/projet cote serveur/stock-management/vendor/laravel/framework/src/Illuminate/Cookie/Middleware/EncryptCookies.php(74): Illuminate/Pipeline/Pipeline->Illuminate/Pipeline/{closure}()
#23 C:/Users/MSI/Desktop/projet cote serveur/stock-management/vendor/laravel/framework/src/Illuminate/Pipeline/Pipeline.php(219): Illuminate/Cookie/Middleware/EncryptCookies->handle()
#24 C:/Users/MSI/Desktop/projet cote serveur/stock-management/vendor/laravel/framework/src/Illuminate/Pipeline/Pipeline.php(137): Illuminate/Pipeline/Pipeline->Illuminate/Pipeline/{closure}()
#25 C:/Users/MSI/Desktop/projet cote serveur/stock-management/vendor/laravel/framework/src/Illuminate/Routing/Router.php(821): Illuminate/Pipeline/Pipeline->then()
#26 C:/Users/MSI/Desktop/projet cote serveur/stock-management/vendor/laravel/framework/src/Illuminate/Routing/Router.php(800): Illuminate/Routing/Router->runRouteWithinStack()
#27 C:/Users/MSI/Desktop/projet cote serveur/stock-management/vendor/laravel/framework/src/Illuminate/Routing/Router.php(764): Illuminate/Routing/Router->runRoute()
#28 C:/Users/MSI/Desktop/projet cote serveur/stock-management/vendor/laravel/framework/src/Illuminate/Routing/Router.php(753): Illuminate/Routing/Router->dispatchToRoute()
#29 C:/Users/MSI/Desktop/projet cote serveur/stock-management/vendor/laravel/framework/src/Illuminate/Foundation/Http/Kernel.php(200): Illuminate/Routing/Router->dispatch()
#30 C:/Users/MSI/Desktop/projet cote serveur/stock-management/vendor/laravel/framework/src/Illuminate/Pipeline/Pipeline.php(180): Illuminate/Foundation/Http/Kernel->Illuminate/Foundation/Http/{closure}()
#31 C:/Users/MSI/Desktop/projet cote serveur/stock-management/vendor/laravel/framework/src/Illuminate/Foundation/Http/Middleware/TransformsRequest.php(21): Illuminate/Pipeline/Pipeline->Illuminate/Pipeline/{closure}()
#32 C:/Users/MSI/Desktop/projet cote serveur/stock-management/vendor/laravel/framework/src/Illuminate/Foundation/Http/Middleware/ConvertEmptyStringsToNull.php(31): Illuminate/Foundation/Http/Middleware/TransformsRequest->handle()
#33 C:/Users/MSI/Desktop/projet cote serveur/stock-management/vendor/laravel/framework/src/Illuminate/Pipeline/Pipeline.php(219): Illuminate/Foundation/Http/Middleware/ConvertEmptyStringsToNull->handle()
#34 C:/Users/MSI/Desktop/projet cote serveur/stock-management/vendor/laravel/framework/src/Illuminate/Foundation/Http/Middleware/TransformsRequest.php(21): Illuminate/Pipeline/Pipeline->Illuminate/Pipeline/{closure}()
#35 C:/Users/MSI/Desktop/projet cote serveur/stock-management/vendor/laravel/framework/src/Illuminate/Foundation/Http/Middleware/TrimStrings.php(51): Illuminate/Foundation/Http/Middleware/TransformsRequest->handle()
#36 C:/Users/MSI/Desktop/projet cote serveur/stock-management/vendor/laravel/framework/src/Illuminate/Pipeline/Pipeline.php(219): Illuminate/Foundation/Http/Middleware/TrimStrings->handle()
#37 C:/Users/MSI/Desktop/projet cote serveur/stock-management/vendor/laravel/framework/src/Illuminate/Http/Middleware/ValidatePostSize.php(27): Illuminate/Pipeline/Pipeline->Illuminate/Pipeline/{closure}()
#38 C:/Users/MSI/Desktop/projet cote serveur/stock-management/vendor/laravel/framework/src/Illuminate/Pipeline/Pipeline.php(219): Illuminate/Http/Middleware/ValidatePostSize->handle()
#39 C:/Users/MSI/Desktop/projet cote serveur/stock-management/vendor/laravel/framework/src/Illuminate/Foundation/Http/Middleware/PreventRequestsDuringMaintenance.php(109): Illuminate/Pipeline/Pipeline->Illuminate/Pipeline/{closure}()
#40 C:/Users/MSI/Desktop/projet cote serveur/stock-management/vendor/laravel/framework/src/Illuminate/Pipeline/Pipeline.php(219): Illuminate/Foundation/Http/Middleware/PreventRequestsDuringMaintenance->handle()
#41 C:/Users/MSI/Desktop/projet cote serveur/stock-management/vendor/laravel/framework/src/Illuminate/Http/Middleware/HandleCors.php(61): Illuminate/Pipeline/Pipeline->Illuminate/Pipeline/{closure}()
#42 C:/Users/MSI/Desktop/projet cote serveur/stock-management/vendor/laravel/framework/src/Illuminate/Pipeline/Pipeline.php(219): Illuminate/Http/Middleware/HandleCors->handle()
#43 C:/Users/MSI/Desktop/projet cote serveur/stock-management/vendor/laravel/framework/src/Illuminate/Http/Middleware/TrustProxies.php(58): Illuminate/Pipeline/Pipeline->Illuminate/Pipeline/{closure}()
#44 C:/Users/MSI/Desktop/projet cote serveur/stock-management/vendor/laravel/framework/src/Illuminate/Pipeline/Pipeline.php(219): Illuminate/Http/Middleware/TrustProxies->handle()
#45 C:/Users/MSI/Desktop/projet cote serveur/stock-management/vendor/laravel/framework/src/Illuminate/Foundation/Http/Middleware/InvokeDeferredCallbacks.php(22): Illuminate/Pipeline/Pipeline->Illuminate/Pipeline/{closure}()
#46 C:/Users/MSI/Desktop/projet cote serveur/stock-management/vendor/laravel/framework/src/Illuminate/Pipeline/Pipeline.php(219): Illuminate/Foundation/Http/Middleware/InvokeDeferredCallbacks->handle()
#47 C:/Users/MSI/Desktop/projet cote serveur/stock-management/vendor/laravel/framework/src/Illuminate/Http/Middleware/ValidatePathEncoding.php(26): Illuminate/Pipeline/Pipeline->Illuminate/Pipeline/{closure}()
#48 C:/Users/MSI/Desktop/projet cote serveur/stock-management/vendor/laravel/framework/src/Illuminate/Pipeline/Pipeline.php(219): Illuminate/Http/Middleware/ValidatePathEncoding->handle()
#49 C:/Users/MSI/Desktop/projet cote serveur/stock-management/vendor/laravel/framework/src/Illuminate/Pipeline/Pipeline.php(137): Illuminate/Pipeline/Pipeline->Illuminate/Pipeline/{closure}()
#50 C:/Users/MSI/Desktop/projet cote serveur/stock-management/vendor/laravel/framework/src/Illuminate/Foundation/Http/Kernel.php(175): Illuminate/Pipeline/Pipeline->then()
#51 C:/Users/MSI/Desktop/projet cote serveur/stock-management/vendor/laravel/framework/src/Illuminate/Foundation/Http/Kernel.php(144): Illuminate/Foundation/Http/Kernel->sendRequestThroughRouter()
#52 C:/Users/MSI/Desktop/projet cote serveur/stock-management/vendor/laravel/framework/src/Illuminate/Foundation/Application.php(1220): Illuminate/Foundation/Http/Kernel->handle()
#53 C:/Users/MSI/Desktop/projet cote serveur/stock-management/public/index.php(17): Illuminate/Foundation/Application->handleRequest()
#54 C:/Users/MSI/Desktop/projet cote serveur/stock-management/vendor/laravel/framework/src/Illuminate/Foundation/resources/server.php(23): require_once('...')
#55 {main}
"} 
[2026-04-28 10:20:20] local.ERROR: SQLSTATE[HY000]: General error: 1 no such table: sessions (Connection: sqlite, Database: C:\Users\MSI\Desktop\projet cote serveur\stock-management\database\database.sqlite, SQL: select * from "sessions" where "id" = Mx2VThUSsk2jP39GzIDVjpumzNGdTogsrgWJ8ujM limit 1) {"exception":"[object] (Illuminate\\Database\\QueryException(code: HY000): SQLSTATE[HY000]: General error: 1 no such table: sessions (Connection: sqlite, Database: C:\\Users\\MSI\\Desktop\\projet cote serveur\\stock-management\\database\\database.sqlite, SQL: select * from \"sessions\" where \"id\" = Mx2VThUSsk2jP39GzIDVjpumzNGdTogsrgWJ8ujM limit 1) at C:/Users/MSI/Desktop/projet cote serveur/stock-management/vendor/laravel/framework/src/Illuminate/Database/Connection.php:838)
[stacktrace]
#0 C:/Users/MSI/Desktop/projet cote serveur/stock-management/vendor/laravel/framework/src/Illuminate/Database/Connection.php(794): Illuminate/Database/Connection->runQueryCallback()
#1 C:/Users/MSI/Desktop/projet cote serveur/stock-management/vendor/laravel/framework/src/Illuminate/Database/Connection.php(411): Illuminate/Database/Connection->run()
#2 C:/Users/MSI/Desktop/projet cote serveur/stock-management/vendor/laravel/framework/src/Illuminate/Database/Query/Builder.php(3505): Illuminate/Database/Connection->select()
#3 C:/Users/MSI/Desktop/projet cote serveur/stock-management/vendor/laravel/framework/src/Illuminate/Database/Query/Builder.php(3490): Illuminate/Database/Query/Builder->runSelect()
#4 C:/Users/MSI/Desktop/projet cote serveur/stock-management/vendor/laravel/framework/src/Illuminate/Database/Query/Builder.php(4080): Illuminate/Database/Query/Builder->Illuminate/Database/Query/{closure}()
#5 C:/Users/MSI/Desktop/projet cote serveur/stock-management/vendor/laravel/framework/src/Illuminate/Database/Query/Builder.php(3489): Illuminate/Database/Query/Builder->onceWithColumns()
#6 C:/Users/MSI/Desktop/projet cote serveur/stock-management/vendor/laravel/framework/src/Illuminate/Database/Concerns/BuildsQueries.php(366): Illuminate/Database/Query/Builder->get()
#7 C:/Users/MSI/Desktop/projet cote serveur/stock-management/vendor/laravel/framework/src/Illuminate/Database/Query/Builder.php(3412): Illuminate/Database/Query/Builder->first()
#8 C:/Users/MSI/Desktop/projet cote serveur/stock-management/vendor/laravel/framework/src/Illuminate/Session/DatabaseSessionHandler.php(96): Illuminate/Database/Query/Builder->find()
#9 C:/Users/MSI/Desktop/projet cote serveur/stock-management/vendor/laravel/framework/src/Illuminate/Session/Store.php(128): Illuminate/Session/DatabaseSessionHandler->read()
#10 C:/Users/MSI/Desktop/projet cote serveur/stock-management/vendor/laravel/framework/src/Illuminate/Session/Store.php(116): Illuminate/Session/Store->readFromHandler()
#11 C:/Users/MSI/Desktop/projet cote serveur/stock-management/vendor/laravel/framework/src/Illuminate/Session/Store.php(100): Illuminate/Session/Store->loadSession()
#12 C:/Users/MSI/Desktop/projet cote serveur/stock-management/vendor/laravel/framework/src/Illuminate/Session/Middleware/StartSession.php(146): Illuminate/Session/Store->start()
#13 C:/Users/MSI/Desktop/projet cote serveur/stock-management/vendor/laravel/framework/src/Illuminate/Support/helpers.php(393): Illuminate/Session/Middleware/StartSession->Illuminate/Session/Middleware/{closure}()
#14 C:/Users/MSI/Desktop/projet cote serveur/stock-management/vendor/laravel/framework/src/Illuminate/Session/Middleware/StartSession.php(143): tap()
#15 C:/Users/MSI/Desktop/projet cote serveur/stock-management/vendor/laravel/framework/src/Illuminate/Session/Middleware/StartSession.php(115): Illuminate/Session/Middleware/StartSession->startSession()
#16 C:/Users/MSI/Desktop/projet cote serveur/stock-management/vendor/laravel/framework/src/Illuminate/Session/Middleware/StartSession.php(63): Illuminate/Session/Middleware/StartSession->handleStatefulRequest()
#17 C:/Users/MSI/Desktop/projet cote serveur/stock-management/vendor/laravel/framework/src/Illuminate/Pipeline/Pipeline.php(219): Illuminate/Session/Middleware/StartSession->handle()
#18 C:/Users/MSI/Desktop/projet cote serveur/stock-management/vendor/laravel/framework/src/Illuminate/Cookie/Middleware/AddQueuedCookiesToResponse.php(36): Illuminate/Pipeline/Pipeline->Illuminate/Pipeline/{closure}()
#19 C:/Users/MSI/Desktop/projet cote serveur/stock-management/vendor/laravel/framework/src/Illuminate/Pipeline/Pipeline.php(219): Illuminate/Cookie/Middleware/AddQueuedCookiesToResponse->handle()
#20 C:/Users/MSI/Desktop/projet cote serveur/stock-management/vendor/laravel/framework/src/Illuminate/Cookie/Middleware/EncryptCookies.php(74): Illuminate/Pipeline/Pipeline->Illuminate/Pipeline/{closure}()
#21 C:/Users/MSI/Desktop/projet cote serveur/stock-management/vendor/laravel/framework/src/Illuminate/Pipeline/Pipeline.php(219): Illuminate/Cookie/Middleware/EncryptCookies->handle()
#22 C:/Users/MSI/Desktop/projet cote serveur/stock-management/vendor/laravel/framework/src/Illuminate/Pipeline/Pipeline.php(137): Illuminate/Pipeline/Pipeline->Illuminate/Pipeline/{closure}()
#23 C:/Users/MSI/Desktop/projet cote serveur/stock-management/vendor/laravel/framework/src/Illuminate/Routing/Router.php(821): Illuminate/Pipeline/Pipeline->then()
#24 C:/Users/MSI/Desktop/projet cote serveur/stock-management/vendor/laravel/framework/src/Illuminate/Routing/Router.php(800): Illuminate/Routing/Router->runRouteWithinStack()
#25 C:/Users/MSI/Desktop/projet cote serveur/stock-management/vendor/laravel/framework/src/Illuminate/Routing/Router.php(764): Illuminate/Routing/Router->runRoute()
#26 C:/Users/MSI/Desktop/projet cote serveur/stock-management/vendor/laravel/framework/src/Illuminate/Routing/Router.php(753): Illuminate/Routing/Router->dispatchToRoute()
#27 C:/Users/MSI/Desktop/projet cote serveur/stock-management/vendor/laravel/framework/src/Illuminate/Foundation/Http/Kernel.php(200): Illuminate/Routing/Router->dispatch()
#28 C:/Users/MSI/Desktop/projet cote serveur/stock-management/vendor/laravel/framework/src/Illuminate/Pipeline/Pipeline.php(180): Illuminate/Foundation/Http/Kernel->Illuminate/Foundation/Http/{closure}()
#29 C:/Users/MSI/Desktop/projet cote serveur/stock-management/vendor/laravel/framework/src/Illuminate/Foundation/Http/Middleware/TransformsRequest.php(21): Illuminate/Pipeline/Pipeline->Illuminate/Pipeline/{closure}()
#30 C:/Users/MSI/Desktop/projet cote serveur/stock-management/vendor/laravel/framework/src/Illuminate/Foundation/Http/Middleware/ConvertEmptyStringsToNull.php(31): Illuminate/Foundation/Http/Middleware/TransformsRequest->handle()
#31 C:/Users/MSI/Desktop/projet cote serveur/stock-management/vendor/laravel/framework/src/Illuminate/Pipeline/Pipeline.php(219): Illuminate/Foundation/Http/Middleware/ConvertEmptyStringsToNull->handle()
#32 C:/Users/MSI/Desktop/projet cote serveur/stock-management/vendor/laravel/framework/src/Illuminate/Foundation/Http/Middleware/TransformsRequest.php(21): Illuminate/Pipeline/Pipeline->Illuminate/Pipeline/{closure}()
#33 C:/Users/MSI/Desktop/projet cote serveur/stock-management/vendor/laravel/framework/src/Illuminate/Foundation/Http/Middleware/TrimStrings.php(51): Illuminate/Foundation/Http/Middleware/TransformsRequest->handle()
#34 C:/Users/MSI/Desktop/projet cote serveur/stock-management/vendor/laravel/framework/src/Illuminate/Pipeline/Pipeline.php(219): Illuminate/Foundation/Http/Middleware/TrimStrings->handle()
#35 C:/Users/MSI/Desktop/projet cote serveur/stock-management/vendor/laravel/framework/src/Illuminate/Http/Middleware/ValidatePostSize.php(27): Illuminate/Pipeline/Pipeline->Illuminate/Pipeline/{closure}()
#36 C:/Users/MSI/Desktop/projet cote serveur/stock-management/vendor/laravel/framework/src/Illuminate/Pipeline/Pipeline.php(219): Illuminate/Http/Middleware/ValidatePostSize->handle()
#37 C:/Users/MSI/Desktop/projet cote serveur/stock-management/vendor/laravel/framework/src/Illuminate/Foundation/Http/Middleware/PreventRequestsDuringMaintenance.php(109): Illuminate/Pipeline/Pipeline->Illuminate/Pipeline/{closure}()
#38 C:/Users/MSI/Desktop/projet cote serveur/stock-management/vendor/laravel/framework/src/Illuminate/Pipeline/Pipeline.php(219): Illuminate/Foundation/Http/Middleware/PreventRequestsDuringMaintenance->handle()
#39 C:/Users/MSI/Desktop/projet cote serveur/stock-management/vendor/laravel/framework/src/Illuminate/Http/Middleware/HandleCors.php(61): Illuminate/Pipeline/Pipeline->Illuminate/Pipeline/{closure}()
#40 C:/Users/MSI/Desktop/projet cote serveur/stock-management/vendor/laravel/framework/src/Illuminate/Pipeline/Pipeline.php(219): Illuminate/Http/Middleware/HandleCors->handle()
#41 C:/Users/MSI/Desktop/projet cote serveur/stock-management/vendor/laravel/framework/src/Illuminate/Http/Middleware/TrustProxies.php(58): Illuminate/Pipeline/Pipeline->Illuminate/Pipeline/{closure}()
#42 C:/Users/MSI/Desktop/projet cote serveur/stock-management/vendor/laravel/framework/src/Illuminate/Pipeline/Pipeline.php(219): Illuminate/Http/Middleware/TrustProxies->handle()
#43 C:/Users/MSI/Desktop/projet cote serveur/stock-management/vendor/laravel/framework/src/Illuminate/Foundation/Http/Middleware/InvokeDeferredCallbacks.php(22): Illuminate/Pipeline/Pipeline->Illuminate/Pipeline/{closure}()
#44 C:/Users/MSI/Desktop/projet cote serveur/stock-management/vendor/laravel/framework/src/Illuminate/Pipeline/Pipeline.php(219): Illuminate/Foundation/Http/Middleware/InvokeDeferredCallbacks->handle()
#45 C:/Users/MSI/Desktop/projet cote serveur/stock-management/vendor/laravel/framework/src/Illuminate/Http/Middleware/ValidatePathEncoding.php(26): Illuminate/Pipeline/Pipeline->Illuminate/Pipeline/{closure}()
#46 C:/Users/MSI/Desktop/projet cote serveur/stock-management/vendor/laravel/framework/src/Illuminate/Pipeline/Pipeline.php(219): Illuminate/Http/Middleware/ValidatePathEncoding->handle()
#47 C:/Users/MSI/Desktop/projet cote serveur/stock-management/vendor/laravel/framework/src/Illuminate/Pipeline/Pipeline.php(137): Illuminate/Pipeline/Pipeline->Illuminate/Pipeline/{closure}()
#48 C:/Users/MSI/Desktop/projet cote serveur/stock-management/vendor/laravel/framework/src/Illuminate/Foundation/Http/Kernel.php(175): Illuminate/Pipeline/Pipeline->then()
#49 C:/Users/MSI/Desktop/projet cote serveur/stock-management/vendor/laravel/framework/src/Illuminate/Foundation/Http/Kernel.php(144): Illuminate/Foundation/Http/Kernel->sendRequestThroughRouter()
#50 C:/Users/MSI/Desktop/projet cote serveur/stock-management/vendor/laravel/framework/src/Illuminate/Foundation/Application.php(1220): Illuminate/Foundation/Http/Kernel->handle()
#51 C:/Users/MSI/Desktop/projet cote serveur/stock-management/public/index.php(17): Illuminate/Foundation/Application->handleRequest()
#52 C:/Users/MSI/Desktop/projet cote serveur/stock-management/vendor/laravel/framework/src/Illuminate/Foundation/resources/server.php(23): require_once('...')
#53 {main}

[previous exception] [object] (PDOException(code: HY000): SQLSTATE[HY000]: General error: 1 no such table: sessions at C:/Users/MSI/Desktop/projet cote serveur/stock-management/vendor/laravel/framework/src/Illuminate/Database/Connection.php:420)
[stacktrace]
#0 C:/Users/MSI/Desktop/projet cote serveur/stock-management/vendor/laravel/framework/src/Illuminate/Database/Connection.php(420): PDO->prepare()
#1 C:/Users/MSI/Desktop/projet cote serveur/stock-management/vendor/laravel/framework/src/Illuminate/Database/Connection.php(827): Illuminate/Database/Connection->Illuminate/Database/{closure}()
#2 C:/Users/MSI/Desktop/projet cote serveur/stock-management/vendor/laravel/framework/src/Illuminate/Database/Connection.php(794): Illuminate/Database/Connection->runQueryCallback()
#3 C:/Users/MSI/Desktop/projet cote serveur/stock-management/vendor/laravel/framework/src/Illuminate/Database/Connection.php(411): Illuminate/Database/Connection->run()
#4 C:/Users/MSI/Desktop/projet cote serveur/stock-management/vendor/laravel/framework/src/Illuminate/Database/Query/Builder.php(3505): Illuminate/Database/Connection->select()
#5 C:/Users/MSI/Desktop/projet cote serveur/stock-management/vendor/laravel/framework/src/Illuminate/Database/Query/Builder.php(3490): Illuminate/Database/Query/Builder->runSelect()
#6 C:/Users/MSI/Desktop/projet cote serveur/stock-management/vendor/laravel/framework/src/Illuminate/Database/Query/Builder.php(4080): Illuminate/Database/Query/Builder->Illuminate/Database/Query/{closure}()
#7 C:/Users/MSI/Desktop/projet cote serveur/stock-management/vendor/laravel/framework/src/Illuminate/Database/Query/Builder.php(3489): Illuminate/Database/Query/Builder->onceWithColumns()
#8 C:/Users/MSI/Desktop/projet cote serveur/stock-management/vendor/laravel/framework/src/Illuminate/Database/Concerns/BuildsQueries.php(366): Illuminate/Database/Query/Builder->get()
#9 C:/Users/MSI/Desktop/projet cote serveur/stock-management/vendor/laravel/framework/src/Illuminate/Database/Query/Builder.php(3412): Illuminate/Database/Query/Builder->first()
#10 C:/Users/MSI/Desktop/projet cote serveur/stock-management/vendor/laravel/framework/src/Illuminate/Session/DatabaseSessionHandler.php(96): Illuminate/Database/Query/Builder->find()
#11 C:/Users/MSI/Desktop/projet cote serveur/stock-management/vendor/laravel/framework/src/Illuminate/Session/Store.php(128): Illuminate/Session/DatabaseSessionHandler->read()
#12 C:/Users/MSI/Desktop/projet cote serveur/stock-management/vendor/laravel/framework/src/Illuminate/Session/Store.php(116): Illuminate/Session/Store->readFromHandler()
#13 C:/Users/MSI/Desktop/projet cote serveur/stock-management/vendor/laravel/framework/src/Illuminate/Session/Store.php(100): Illuminate/Session/Store->loadSession()
#14 C:/Users/MSI/Desktop/projet cote serveur/stock-management/vendor/laravel/framework/src/Illuminate/Session/Middleware/StartSession.php(146): Illuminate/Session/Store->start()
#15 C:/Users/MSI/Desktop/projet cote serveur/stock-management/vendor/laravel/framework/src/Illuminate/Support/helpers.php(393): Illuminate/Session/Middleware/StartSession->Illuminate/Session/Middleware/{closure}()
#16 C:/Users/MSI/Desktop/projet cote serveur/stock-management/vendor/laravel/framework/src/Illuminate/Session/Middleware/StartSession.php(143): tap()
#17 C:/Users/MSI/Desktop/projet cote serveur/stock-management/vendor/laravel/framework/src/Illuminate/Session/Middleware/StartSession.php(115): Illuminate/Session/Middleware/StartSession->startSession()
#18 C:/Users/MSI/Desktop/projet cote serveur/stock-management/vendor/laravel/framework/src/Illuminate/Session/Middleware/StartSession.php(63): Illuminate/Session/Middleware/StartSession->handleStatefulRequest()
#19 C:/Users/MSI/Desktop/projet cote serveur/stock-management/vendor/laravel/framework/src/Illuminate/Pipeline/Pipeline.php(219): Illuminate/Session/Middleware/StartSession->handle()
#20 C:/Users/MSI/Desktop/projet cote serveur/stock-management/vendor/laravel/framework/src/Illuminate/Cookie/Middleware/AddQueuedCookiesToResponse.php(36): Illuminate/Pipeline/Pipeline->Illuminate/Pipeline/{closure}()
#21 C:/Users/MSI/Desktop/projet cote serveur/stock-management/vendor/laravel/framework/src/Illuminate/Pipeline/Pipeline.php(219): Illuminate/Cookie/Middleware/AddQueuedCookiesToResponse->handle()
#22 C:/Users/MSI/Desktop/projet cote serveur/stock-management/vendor/laravel/framework/src/Illuminate/Cookie/Middleware/EncryptCookies.php(74): Illuminate/Pipeline/Pipeline->Illuminate/Pipeline/{closure}()
#23 C:/Users/MSI/Desktop/projet cote serveur/stock-management/vendor/laravel/framework/src/Illuminate/Pipeline/Pipeline.php(219): Illuminate/Cookie/Middleware/EncryptCookies->handle()
#24 C:/Users/MSI/Desktop/projet cote serveur/stock-management/vendor/laravel/framework/src/Illuminate/Pipeline/Pipeline.php(137): Illuminate/Pipeline/Pipeline->Illuminate/Pipeline/{closure}()
#25 C:/Users/MSI/Desktop/projet cote serveur/stock-management/vendor/laravel/framework/src/Illuminate/Routing/Router.php(821): Illuminate/Pipeline/Pipeline->then()
#26 C:/Users/MSI/Desktop/projet cote serveur/stock-management/vendor/laravel/framework/src/Illuminate/Routing/Router.php(800): Illuminate/Routing/Router->runRouteWithinStack()
#27 C:/Users/MSI/Desktop/projet cote serveur/stock-management/vendor/laravel/framework/src/Illuminate/Routing/Router.php(764): Illuminate/Routing/Router->runRoute()
#28 C:/Users/MSI/Desktop/projet cote serveur/stock-management/vendor/laravel/framework/src/Illuminate/Routing/Router.php(753): Illuminate/Routing/Router->dispatchToRoute()
#29 C:/Users/MSI/Desktop/projet cote serveur/stock-management/vendor/laravel/framework/src/Illuminate/Foundation/Http/Kernel.php(200): Illuminate/Routing/Router->dispatch()
#30 C:/Users/MSI/Desktop/projet cote serveur/stock-management/vendor/laravel/framework/src/Illuminate/Pipeline/Pipeline.php(180): Illuminate/Foundation/Http/Kernel->Illuminate/Foundation/Http/{closure}()
#31 C:/Users/MSI/Desktop/projet cote serveur/stock-management/vendor/laravel/framework/src/Illuminate/Foundation/Http/Middleware/TransformsRequest.php(21): Illuminate/Pipeline/Pipeline->Illuminate/Pipeline/{closure}()
#32 C:/Users/MSI/Desktop/projet cote serveur/stock-management/vendor/laravel/framework/src/Illuminate/Foundation/Http/Middleware/ConvertEmptyStringsToNull.php(31): Illuminate/Foundation/Http/Middleware/TransformsRequest->handle()
#33 C:/Users/MSI/Desktop/projet cote serveur/stock-management/vendor/laravel/framework/src/Illuminate/Pipeline/Pipeline.php(219): Illuminate/Foundation/Http/Middleware/ConvertEmptyStringsToNull->handle()
#34 C:/Users/MSI/Desktop/projet cote serveur/stock-management/vendor/laravel/framework/src/Illuminate/Foundation/Http/Middleware/TransformsRequest.php(21): Illuminate/Pipeline/Pipeline->Illuminate/Pipeline/{closure}()
#35 C:/Users/MSI/Desktop/projet cote serveur/stock-management/vendor/laravel/framework/src/Illuminate/Foundation/Http/Middleware/TrimStrings.php(51): Illuminate/Foundation/Http/Middleware/TransformsRequest->handle()
#36 C:/Users/MSI/Desktop/projet cote serveur/stock-management/vendor/laravel/framework/src/Illuminate/Pipeline/Pipeline.php(219): Illuminate/Foundation/Http/Middleware/TrimStrings->handle()
#37 C:/Users/MSI/Desktop/projet cote serveur/stock-management/vendor/laravel/framework/src/Illuminate/Http/Middleware/ValidatePostSize.php(27): Illuminate/Pipeline/Pipeline->Illuminate/Pipeline/{closure}()
#38 C:/Users/MSI/Desktop/projet cote serveur/stock-management/vendor/laravel/framework/src/Illuminate/Pipeline/Pipeline.php(219): Illuminate/Http/Middleware/ValidatePostSize->handle()
#39 C:/Users/MSI/Desktop/projet cote serveur/stock-management/vendor/laravel/framework/src/Illuminate/Foundation/Http/Middleware/PreventRequestsDuringMaintenance.php(109): Illuminate/Pipeline/Pipeline->Illuminate/Pipeline/{closure}()
#40 C:/Users/MSI/Desktop/projet cote serveur/stock-management/vendor/laravel/framework/src/Illuminate/Pipeline/Pipeline.php(219): Illuminate/Foundation/Http/Middleware/PreventRequestsDuringMaintenance->handle()
#41 C:/Users/MSI/Desktop/projet cote serveur/stock-management/vendor/laravel/framework/src/Illuminate/Http/Middleware/HandleCors.php(61): Illuminate/Pipeline/Pipeline->Illuminate/Pipeline/{closure}()
#42 C:/Users/MSI/Desktop/projet cote serveur/stock-management/vendor/laravel/framework/src/Illuminate/Pipeline/Pipeline.php(219): Illuminate/Http/Middleware/HandleCors->handle()
#43 C:/Users/MSI/Desktop/projet cote serveur/stock-management/vendor/laravel/framework/src/Illuminate/Http/Middleware/TrustProxies.php(58): Illuminate/Pipeline/Pipeline->Illuminate/Pipeline/{closure}()
#44 C:/Users/MSI/Desktop/projet cote serveur/stock-management/vendor/laravel/framework/src/Illuminate/Pipeline/Pipeline.php(219): Illuminate/Http/Middleware/TrustProxies->handle()
#45 C:/Users/MSI/Desktop/projet cote serveur/stock-management/vendor/laravel/framework/src/Illuminate/Foundation/Http/Middleware/InvokeDeferredCallbacks.php(22): Illuminate/Pipeline/Pipeline->Illuminate/Pipeline/{closure}()
#46 C:/Users/MSI/Desktop/projet cote serveur/stock-management/vendor/laravel/framework/src/Illuminate/Pipeline/Pipeline.php(219): Illuminate/Foundation/Http/Middleware/InvokeDeferredCallbacks->handle()
#47 C:/Users/MSI/Desktop/projet cote serveur/stock-management/vendor/laravel/framework/src/Illuminate/Http/Middleware/ValidatePathEncoding.php(26): Illuminate/Pipeline/Pipeline->Illuminate/Pipeline/{closure}()
#48 C:/Users/MSI/Desktop/projet cote serveur/stock-management/vendor/laravel/framework/src/Illuminate/Pipeline/Pipeline.php(219): Illuminate/Http/Middleware/ValidatePathEncoding->handle()
#49 C:/Users/MSI/Desktop/projet cote serveur/stock-management/vendor/laravel/framework/src/Illuminate/Pipeline/Pipeline.php(137): Illuminate/Pipeline/Pipeline->Illuminate/Pipeline/{closure}()
#50 C:/Users/MSI/Desktop/projet cote serveur/stock-management/vendor/laravel/framework/src/Illuminate/Foundation/Http/Kernel.php(175): Illuminate/Pipeline/Pipeline->then()
#51 C:/Users/MSI/Desktop/projet cote serveur/stock-management/vendor/laravel/framework/src/Illuminate/Foundation/Http/Kernel.php(144): Illuminate/Foundation/Http/Kernel->sendRequestThroughRouter()
#52 C:/Users/MSI/Desktop/projet cote serveur/stock-management/vendor/laravel/framework/src/Illuminate/Foundation/Application.php(1220): Illuminate/Foundation/Http/Kernel->handle()
#53 C:/Users/MSI/Desktop/projet cote serveur/stock-management/public/index.php(17): Illuminate/Foundation/Application->handleRequest()
#54 C:/Users/MSI/Desktop/projet cote serveur/stock-management/vendor/laravel/framework/src/Illuminate/Foundation/resources/server.php(23): require_once('...')
#55 {main}
"} 
[2026-04-28 10:58:03] local.ERROR: Unable to guess the MIME type as no guessers are available (have you enabled the php_fileinfo extension?). {"userId":1,"exception":"[object] (Symfony\\Component\\Mime\\Exception\\LogicException(code: 0): Unable to guess the MIME type as no guessers are available (have you enabled the php_fileinfo extension?). at C:/Users/MSI/Desktop/projet cote serveur/stock-management/vendor/symfony/mime/MimeTypes.php:129)
[stacktrace]
#0 C:/Users/MSI/Desktop/projet cote serveur/stock-management/vendor/symfony/http-foundation/File/File.php(77): Symfony/Component/Mime/MimeTypes->guessMimeType()
#1 C:/Users/MSI/Desktop/projet cote serveur/stock-management/vendor/symfony/http-foundation/File/File.php(59): Symfony/Component/HttpFoundation/File/File->getMimeType()
#2 C:/Users/MSI/Desktop/projet cote serveur/stock-management/vendor/laravel/framework/src/Illuminate/Validation/Concerns/ValidatesAttributes.php(1721): Symfony/Component/HttpFoundation/File/File->guessExtension()
#3 C:/Users/MSI/Desktop/projet cote serveur/stock-management/vendor/laravel/framework/src/Illuminate/Validation/Concerns/ValidatesAttributes.php(1498): Illuminate/Validation/Validator->validateMimes()
#4 C:/Users/MSI/Desktop/projet cote serveur/stock-management/vendor/laravel/framework/src/Illuminate/Validation/Validator.php(726): Illuminate/Validation/Validator->validateImage()
#5 C:/Users/MSI/Desktop/projet cote serveur/stock-management/vendor/laravel/framework/src/Illuminate/Validation/Validator.php(481): Illuminate/Validation/Validator->validateAttribute()
#6 C:/Users/MSI/Desktop/projet cote serveur/stock-management/vendor/laravel/framework/src/Illuminate/Validation/Validator.php(516): Illuminate/Validation/Validator->passes()
#7 C:/Users/MSI/Desktop/projet cote serveur/stock-management/vendor/laravel/framework/src/Illuminate/Validation/Validator.php(598): Illuminate/Validation/Validator->fails()
#8 C:/Users/MSI/Desktop/projet cote serveur/stock-management/vendor/laravel/framework/src/Illuminate/Foundation/Providers/FoundationServiceProvider.php(156): Illuminate/Validation/Validator->validate()
#9 C:/Users/MSI/Desktop/projet cote serveur/stock-management/vendor/laravel/framework/src/Illuminate/Macroable/Traits/Macroable.php(126): Illuminate/Http/Request->Illuminate/Foundation/Providers/{closure}()
#10 C:/Users/MSI/Desktop/projet cote serveur/stock-management/app/Http/Controllers/Admin/ProductController.php(146): Illuminate/Http/Request->__call()
#11 C:/Users/MSI/Desktop/projet cote serveur/stock-management/app/Http/Controllers/Admin/ProductController.php(68): App/Http/Controllers/Admin/ProductController->validateProduct()
#12 C:/Users/MSI/Desktop/projet cote serveur/stock-management/vendor/laravel/framework/src/Illuminate/Routing/ControllerDispatcher.php(46): App/Http/Controllers/Admin/ProductController->store()
#13 C:/Users/MSI/Desktop/projet cote serveur/stock-management/vendor/laravel/framework/src/Illuminate/Routing/Route.php(265): Illuminate/Routing/ControllerDispatcher->dispatch()
#14 C:/Users/MSI/Desktop/projet cote serveur/stock-management/vendor/laravel/framework/src/Illuminate/Routing/Route.php(211): Illuminate/Routing/Route->runController()
#15 C:/Users/MSI/Desktop/projet cote serveur/stock-management/vendor/laravel/framework/src/Illuminate/Routing/Router.php(822): Illuminate/Routing/Route->run()
#16 C:/Users/MSI/Desktop/projet cote serveur/stock-management/vendor/laravel/framework/src/Illuminate/Pipeline/Pipeline.php(180): Illuminate/Routing/Router->Illuminate/Routing/{closure}()
#17 C:/Users/MSI/Desktop/projet cote serveur/stock-management/app/Http/Middleware/RoleMiddleware.php(35): Illuminate/Pipeline/Pipeline->Illuminate/Pipeline/{closure}()
#18 C:/Users/MSI/Desktop/projet cote serveur/stock-management/vendor/laravel/framework/src/Illuminate/Pipeline/Pipeline.php(219): App/Http/Middleware/RoleMiddleware->handle()
#19 C:/Users/MSI/Desktop/projet cote serveur/stock-management/vendor/laravel/framework/src/Illuminate/Routing/Middleware/SubstituteBindings.php(50): Illuminate/Pipeline/Pipeline->Illuminate/Pipeline/{closure}()
#20 C:/Users/MSI/Desktop/projet cote serveur/stock-management/vendor/laravel/framework/src/Illuminate/Pipeline/Pipeline.php(219): Illuminate/Routing/Middleware/SubstituteBindings->handle()
#21 C:/Users/MSI/Desktop/projet cote serveur/stock-management/vendor/laravel/framework/src/Illuminate/Auth/Middleware/Authenticate.php(63): Illuminate/Pipeline/Pipeline->Illuminate/Pipeline/{closure}()
#22 C:/Users/MSI/Desktop/projet cote serveur/stock-management/vendor/laravel/framework/src/Illuminate/Pipeline/Pipeline.php(219): Illuminate/Auth/Middleware/Authenticate->handle()
#23 C:/Users/MSI/Desktop/projet cote serveur/stock-management/vendor/laravel/framework/src/Illuminate/Foundation/Http/Middleware/VerifyCsrfToken.php(87): Illuminate/Pipeline/Pipeline->Illuminate/Pipeline/{closure}()
#24 C:/Users/MSI/Desktop/projet cote serveur/stock-management/vendor/laravel/framework/src/Illuminate/Pipeline/Pipeline.php(219): Illuminate/Foundation/Http/Middleware/VerifyCsrfToken->handle()
#25 C:/Users/MSI/Desktop/projet cote serveur/stock-management/vendor/laravel/framework/src/Illuminate/View/Middleware/ShareErrorsFromSession.php(48): Illuminate/Pipeline/Pipeline->Illuminate/Pipeline/{closure}()
#26 C:/Users/MSI/Desktop/projet cote serveur/stock-management/vendor/laravel/framework/src/Illuminate/Pipeline/Pipeline.php(219): Illuminate/View/Middleware/ShareErrorsFromSession->handle()
#27 C:/Users/MSI/Desktop/projet cote serveur/stock-management/vendor/laravel/framework/src/Illuminate/Session/Middleware/StartSession.php(120): Illuminate/Pipeline/Pipeline->Illuminate/Pipeline/{closure}()
#28 C:/Users/MSI/Desktop/projet cote serveur/stock-management/vendor/laravel/framework/src/Illuminate/Session/Middleware/StartSession.php(63): Illuminate/Session/Middleware/StartSession->handleStatefulRequest()
#29 C:/Users/MSI/Desktop/projet cote serveur/stock-management/vendor/laravel/framework/src/Illuminate/Pipeline/Pipeline.php(219): Illuminate/Session/Middleware/StartSession->handle()
#30 C:/Users/MSI/Desktop/projet cote serveur/stock-management/vendor/laravel/framework/src/Illuminate/Cookie/Middleware/AddQueuedCookiesToResponse.php(36): Illuminate/Pipeline/Pipeline->Illuminate/Pipeline/{closure}()
#31 C:/Users/MSI/Desktop/projet cote serveur/stock-management/vendor/laravel/framework/src/Illuminate/Pipeline/Pipeline.php(219): Illuminate/Cookie/Middleware/AddQueuedCookiesToResponse->handle()
#32 C:/Users/MSI/Desktop/projet cote serveur/stock-management/vendor/laravel/framework/src/Illuminate/Cookie/Middleware/EncryptCookies.php(74): Illuminate/Pipeline/Pipeline->Illuminate/Pipeline/{closure}()
#33 C:/Users/MSI/Desktop/projet cote serveur/stock-management/vendor/laravel/framework/src/Illuminate/Pipeline/Pipeline.php(219): Illuminate/Cookie/Middleware/EncryptCookies->handle()
#34 C:/Users/MSI/Desktop/projet cote serveur/stock-management/vendor/laravel/framework/src/Illuminate/Pipeline/Pipeline.php(137): Illuminate/Pipeline/Pipeline->Illuminate/Pipeline/{closure}()
#35 C:/Users/MSI/Desktop/projet cote serveur/stock-management/vendor/laravel/framework/src/Illuminate/Routing/Router.php(821): Illuminate/Pipeline/Pipeline->then()
#36 C:/Users/MSI/Desktop/projet cote serveur/stock-management/vendor/laravel/framework/src/Illuminate/Routing/Router.php(800): Illuminate/Routing/Router->runRouteWithinStack()
#37 C:/Users/MSI/Desktop/projet cote serveur/stock-management/vendor/laravel/framework/src/Illuminate/Routing/Router.php(764): Illuminate/Routing/Router->runRoute()
#38 C:/Users/MSI/Desktop/projet cote serveur/stock-management/vendor/laravel/framework/src/Illuminate/Routing/Router.php(753): Illuminate/Routing/Router->dispatchToRoute()
#39 C:/Users/MSI/Desktop/projet cote serveur/stock-management/vendor/laravel/framework/src/Illuminate/Foundation/Http/Kernel.php(200): Illuminate/Routing/Router->dispatch()
#40 C:/Users/MSI/Desktop/projet cote serveur/stock-management/vendor/laravel/framework/src/Illuminate/Pipeline/Pipeline.php(180): Illuminate/Foundation/Http/Kernel->Illuminate/Foundation/Http/{closure}()
#41 C:/Users/MSI/Desktop/projet cote serveur/stock-management/vendor/laravel/framework/src/Illuminate/Foundation/Http/Middleware/TransformsRequest.php(21): Illuminate/Pipeline/Pipeline->Illuminate/Pipeline/{closure}()
#42 C:/Users/MSI/Desktop/projet cote serveur/stock-management/vendor/laravel/framework/src/Illuminate/Foundation/Http/Middleware/ConvertEmptyStringsToNull.php(31): Illuminate/Foundation/Http/Middleware/TransformsRequest->handle()
#43 C:/Users/MSI/Desktop/projet cote serveur/stock-management/vendor/laravel/framework/src/Illuminate/Pipeline/Pipeline.php(219): Illuminate/Foundation/Http/Middleware/ConvertEmptyStringsToNull->handle()
#44 C:/Users/MSI/Desktop/projet cote serveur/stock-management/vendor/laravel/framework/src/Illuminate/Foundation/Http/Middleware/TransformsRequest.php(21): Illuminate/Pipeline/Pipeline->Illuminate/Pipeline/{closure}()
#45 C:/Users/MSI/Desktop/projet cote serveur/stock-management/vendor/laravel/framework/src/Illuminate/Foundation/Http/Middleware/TrimStrings.php(51): Illuminate/Foundation/Http/Middleware/TransformsRequest->handle()
#46 C:/Users/MSI/Desktop/projet cote serveur/stock-management/vendor/laravel/framework/src/Illuminate/Pipeline/Pipeline.php(219): Illuminate/Foundation/Http/Middleware/TrimStrings->handle()
#47 C:/Users/MSI/Desktop/projet cote serveur/stock-management/vendor/laravel/framework/src/Illuminate/Http/Middleware/ValidatePostSize.php(27): Illuminate/Pipeline/Pipeline->Illuminate/Pipeline/{closure}()
#48 C:/Users/MSI/Desktop/projet cote serveur/stock-management/vendor/laravel/framework/src/Illuminate/Pipeline/Pipeline.php(219): Illuminate/Http/Middleware/ValidatePostSize->handle()
#49 C:/Users/MSI/Desktop/projet cote serveur/stock-management/vendor/laravel/framework/src/Illuminate/Foundation/Http/Middleware/PreventRequestsDuringMaintenance.php(109): Illuminate/Pipeline/Pipeline->Illuminate/Pipeline/{closure}()
#50 C:/Users/MSI/Desktop/projet cote serveur/stock-management/vendor/laravel/framework/src/Illuminate/Pipeline/Pipeline.php(219): Illuminate/Foundation/Http/Middleware/PreventRequestsDuringMaintenance->handle()
#51 C:/Users/MSI/Desktop/projet cote serveur/stock-management/vendor/laravel/framework/src/Illuminate/Http/Middleware/HandleCors.php(61): Illuminate/Pipeline/Pipeline->Illuminate/Pipeline/{closure}()
#52 C:/Users/MSI/Desktop/projet cote serveur/stock-management/vendor/laravel/framework/src/Illuminate/Pipeline/Pipeline.php(219): Illuminate/Http/Middleware/HandleCors->handle()
#53 C:/Users/MSI/Desktop/projet cote serveur/stock-management/vendor/laravel/framework/src/Illuminate/Http/Middleware/TrustProxies.php(58): Illuminate/Pipeline/Pipeline->Illuminate/Pipeline/{closure}()
#54 C:/Users/MSI/Desktop/projet cote serveur/stock-management/vendor/laravel/framework/src/Illuminate/Pipeline/Pipeline.php(219): Illuminate/Http/Middleware/TrustProxies->handle()
#55 C:/Users/MSI/Desktop/projet cote serveur/stock-management/vendor/laravel/framework/src/Illuminate/Foundation/Http/Middleware/InvokeDeferredCallbacks.php(22): Illuminate/Pipeline/Pipeline->Illuminate/Pipeline/{closure}()
#56 C:/Users/MSI/Desktop/projet cote serveur/stock-management/vendor/laravel/framework/src/Illuminate/Pipeline/Pipeline.php(219): Illuminate/Foundation/Http/Middleware/InvokeDeferredCallbacks->handle()
#57 C:/Users/MSI/Desktop/projet cote serveur/stock-management/vendor/laravel/framework/src/Illuminate/Http/Middleware/ValidatePathEncoding.php(26): Illuminate/Pipeline/Pipeline->Illuminate/Pipeline/{closure}()
#58 C:/Users/MSI/Desktop/projet cote serveur/stock-management/vendor/laravel/framework/src/Illuminate/Pipeline/Pipeline.php(219): Illuminate/Http/Middleware/ValidatePathEncoding->handle()
#59 C:/Users/MSI/Desktop/projet cote serveur/stock-management/vendor/laravel/framework/src/Illuminate/Pipeline/Pipeline.php(137): Illuminate/Pipeline/Pipeline->Illuminate/Pipeline/{closure}()
#60 C:/Users/MSI/Desktop/projet cote serveur/stock-management/vendor/laravel/framework/src/Illuminate/Foundation/Http/Kernel.php(175): Illuminate/Pipeline/Pipeline->then()
#61 C:/Users/MSI/Desktop/projet cote serveur/stock-management/vendor/laravel/framework/src/Illuminate/Foundation/Http/Kernel.php(144): Illuminate/Foundation/Http/Kernel->sendRequestThroughRouter()
#62 C:/Users/MSI/Desktop/projet cote serveur/stock-management/vendor/laravel/framework/src/Illuminate/Foundation/Application.php(1220): Illuminate/Foundation/Http/Kernel->handle()
#63 C:/Users/MSI/Desktop/projet cote serveur/stock-management/public/index.php(17): Illuminate/Foundation/Application->handleRequest()
#64 C:/Users/MSI/Desktop/projet cote serveur/stock-management/vendor/laravel/framework/src/Illuminate/Foundation/resources/server.php(23): require_once('...')
#65 {main}
"} 
[2026-04-28 11:03:17] local.ERROR: Unable to guess the MIME type as no guessers are available (have you enabled the php_fileinfo extension?). {"userId":1,"exception":"[object] (Symfony\\Component\\Mime\\Exception\\LogicException(code: 0): Unable to guess the MIME type as no guessers are available (have you enabled the php_fileinfo extension?). at C:/Users/MSI/Desktop/projet cote serveur/stock-management/vendor/symfony/mime/MimeTypes.php:129)
[stacktrace]
#0 C:/Users/MSI/Desktop/projet cote serveur/stock-management/vendor/symfony/http-foundation/File/File.php(77): Symfony/Component/Mime/MimeTypes->guessMimeType()
#1 C:/Users/MSI/Desktop/projet cote serveur/stock-management/vendor/symfony/http-foundation/File/File.php(59): Symfony/Component/HttpFoundation/File/File->getMimeType()
#2 C:/Users/MSI/Desktop/projet cote serveur/stock-management/vendor/laravel/framework/src/Illuminate/Validation/Concerns/ValidatesAttributes.php(1721): Symfony/Component/HttpFoundation/File/File->guessExtension()
#3 C:/Users/MSI/Desktop/projet cote serveur/stock-management/vendor/laravel/framework/src/Illuminate/Validation/Concerns/ValidatesAttributes.php(1498): Illuminate/Validation/Validator->validateMimes()
#4 C:/Users/MSI/Desktop/projet cote serveur/stock-management/vendor/laravel/framework/src/Illuminate/Validation/Validator.php(726): Illuminate/Validation/Validator->validateImage()
#5 C:/Users/MSI/Desktop/projet cote serveur/stock-management/vendor/laravel/framework/src/Illuminate/Validation/Validator.php(481): Illuminate/Validation/Validator->validateAttribute()
#6 C:/Users/MSI/Desktop/projet cote serveur/stock-management/vendor/laravel/framework/src/Illuminate/Validation/Validator.php(516): Illuminate/Validation/Validator->passes()
#7 C:/Users/MSI/Desktop/projet cote serveur/stock-management/vendor/laravel/framework/src/Illuminate/Validation/Validator.php(598): Illuminate/Validation/Validator->fails()
#8 C:/Users/MSI/Desktop/projet cote serveur/stock-management/vendor/laravel/framework/src/Illuminate/Foundation/Providers/FoundationServiceProvider.php(156): Illuminate/Validation/Validator->validate()
#9 C:/Users/MSI/Desktop/projet cote serveur/stock-management/vendor/laravel/framework/src/Illuminate/Macroable/Traits/Macroable.php(126): Illuminate/Http/Request->Illuminate/Foundation/Providers/{closure}()
#10 C:/Users/MSI/Desktop/projet cote serveur/stock-management/app/Http/Controllers/Admin/ProductController.php(146): Illuminate/Http/Request->__call()
#11 C:/Users/MSI/Desktop/projet cote serveur/stock-management/app/Http/Controllers/Admin/ProductController.php(68): App/Http/Controllers/Admin/ProductController->validateProduct()
#12 C:/Users/MSI/Desktop/projet cote serveur/stock-management/vendor/laravel/framework/src/Illuminate/Routing/ControllerDispatcher.php(46): App/Http/Controllers/Admin/ProductController->store()
#13 C:/Users/MSI/Desktop/projet cote serveur/stock-management/vendor/laravel/framework/src/Illuminate/Routing/Route.php(265): Illuminate/Routing/ControllerDispatcher->dispatch()
#14 C:/Users/MSI/Desktop/projet cote serveur/stock-management/vendor/laravel/framework/src/Illuminate/Routing/Route.php(211): Illuminate/Routing/Route->runController()
#15 C:/Users/MSI/Desktop/projet cote serveur/stock-management/vendor/laravel/framework/src/Illuminate/Routing/Router.php(822): Illuminate/Routing/Route->run()
#16 C:/Users/MSI/Desktop/projet cote serveur/stock-management/vendor/laravel/framework/src/Illuminate/Pipeline/Pipeline.php(180): Illuminate/Routing/Router->Illuminate/Routing/{closure}()
#17 C:/Users/MSI/Desktop/projet cote serveur/stock-management/app/Http/Middleware/RoleMiddleware.php(35): Illuminate/Pipeline/Pipeline->Illuminate/Pipeline/{closure}()
#18 C:/Users/MSI/Desktop/projet cote serveur/stock-management/vendor/laravel/framework/src/Illuminate/Pipeline/Pipeline.php(219): App/Http/Middleware/RoleMiddleware->handle()
#19 C:/Users/MSI/Desktop/projet cote serveur/stock-management/vendor/laravel/framework/src/Illuminate/Routing/Middleware/SubstituteBindings.php(50): Illuminate/Pipeline/Pipeline->Illuminate/Pipeline/{closure}()
#20 C:/Users/MSI/Desktop/projet cote serveur/stock-management/vendor/laravel/framework/src/Illuminate/Pipeline/Pipeline.php(219): Illuminate/Routing/Middleware/SubstituteBindings->handle()
#21 C:/Users/MSI/Desktop/projet cote serveur/stock-management/vendor/laravel/framework/src/Illuminate/Auth/Middleware/Authenticate.php(63): Illuminate/Pipeline/Pipeline->Illuminate/Pipeline/{closure}()
#22 C:/Users/MSI/Desktop/projet cote serveur/stock-management/vendor/laravel/framework/src/Illuminate/Pipeline/Pipeline.php(219): Illuminate/Auth/Middleware/Authenticate->handle()
#23 C:/Users/MSI/Desktop/projet cote serveur/stock-management/vendor/laravel/framework/src/Illuminate/Foundation/Http/Middleware/VerifyCsrfToken.php(87): Illuminate/Pipeline/Pipeline->Illuminate/Pipeline/{closure}()
#24 C:/Users/MSI/Desktop/projet cote serveur/stock-management/vendor/laravel/framework/src/Illuminate/Pipeline/Pipeline.php(219): Illuminate/Foundation/Http/Middleware/VerifyCsrfToken->handle()
#25 C:/Users/MSI/Desktop/projet cote serveur/stock-management/vendor/laravel/framework/src/Illuminate/View/Middleware/ShareErrorsFromSession.php(48): Illuminate/Pipeline/Pipeline->Illuminate/Pipeline/{closure}()
#26 C:/Users/MSI/Desktop/projet cote serveur/stock-management/vendor/laravel/framework/src/Illuminate/Pipeline/Pipeline.php(219): Illuminate/View/Middleware/ShareErrorsFromSession->handle()
#27 C:/Users/MSI/Desktop/projet cote serveur/stock-management/vendor/laravel/framework/src/Illuminate/Session/Middleware/StartSession.php(120): Illuminate/Pipeline/Pipeline->Illuminate/Pipeline/{closure}()
#28 C:/Users/MSI/Desktop/projet cote serveur/stock-management/vendor/laravel/framework/src/Illuminate/Session/Middleware/StartSession.php(63): Illuminate/Session/Middleware/StartSession->handleStatefulRequest()
#29 C:/Users/MSI/Desktop/projet cote serveur/stock-management/vendor/laravel/framework/src/Illuminate/Pipeline/Pipeline.php(219): Illuminate/Session/Middleware/StartSession->handle()
#30 C:/Users/MSI/Desktop/projet cote serveur/stock-management/vendor/laravel/framework/src/Illuminate/Cookie/Middleware/AddQueuedCookiesToResponse.php(36): Illuminate/Pipeline/Pipeline->Illuminate/Pipeline/{closure}()
#31 C:/Users/MSI/Desktop/projet cote serveur/stock-management/vendor/laravel/framework/src/Illuminate/Pipeline/Pipeline.php(219): Illuminate/Cookie/Middleware/AddQueuedCookiesToResponse->handle()
#32 C:/Users/MSI/Desktop/projet cote serveur/stock-management/vendor/laravel/framework/src/Illuminate/Cookie/Middleware/EncryptCookies.php(74): Illuminate/Pipeline/Pipeline->Illuminate/Pipeline/{closure}()
#33 C:/Users/MSI/Desktop/projet cote serveur/stock-management/vendor/laravel/framework/src/Illuminate/Pipeline/Pipeline.php(219): Illuminate/Cookie/Middleware/EncryptCookies->handle()
#34 C:/Users/MSI/Desktop/projet cote serveur/stock-management/vendor/laravel/framework/src/Illuminate/Pipeline/Pipeline.php(137): Illuminate/Pipeline/Pipeline->Illuminate/Pipeline/{closure}()
#35 C:/Users/MSI/Desktop/projet cote serveur/stock-management/vendor/laravel/framework/src/Illuminate/Routing/Router.php(821): Illuminate/Pipeline/Pipeline->then()
#36 C:/Users/MSI/Desktop/projet cote serveur/stock-management/vendor/laravel/framework/src/Illuminate/Routing/Router.php(800): Illuminate/Routing/Router->runRouteWithinStack()
#37 C:/Users/MSI/Desktop/projet cote serveur/stock-management/vendor/laravel/framework/src/Illuminate/Routing/Router.php(764): Illuminate/Routing/Router->runRoute()
#38 C:/Users/MSI/Desktop/projet cote serveur/stock-management/vendor/laravel/framework/src/Illuminate/Routing/Router.php(753): Illuminate/Routing/Router->dispatchToRoute()
#39 C:/Users/MSI/Desktop/projet cote serveur/stock-management/vendor/laravel/framework/src/Illuminate/Foundation/Http/Kernel.php(200): Illuminate/Routing/Router->dispatch()
#40 C:/Users/MSI/Desktop/projet cote serveur/stock-management/vendor/laravel/framework/src/Illuminate/Pipeline/Pipeline.php(180): Illuminate/Foundation/Http/Kernel->Illuminate/Foundation/Http/{closure}()
#41 C:/Users/MSI/Desktop/projet cote serveur/stock-management/vendor/laravel/framework/src/Illuminate/Foundation/Http/Middleware/TransformsRequest.php(21): Illuminate/Pipeline/Pipeline->Illuminate/Pipeline/{closure}()
#42 C:/Users/MSI/Desktop/projet cote serveur/stock-management/vendor/laravel/framework/src/Illuminate/Foundation/Http/Middleware/ConvertEmptyStringsToNull.php(31): Illuminate/Foundation/Http/Middleware/TransformsRequest->handle()
#43 C:/Users/MSI/Desktop/projet cote serveur/stock-management/vendor/laravel/framework/src/Illuminate/Pipeline/Pipeline.php(219): Illuminate/Foundation/Http/Middleware/ConvertEmptyStringsToNull->handle()
#44 C:/Users/MSI/Desktop/projet cote serveur/stock-management/vendor/laravel/framework/src/Illuminate/Foundation/Http/Middleware/TransformsRequest.php(21): Illuminate/Pipeline/Pipeline->Illuminate/Pipeline/{closure}()
#45 C:/Users/MSI/Desktop/projet cote serveur/stock-management/vendor/laravel/framework/src/Illuminate/Foundation/Http/Middleware/TrimStrings.php(51): Illuminate/Foundation/Http/Middleware/TransformsRequest->handle()
#46 C:/Users/MSI/Desktop/projet cote serveur/stock-management/vendor/laravel/framework/src/Illuminate/Pipeline/Pipeline.php(219): Illuminate/Foundation/Http/Middleware/TrimStrings->handle()
#47 C:/Users/MSI/Desktop/projet cote serveur/stock-management/vendor/laravel/framework/src/Illuminate/Http/Middleware/ValidatePostSize.php(27): Illuminate/Pipeline/Pipeline->Illuminate/Pipeline/{closure}()
#48 C:/Users/MSI/Desktop/projet cote serveur/stock-management/vendor/laravel/framework/src/Illuminate/Pipeline/Pipeline.php(219): Illuminate/Http/Middleware/ValidatePostSize->handle()
#49 C:/Users/MSI/Desktop/projet cote serveur/stock-management/vendor/laravel/framework/src/Illuminate/Foundation/Http/Middleware/PreventRequestsDuringMaintenance.php(109): Illuminate/Pipeline/Pipeline->Illuminate/Pipeline/{closure}()
#50 C:/Users/MSI/Desktop/projet cote serveur/stock-management/vendor/laravel/framework/src/Illuminate/Pipeline/Pipeline.php(219): Illuminate/Foundation/Http/Middleware/PreventRequestsDuringMaintenance->handle()
#51 C:/Users/MSI/Desktop/projet cote serveur/stock-management/vendor/laravel/framework/src/Illuminate/Http/Middleware/HandleCors.php(61): Illuminate/Pipeline/Pipeline->Illuminate/Pipeline/{closure}()
#52 C:/Users/MSI/Desktop/projet cote serveur/stock-management/vendor/laravel/framework/src/Illuminate/Pipeline/Pipeline.php(219): Illuminate/Http/Middleware/HandleCors->handle()
#53 C:/Users/MSI/Desktop/projet cote serveur/stock-management/vendor/laravel/framework/src/Illuminate/Http/Middleware/TrustProxies.php(58): Illuminate/Pipeline/Pipeline->Illuminate/Pipeline/{closure}()
#54 C:/Users/MSI/Desktop/projet cote serveur/stock-management/vendor/laravel/framework/src/Illuminate/Pipeline/Pipeline.php(219): Illuminate/Http/Middleware/TrustProxies->handle()
#55 C:/Users/MSI/Desktop/projet cote serveur/stock-management/vendor/laravel/framework/src/Illuminate/Foundation/Http/Middleware/InvokeDeferredCallbacks.php(22): Illuminate/Pipeline/Pipeline->Illuminate/Pipeline/{closure}()
#56 C:/Users/MSI/Desktop/projet cote serveur/stock-management/vendor/laravel/framework/src/Illuminate/Pipeline/Pipeline.php(219): Illuminate/Foundation/Http/Middleware/InvokeDeferredCallbacks->handle()
#57 C:/Users/MSI/Desktop/projet cote serveur/stock-management/vendor/laravel/framework/src/Illuminate/Http/Middleware/ValidatePathEncoding.php(26): Illuminate/Pipeline/Pipeline->Illuminate/Pipeline/{closure}()
#58 C:/Users/MSI/Desktop/projet cote serveur/stock-management/vendor/laravel/framework/src/Illuminate/Pipeline/Pipeline.php(219): Illuminate/Http/Middleware/ValidatePathEncoding->handle()
#59 C:/Users/MSI/Desktop/projet cote serveur/stock-management/vendor/laravel/framework/src/Illuminate/Pipeline/Pipeline.php(137): Illuminate/Pipeline/Pipeline->Illuminate/Pipeline/{closure}()
#60 C:/Users/MSI/Desktop/projet cote serveur/stock-management/vendor/laravel/framework/src/Illuminate/Foundation/Http/Kernel.php(175): Illuminate/Pipeline/Pipeline->then()
#61 C:/Users/MSI/Desktop/projet cote serveur/stock-management/vendor/laravel/framework/src/Illuminate/Foundation/Http/Kernel.php(144): Illuminate/Foundation/Http/Kernel->sendRequestThroughRouter()
#62 C:/Users/MSI/Desktop/projet cote serveur/stock-management/vendor/laravel/framework/src/Illuminate/Foundation/Application.php(1220): Illuminate/Foundation/Http/Kernel->handle()
#63 C:/Users/MSI/Desktop/projet cote serveur/stock-management/public/index.php(17): Illuminate/Foundation/Application->handleRequest()
#64 C:/Users/MSI/Desktop/projet cote serveur/stock-management/vendor/laravel/framework/src/Illuminate/Foundation/resources/server.php(23): require_once('...')
#65 {main}
"} 
[2026-04-28 11:03:19] local.ERROR: Unable to guess the MIME type as no guessers are available (have you enabled the php_fileinfo extension?). {"userId":1,"exception":"[object] (Symfony\\Component\\Mime\\Exception\\LogicException(code: 0): Unable to guess the MIME type as no guessers are available (have you enabled the php_fileinfo extension?). at C:/Users/MSI/Desktop/projet cote serveur/stock-management/vendor/symfony/mime/MimeTypes.php:129)
[stacktrace]
#0 C:/Users/MSI/Desktop/projet cote serveur/stock-management/vendor/symfony/http-foundation/File/File.php(77): Symfony/Component/Mime/MimeTypes->guessMimeType()
#1 C:/Users/MSI/Desktop/projet cote serveur/stock-management/vendor/symfony/http-foundation/File/File.php(59): Symfony/Component/HttpFoundation/File/File->getMimeType()
#2 C:/Users/MSI/Desktop/projet cote serveur/stock-management/vendor/laravel/framework/src/Illuminate/Validation/Concerns/ValidatesAttributes.php(1721): Symfony/Component/HttpFoundation/File/File->guessExtension()
#3 C:/Users/MSI/Desktop/projet cote serveur/stock-management/vendor/laravel/framework/src/Illuminate/Validation/Concerns/ValidatesAttributes.php(1498): Illuminate/Validation/Validator->validateMimes()
#4 C:/Users/MSI/Desktop/projet cote serveur/stock-management/vendor/laravel/framework/src/Illuminate/Validation/Validator.php(726): Illuminate/Validation/Validator->validateImage()
#5 C:/Users/MSI/Desktop/projet cote serveur/stock-management/vendor/laravel/framework/src/Illuminate/Validation/Validator.php(481): Illuminate/Validation/Validator->validateAttribute()
#6 C:/Users/MSI/Desktop/projet cote serveur/stock-management/vendor/laravel/framework/src/Illuminate/Validation/Validator.php(516): Illuminate/Validation/Validator->passes()
#7 C:/Users/MSI/Desktop/projet cote serveur/stock-management/vendor/laravel/framework/src/Illuminate/Validation/Validator.php(598): Illuminate/Validation/Validator->fails()
#8 C:/Users/MSI/Desktop/projet cote serveur/stock-management/vendor/laravel/framework/src/Illuminate/Foundation/Providers/FoundationServiceProvider.php(156): Illuminate/Validation/Validator->validate()
#9 C:/Users/MSI/Desktop/projet cote serveur/stock-management/vendor/laravel/framework/src/Illuminate/Macroable/Traits/Macroable.php(126): Illuminate/Http/Request->Illuminate/Foundation/Providers/{closure}()
#10 C:/Users/MSI/Desktop/projet cote serveur/stock-management/app/Http/Controllers/Admin/ProductController.php(146): Illuminate/Http/Request->__call()
#11 C:/Users/MSI/Desktop/projet cote serveur/stock-management/app/Http/Controllers/Admin/ProductController.php(68): App/Http/Controllers/Admin/ProductController->validateProduct()
#12 C:/Users/MSI/Desktop/projet cote serveur/stock-management/vendor/laravel/framework/src/Illuminate/Routing/ControllerDispatcher.php(46): App/Http/Controllers/Admin/ProductController->store()
#13 C:/Users/MSI/Desktop/projet cote serveur/stock-management/vendor/laravel/framework/src/Illuminate/Routing/Route.php(265): Illuminate/Routing/ControllerDispatcher->dispatch()
#14 C:/Users/MSI/Desktop/projet cote serveur/stock-management/vendor/laravel/framework/src/Illuminate/Routing/Route.php(211): Illuminate/Routing/Route->runController()
#15 C:/Users/MSI/Desktop/projet cote serveur/stock-management/vendor/laravel/framework/src/Illuminate/Routing/Router.php(822): Illuminate/Routing/Route->run()
#16 C:/Users/MSI/Desktop/projet cote serveur/stock-management/vendor/laravel/framework/src/Illuminate/Pipeline/Pipeline.php(180): Illuminate/Routing/Router->Illuminate/Routing/{closure}()
#17 C:/Users/MSI/Desktop/projet cote serveur/stock-management/app/Http/Middleware/RoleMiddleware.php(35): Illuminate/Pipeline/Pipeline->Illuminate/Pipeline/{closure}()
#18 C:/Users/MSI/Desktop/projet cote serveur/stock-management/vendor/laravel/framework/src/Illuminate/Pipeline/Pipeline.php(219): App/Http/Middleware/RoleMiddleware->handle()
#19 C:/Users/MSI/Desktop/projet cote serveur/stock-management/vendor/laravel/framework/src/Illuminate/Routing/Middleware/SubstituteBindings.php(50): Illuminate/Pipeline/Pipeline->Illuminate/Pipeline/{closure}()
#20 C:/Users/MSI/Desktop/projet cote serveur/stock-management/vendor/laravel/framework/src/Illuminate/Pipeline/Pipeline.php(219): Illuminate/Routing/Middleware/SubstituteBindings->handle()
#21 C:/Users/MSI/Desktop/projet cote serveur/stock-management/vendor/laravel/framework/src/Illuminate/Auth/Middleware/Authenticate.php(63): Illuminate/Pipeline/Pipeline->Illuminate/Pipeline/{closure}()
#22 C:/Users/MSI/Desktop/projet cote serveur/stock-management/vendor/laravel/framework/src/Illuminate/Pipeline/Pipeline.php(219): Illuminate/Auth/Middleware/Authenticate->handle()
#23 C:/Users/MSI/Desktop/projet cote serveur/stock-management/vendor/laravel/framework/src/Illuminate/Foundation/Http/Middleware/VerifyCsrfToken.php(87): Illuminate/Pipeline/Pipeline->Illuminate/Pipeline/{closure}()
#24 C:/Users/MSI/Desktop/projet cote serveur/stock-management/vendor/laravel/framework/src/Illuminate/Pipeline/Pipeline.php(219): Illuminate/Foundation/Http/Middleware/VerifyCsrfToken->handle()
#25 C:/Users/MSI/Desktop/projet cote serveur/stock-management/vendor/laravel/framework/src/Illuminate/View/Middleware/ShareErrorsFromSession.php(48): Illuminate/Pipeline/Pipeline->Illuminate/Pipeline/{closure}()
#26 C:/Users/MSI/Desktop/projet cote serveur/stock-management/vendor/laravel/framework/src/Illuminate/Pipeline/Pipeline.php(219): Illuminate/View/Middleware/ShareErrorsFromSession->handle()
#27 C:/Users/MSI/Desktop/projet cote serveur/stock-management/vendor/laravel/framework/src/Illuminate/Session/Middleware/StartSession.php(120): Illuminate/Pipeline/Pipeline->Illuminate/Pipeline/{closure}()
#28 C:/Users/MSI/Desktop/projet cote serveur/stock-management/vendor/laravel/framework/src/Illuminate/Session/Middleware/StartSession.php(63): Illuminate/Session/Middleware/StartSession->handleStatefulRequest()
#29 C:/Users/MSI/Desktop/projet cote serveur/stock-management/vendor/laravel/framework/src/Illuminate/Pipeline/Pipeline.php(219): Illuminate/Session/Middleware/StartSession->handle()
#30 C:/Users/MSI/Desktop/projet cote serveur/stock-management/vendor/laravel/framework/src/Illuminate/Cookie/Middleware/AddQueuedCookiesToResponse.php(36): Illuminate/Pipeline/Pipeline->Illuminate/Pipeline/{closure}()
#31 C:/Users/MSI/Desktop/projet cote serveur/stock-management/vendor/laravel/framework/src/Illuminate/Pipeline/Pipeline.php(219): Illuminate/Cookie/Middleware/AddQueuedCookiesToResponse->handle()
#32 C:/Users/MSI/Desktop/projet cote serveur/stock-management/vendor/laravel/framework/src/Illuminate/Cookie/Middleware/EncryptCookies.php(74): Illuminate/Pipeline/Pipeline->Illuminate/Pipeline/{closure}()
#33 C:/Users/MSI/Desktop/projet cote serveur/stock-management/vendor/laravel/framework/src/Illuminate/Pipeline/Pipeline.php(219): Illuminate/Cookie/Middleware/EncryptCookies->handle()
#34 C:/Users/MSI/Desktop/projet cote serveur/stock-management/vendor/laravel/framework/src/Illuminate/Pipeline/Pipeline.php(137): Illuminate/Pipeline/Pipeline->Illuminate/Pipeline/{closure}()
#35 C:/Users/MSI/Desktop/projet cote serveur/stock-management/vendor/laravel/framework/src/Illuminate/Routing/Router.php(821): Illuminate/Pipeline/Pipeline->then()
#36 C:/Users/MSI/Desktop/projet cote serveur/stock-management/vendor/laravel/framework/src/Illuminate/Routing/Router.php(800): Illuminate/Routing/Router->runRouteWithinStack()
#37 C:/Users/MSI/Desktop/projet cote serveur/stock-management/vendor/laravel/framework/src/Illuminate/Routing/Router.php(764): Illuminate/Routing/Router->runRoute()
#38 C:/Users/MSI/Desktop/projet cote serveur/stock-management/vendor/laravel/framework/src/Illuminate/Routing/Router.php(753): Illuminate/Routing/Router->dispatchToRoute()
#39 C:/Users/MSI/Desktop/projet cote serveur/stock-management/vendor/laravel/framework/src/Illuminate/Foundation/Http/Kernel.php(200): Illuminate/Routing/Router->dispatch()
#40 C:/Users/MSI/Desktop/projet cote serveur/stock-management/vendor/laravel/framework/src/Illuminate/Pipeline/Pipeline.php(180): Illuminate/Foundation/Http/Kernel->Illuminate/Foundation/Http/{closure}()
#41 C:/Users/MSI/Desktop/projet cote serveur/stock-management/vendor/laravel/framework/src/Illuminate/Foundation/Http/Middleware/TransformsRequest.php(21): Illuminate/Pipeline/Pipeline->Illuminate/Pipeline/{closure}()
#42 C:/Users/MSI/Desktop/projet cote serveur/stock-management/vendor/laravel/framework/src/Illuminate/Foundation/Http/Middleware/ConvertEmptyStringsToNull.php(31): Illuminate/Foundation/Http/Middleware/TransformsRequest->handle()
#43 C:/Users/MSI/Desktop/projet cote serveur/stock-management/vendor/laravel/framework/src/Illuminate/Pipeline/Pipeline.php(219): Illuminate/Foundation/Http/Middleware/ConvertEmptyStringsToNull->handle()
#44 C:/Users/MSI/Desktop/projet cote serveur/stock-management/vendor/laravel/framework/src/Illuminate/Foundation/Http/Middleware/TransformsRequest.php(21): Illuminate/Pipeline/Pipeline->Illuminate/Pipeline/{closure}()
#45 C:/Users/MSI/Desktop/projet cote serveur/stock-management/vendor/laravel/framework/src/Illuminate/Foundation/Http/Middleware/TrimStrings.php(51): Illuminate/Foundation/Http/Middleware/TransformsRequest->handle()
#46 C:/Users/MSI/Desktop/projet cote serveur/stock-management/vendor/laravel/framework/src/Illuminate/Pipeline/Pipeline.php(219): Illuminate/Foundation/Http/Middleware/TrimStrings->handle()
#47 C:/Users/MSI/Desktop/projet cote serveur/stock-management/vendor/laravel/framework/src/Illuminate/Http/Middleware/ValidatePostSize.php(27): Illuminate/Pipeline/Pipeline->Illuminate/Pipeline/{closure}()
#48 C:/Users/MSI/Desktop/projet cote serveur/stock-management/vendor/laravel/framework/src/Illuminate/Pipeline/Pipeline.php(219): Illuminate/Http/Middleware/ValidatePostSize->handle()
#49 C:/Users/MSI/Desktop/projet cote serveur/stock-management/vendor/laravel/framework/src/Illuminate/Foundation/Http/Middleware/PreventRequestsDuringMaintenance.php(109): Illuminate/Pipeline/Pipeline->Illuminate/Pipeline/{closure}()
#50 C:/Users/MSI/Desktop/projet cote serveur/stock-management/vendor/laravel/framework/src/Illuminate/Pipeline/Pipeline.php(219): Illuminate/Foundation/Http/Middleware/PreventRequestsDuringMaintenance->handle()
#51 C:/Users/MSI/Desktop/projet cote serveur/stock-management/vendor/laravel/framework/src/Illuminate/Http/Middleware/HandleCors.php(61): Illuminate/Pipeline/Pipeline->Illuminate/Pipeline/{closure}()
#52 C:/Users/MSI/Desktop/projet cote serveur/stock-management/vendor/laravel/framework/src/Illuminate/Pipeline/Pipeline.php(219): Illuminate/Http/Middleware/HandleCors->handle()
#53 C:/Users/MSI/Desktop/projet cote serveur/stock-management/vendor/laravel/framework/src/Illuminate/Http/Middleware/TrustProxies.php(58): Illuminate/Pipeline/Pipeline->Illuminate/Pipeline/{closure}()
#54 C:/Users/MSI/Desktop/projet cote serveur/stock-management/vendor/laravel/framework/src/Illuminate/Pipeline/Pipeline.php(219): Illuminate/Http/Middleware/TrustProxies->handle()
#55 C:/Users/MSI/Desktop/projet cote serveur/stock-management/vendor/laravel/framework/src/Illuminate/Foundation/Http/Middleware/InvokeDeferredCallbacks.php(22): Illuminate/Pipeline/Pipeline->Illuminate/Pipeline/{closure}()
#56 C:/Users/MSI/Desktop/projet cote serveur/stock-management/vendor/laravel/framework/src/Illuminate/Pipeline/Pipeline.php(219): Illuminate/Foundation/Http/Middleware/InvokeDeferredCallbacks->handle()
#57 C:/Users/MSI/Desktop/projet cote serveur/stock-management/vendor/laravel/framework/src/Illuminate/Http/Middleware/ValidatePathEncoding.php(26): Illuminate/Pipeline/Pipeline->Illuminate/Pipeline/{closure}()
#58 C:/Users/MSI/Desktop/projet cote serveur/stock-management/vendor/laravel/framework/src/Illuminate/Pipeline/Pipeline.php(219): Illuminate/Http/Middleware/ValidatePathEncoding->handle()
#59 C:/Users/MSI/Desktop/projet cote serveur/stock-management/vendor/laravel/framework/src/Illuminate/Pipeline/Pipeline.php(137): Illuminate/Pipeline/Pipeline->Illuminate/Pipeline/{closure}()
#60 C:/Users/MSI/Desktop/projet cote serveur/stock-management/vendor/laravel/framework/src/Illuminate/Foundation/Http/Kernel.php(175): Illuminate/Pipeline/Pipeline->then()
#61 C:/Users/MSI/Desktop/projet cote serveur/stock-management/vendor/laravel/framework/src/Illuminate/Foundation/Http/Kernel.php(144): Illuminate/Foundation/Http/Kernel->sendRequestThroughRouter()
#62 C:/Users/MSI/Desktop/projet cote serveur/stock-management/vendor/laravel/framework/src/Illuminate/Foundation/Application.php(1220): Illuminate/Foundation/Http/Kernel->handle()
#63 C:/Users/MSI/Desktop/projet cote serveur/stock-management/public/index.php(17): Illuminate/Foundation/Application->handleRequest()
#64 C:/Users/MSI/Desktop/projet cote serveur/stock-management/vendor/laravel/framework/src/Illuminate/Foundation/resources/server.php(23): require_once('...')
#65 {main}
"} 
[2026-04-28 11:03:27] local.ERROR: Unable to guess the MIME type as no guessers are available (have you enabled the php_fileinfo extension?). {"userId":1,"exception":"[object] (Symfony\\Component\\Mime\\Exception\\LogicException(code: 0): Unable to guess the MIME type as no guessers are available (have you enabled the php_fileinfo extension?). at C:/Users/MSI/Desktop/projet cote serveur/stock-management/vendor/symfony/mime/MimeTypes.php:129)
[stacktrace]
#0 C:/Users/MSI/Desktop/projet cote serveur/stock-management/vendor/symfony/http-foundation/File/File.php(77): Symfony/Component/Mime/MimeTypes->guessMimeType()
#1 C:/Users/MSI/Desktop/projet cote serveur/stock-management/vendor/symfony/http-foundation/File/File.php(59): Symfony/Component/HttpFoundation/File/File->getMimeType()
#2 C:/Users/MSI/Desktop/projet cote serveur/stock-management/vendor/laravel/framework/src/Illuminate/Validation/Concerns/ValidatesAttributes.php(1721): Symfony/Component/HttpFoundation/File/File->guessExtension()
#3 C:/Users/MSI/Desktop/projet cote serveur/stock-management/vendor/laravel/framework/src/Illuminate/Validation/Concerns/ValidatesAttributes.php(1498): Illuminate/Validation/Validator->validateMimes()
#4 C:/Users/MSI/Desktop/projet cote serveur/stock-management/vendor/laravel/framework/src/Illuminate/Validation/Validator.php(726): Illuminate/Validation/Validator->validateImage()
#5 C:/Users/MSI/Desktop/projet cote serveur/stock-management/vendor/laravel/framework/src/Illuminate/Validation/Validator.php(481): Illuminate/Validation/Validator->validateAttribute()
#6 C:/Users/MSI/Desktop/projet cote serveur/stock-management/vendor/laravel/framework/src/Illuminate/Validation/Validator.php(516): Illuminate/Validation/Validator->passes()
#7 C:/Users/MSI/Desktop/projet cote serveur/stock-management/vendor/laravel/framework/src/Illuminate/Validation/Validator.php(598): Illuminate/Validation/Validator->fails()
#8 C:/Users/MSI/Desktop/projet cote serveur/stock-management/vendor/laravel/framework/src/Illuminate/Foundation/Providers/FoundationServiceProvider.php(156): Illuminate/Validation/Validator->validate()
#9 C:/Users/MSI/Desktop/projet cote serveur/stock-management/vendor/laravel/framework/src/Illuminate/Macroable/Traits/Macroable.php(126): Illuminate/Http/Request->Illuminate/Foundation/Providers/{closure}()
#10 C:/Users/MSI/Desktop/projet cote serveur/stock-management/app/Http/Controllers/Admin/ProductController.php(146): Illuminate/Http/Request->__call()
#11 C:/Users/MSI/Desktop/projet cote serveur/stock-management/app/Http/Controllers/Admin/ProductController.php(68): App/Http/Controllers/Admin/ProductController->validateProduct()
#12 C:/Users/MSI/Desktop/projet cote serveur/stock-management/vendor/laravel/framework/src/Illuminate/Routing/ControllerDispatcher.php(46): App/Http/Controllers/Admin/ProductController->store()
#13 C:/Users/MSI/Desktop/projet cote serveur/stock-management/vendor/laravel/framework/src/Illuminate/Routing/Route.php(265): Illuminate/Routing/ControllerDispatcher->dispatch()
#14 C:/Users/MSI/Desktop/projet cote serveur/stock-management/vendor/laravel/framework/src/Illuminate/Routing/Route.php(211): Illuminate/Routing/Route->runController()
#15 C:/Users/MSI/Desktop/projet cote serveur/stock-management/vendor/laravel/framework/src/Illuminate/Routing/Router.php(822): Illuminate/Routing/Route->run()
#16 C:/Users/MSI/Desktop/projet cote serveur/stock-management/vendor/laravel/framework/src/Illuminate/Pipeline/Pipeline.php(180): Illuminate/Routing/Router->Illuminate/Routing/{closure}()
#17 C:/Users/MSI/Desktop/projet cote serveur/stock-management/app/Http/Middleware/RoleMiddleware.php(35): Illuminate/Pipeline/Pipeline->Illuminate/Pipeline/{closure}()
#18 C:/Users/MSI/Desktop/projet cote serveur/stock-management/vendor/laravel/framework/src/Illuminate/Pipeline/Pipeline.php(219): App/Http/Middleware/RoleMiddleware->handle()
#19 C:/Users/MSI/Desktop/projet cote serveur/stock-management/vendor/laravel/framework/src/Illuminate/Routing/Middleware/SubstituteBindings.php(50): Illuminate/Pipeline/Pipeline->Illuminate/Pipeline/{closure}()
#20 C:/Users/MSI/Desktop/projet cote serveur/stock-management/vendor/laravel/framework/src/Illuminate/Pipeline/Pipeline.php(219): Illuminate/Routing/Middleware/SubstituteBindings->handle()
#21 C:/Users/MSI/Desktop/projet cote serveur/stock-management/vendor/laravel/framework/src/Illuminate/Auth/Middleware/Authenticate.php(63): Illuminate/Pipeline/Pipeline->Illuminate/Pipeline/{closure}()
#22 C:/Users/MSI/Desktop/projet cote serveur/stock-management/vendor/laravel/framework/src/Illuminate/Pipeline/Pipeline.php(219): Illuminate/Auth/Middleware/Authenticate->handle()
#23 C:/Users/MSI/Desktop/projet cote serveur/stock-management/vendor/laravel/framework/src/Illuminate/Foundation/Http/Middleware/VerifyCsrfToken.php(87): Illuminate/Pipeline/Pipeline->Illuminate/Pipeline/{closure}()
#24 C:/Users/MSI/Desktop/projet cote serveur/stock-management/vendor/laravel/framework/src/Illuminate/Pipeline/Pipeline.php(219): Illuminate/Foundation/Http/Middleware/VerifyCsrfToken->handle()
#25 C:/Users/MSI/Desktop/projet cote serveur/stock-management/vendor/laravel/framework/src/Illuminate/View/Middleware/ShareErrorsFromSession.php(48): Illuminate/Pipeline/Pipeline->Illuminate/Pipeline/{closure}()
#26 C:/Users/MSI/Desktop/projet cote serveur/stock-management/vendor/laravel/framework/src/Illuminate/Pipeline/Pipeline.php(219): Illuminate/View/Middleware/ShareErrorsFromSession->handle()
#27 C:/Users/MSI/Desktop/projet cote serveur/stock-management/vendor/laravel/framework/src/Illuminate/Session/Middleware/StartSession.php(120): Illuminate/Pipeline/Pipeline->Illuminate/Pipeline/{closure}()
#28 C:/Users/MSI/Desktop/projet cote serveur/stock-management/vendor/laravel/framework/src/Illuminate/Session/Middleware/StartSession.php(63): Illuminate/Session/Middleware/StartSession->handleStatefulRequest()
#29 C:/Users/MSI/Desktop/projet cote serveur/stock-management/vendor/laravel/framework/src/Illuminate/Pipeline/Pipeline.php(219): Illuminate/Session/Middleware/StartSession->handle()
#30 C:/Users/MSI/Desktop/projet cote serveur/stock-management/vendor/laravel/framework/src/Illuminate/Cookie/Middleware/AddQueuedCookiesToResponse.php(36): Illuminate/Pipeline/Pipeline->Illuminate/Pipeline/{closure}()
#31 C:/Users/MSI/Desktop/projet cote serveur/stock-management/vendor/laravel/framework/src/Illuminate/Pipeline/Pipeline.php(219): Illuminate/Cookie/Middleware/AddQueuedCookiesToResponse->handle()
#32 C:/Users/MSI/Desktop/projet cote serveur/stock-management/vendor/laravel/framework/src/Illuminate/Cookie/Middleware/EncryptCookies.php(74): Illuminate/Pipeline/Pipeline->Illuminate/Pipeline/{closure}()
#33 C:/Users/MSI/Desktop/projet cote serveur/stock-management/vendor/laravel/framework/src/Illuminate/Pipeline/Pipeline.php(219): Illuminate/Cookie/Middleware/EncryptCookies->handle()
#34 C:/Users/MSI/Desktop/projet cote serveur/stock-management/vendor/laravel/framework/src/Illuminate/Pipeline/Pipeline.php(137): Illuminate/Pipeline/Pipeline->Illuminate/Pipeline/{closure}()
#35 C:/Users/MSI/Desktop/projet cote serveur/stock-management/vendor/laravel/framework/src/Illuminate/Routing/Router.php(821): Illuminate/Pipeline/Pipeline->then()
#36 C:/Users/MSI/Desktop/projet cote serveur/stock-management/vendor/laravel/framework/src/Illuminate/Routing/Router.php(800): Illuminate/Routing/Router->runRouteWithinStack()
#37 C:/Users/MSI/Desktop/projet cote serveur/stock-management/vendor/laravel/framework/src/Illuminate/Routing/Router.php(764): Illuminate/Routing/Router->runRoute()
#38 C:/Users/MSI/Desktop/projet cote serveur/stock-management/vendor/laravel/framework/src/Illuminate/Routing/Router.php(753): Illuminate/Routing/Router->dispatchToRoute()
#39 C:/Users/MSI/Desktop/projet cote serveur/stock-management/vendor/laravel/framework/src/Illuminate/Foundation/Http/Kernel.php(200): Illuminate/Routing/Router->dispatch()
#40 C:/Users/MSI/Desktop/projet cote serveur/stock-management/vendor/laravel/framework/src/Illuminate/Pipeline/Pipeline.php(180): Illuminate/Foundation/Http/Kernel->Illuminate/Foundation/Http/{closure}()
#41 C:/Users/MSI/Desktop/projet cote serveur/stock-management/vendor/laravel/framework/src/Illuminate/Foundation/Http/Middleware/TransformsRequest.php(21): Illuminate/Pipeline/Pipeline->Illuminate/Pipeline/{closure}()
#42 C:/Users/MSI/Desktop/projet cote serveur/stock-management/vendor/laravel/framework/src/Illuminate/Foundation/Http/Middleware/ConvertEmptyStringsToNull.php(31): Illuminate/Foundation/Http/Middleware/TransformsRequest->handle()
#43 C:/Users/MSI/Desktop/projet cote serveur/stock-management/vendor/laravel/framework/src/Illuminate/Pipeline/Pipeline.php(219): Illuminate/Foundation/Http/Middleware/ConvertEmptyStringsToNull->handle()
#44 C:/Users/MSI/Desktop/projet cote serveur/stock-management/vendor/laravel/framework/src/Illuminate/Foundation/Http/Middleware/TransformsRequest.php(21): Illuminate/Pipeline/Pipeline->Illuminate/Pipeline/{closure}()
#45 C:/Users/MSI/Desktop/projet cote serveur/stock-management/vendor/laravel/framework/src/Illuminate/Foundation/Http/Middleware/TrimStrings.php(51): Illuminate/Foundation/Http/Middleware/TransformsRequest->handle()
#46 C:/Users/MSI/Desktop/projet cote serveur/stock-management/vendor/laravel/framework/src/Illuminate/Pipeline/Pipeline.php(219): Illuminate/Foundation/Http/Middleware/TrimStrings->handle()
#47 C:/Users/MSI/Desktop/projet cote serveur/stock-management/vendor/laravel/framework/src/Illuminate/Http/Middleware/ValidatePostSize.php(27): Illuminate/Pipeline/Pipeline->Illuminate/Pipeline/{closure}()
#48 C:/Users/MSI/Desktop/projet cote serveur/stock-management/vendor/laravel/framework/src/Illuminate/Pipeline/Pipeline.php(219): Illuminate/Http/Middleware/ValidatePostSize->handle()
#49 C:/Users/MSI/Desktop/projet cote serveur/stock-management/vendor/laravel/framework/src/Illuminate/Foundation/Http/Middleware/PreventRequestsDuringMaintenance.php(109): Illuminate/Pipeline/Pipeline->Illuminate/Pipeline/{closure}()
#50 C:/Users/MSI/Desktop/projet cote serveur/stock-management/vendor/laravel/framework/src/Illuminate/Pipeline/Pipeline.php(219): Illuminate/Foundation/Http/Middleware/PreventRequestsDuringMaintenance->handle()
#51 C:/Users/MSI/Desktop/projet cote serveur/stock-management/vendor/laravel/framework/src/Illuminate/Http/Middleware/HandleCors.php(61): Illuminate/Pipeline/Pipeline->Illuminate/Pipeline/{closure}()
#52 C:/Users/MSI/Desktop/projet cote serveur/stock-management/vendor/laravel/framework/src/Illuminate/Pipeline/Pipeline.php(219): Illuminate/Http/Middleware/HandleCors->handle()
#53 C:/Users/MSI/Desktop/projet cote serveur/stock-management/vendor/laravel/framework/src/Illuminate/Http/Middleware/TrustProxies.php(58): Illuminate/Pipeline/Pipeline->Illuminate/Pipeline/{closure}()
#54 C:/Users/MSI/Desktop/projet cote serveur/stock-management/vendor/laravel/framework/src/Illuminate/Pipeline/Pipeline.php(219): Illuminate/Http/Middleware/TrustProxies->handle()
#55 C:/Users/MSI/Desktop/projet cote serveur/stock-management/vendor/laravel/framework/src/Illuminate/Foundation/Http/Middleware/InvokeDeferredCallbacks.php(22): Illuminate/Pipeline/Pipeline->Illuminate/Pipeline/{closure}()
#56 C:/Users/MSI/Desktop/projet cote serveur/stock-management/vendor/laravel/framework/src/Illuminate/Pipeline/Pipeline.php(219): Illuminate/Foundation/Http/Middleware/InvokeDeferredCallbacks->handle()
#57 C:/Users/MSI/Desktop/projet cote serveur/stock-management/vendor/laravel/framework/src/Illuminate/Http/Middleware/ValidatePathEncoding.php(26): Illuminate/Pipeline/Pipeline->Illuminate/Pipeline/{closure}()
#58 C:/Users/MSI/Desktop/projet cote serveur/stock-management/vendor/laravel/framework/src/Illuminate/Pipeline/Pipeline.php(219): Illuminate/Http/Middleware/ValidatePathEncoding->handle()
#59 C:/Users/MSI/Desktop/projet cote serveur/stock-management/vendor/laravel/framework/src/Illuminate/Pipeline/Pipeline.php(137): Illuminate/Pipeline/Pipeline->Illuminate/Pipeline/{closure}()
#60 C:/Users/MSI/Desktop/projet cote serveur/stock-management/vendor/laravel/framework/src/Illuminate/Foundation/Http/Kernel.php(175): Illuminate/Pipeline/Pipeline->then()
#61 C:/Users/MSI/Desktop/projet cote serveur/stock-management/vendor/laravel/framework/src/Illuminate/Foundation/Http/Kernel.php(144): Illuminate/Foundation/Http/Kernel->sendRequestThroughRouter()
#62 C:/Users/MSI/Desktop/projet cote serveur/stock-management/vendor/laravel/framework/src/Illuminate/Foundation/Application.php(1220): Illuminate/Foundation/Http/Kernel->handle()
#63 C:/Users/MSI/Desktop/projet cote serveur/stock-management/public/index.php(17): Illuminate/Foundation/Application->handleRequest()
#64 C:/Users/MSI/Desktop/projet cote serveur/stock-management/vendor/laravel/framework/src/Illuminate/Foundation/resources/server.php(23): require_once('...')
#65 {main}
"} 
[2026-04-28 11:03:28] local.ERROR: Unable to guess the MIME type as no guessers are available (have you enabled the php_fileinfo extension?). {"userId":1,"exception":"[object] (Symfony\\Component\\Mime\\Exception\\LogicException(code: 0): Unable to guess the MIME type as no guessers are available (have you enabled the php_fileinfo extension?). at C:/Users/MSI/Desktop/projet cote serveur/stock-management/vendor/symfony/mime/MimeTypes.php:129)
[stacktrace]
#0 C:/Users/MSI/Desktop/projet cote serveur/stock-management/vendor/symfony/http-foundation/File/File.php(77): Symfony/Component/Mime/MimeTypes->guessMimeType()
#1 C:/Users/MSI/Desktop/projet cote serveur/stock-management/vendor/symfony/http-foundation/File/File.php(59): Symfony/Component/HttpFoundation/File/File->getMimeType()
#2 C:/Users/MSI/Desktop/projet cote serveur/stock-management/vendor/laravel/framework/src/Illuminate/Validation/Concerns/ValidatesAttributes.php(1721): Symfony/Component/HttpFoundation/File/File->guessExtension()
#3 C:/Users/MSI/Desktop/projet cote serveur/stock-management/vendor/laravel/framework/src/Illuminate/Validation/Concerns/ValidatesAttributes.php(1498): Illuminate/Validation/Validator->validateMimes()
#4 C:/Users/MSI/Desktop/projet cote serveur/stock-management/vendor/laravel/framework/src/Illuminate/Validation/Validator.php(726): Illuminate/Validation/Validator->validateImage()
#5 C:/Users/MSI/Desktop/projet cote serveur/stock-management/vendor/laravel/framework/src/Illuminate/Validation/Validator.php(481): Illuminate/Validation/Validator->validateAttribute()
#6 C:/Users/MSI/Desktop/projet cote serveur/stock-management/vendor/laravel/framework/src/Illuminate/Validation/Validator.php(516): Illuminate/Validation/Validator->passes()
#7 C:/Users/MSI/Desktop/projet cote serveur/stock-management/vendor/laravel/framework/src/Illuminate/Validation/Validator.php(598): Illuminate/Validation/Validator->fails()
#8 C:/Users/MSI/Desktop/projet cote serveur/stock-management/vendor/laravel/framework/src/Illuminate/Foundation/Providers/FoundationServiceProvider.php(156): Illuminate/Validation/Validator->validate()
#9 C:/Users/MSI/Desktop/projet cote serveur/stock-management/vendor/laravel/framework/src/Illuminate/Macroable/Traits/Macroable.php(126): Illuminate/Http/Request->Illuminate/Foundation/Providers/{closure}()
#10 C:/Users/MSI/Desktop/projet cote serveur/stock-management/app/Http/Controllers/Admin/ProductController.php(146): Illuminate/Http/Request->__call()
#11 C:/Users/MSI/Desktop/projet cote serveur/stock-management/app/Http/Controllers/Admin/ProductController.php(68): App/Http/Controllers/Admin/ProductController->validateProduct()
#12 C:/Users/MSI/Desktop/projet cote serveur/stock-management/vendor/laravel/framework/src/Illuminate/Routing/ControllerDispatcher.php(46): App/Http/Controllers/Admin/ProductController->store()
#13 C:/Users/MSI/Desktop/projet cote serveur/stock-management/vendor/laravel/framework/src/Illuminate/Routing/Route.php(265): Illuminate/Routing/ControllerDispatcher->dispatch()
#14 C:/Users/MSI/Desktop/projet cote serveur/stock-management/vendor/laravel/framework/src/Illuminate/Routing/Route.php(211): Illuminate/Routing/Route->runController()
#15 C:/Users/MSI/Desktop/projet cote serveur/stock-management/vendor/laravel/framework/src/Illuminate/Routing/Router.php(822): Illuminate/Routing/Route->run()
#16 C:/Users/MSI/Desktop/projet cote serveur/stock-management/vendor/laravel/framework/src/Illuminate/Pipeline/Pipeline.php(180): Illuminate/Routing/Router->Illuminate/Routing/{closure}()
#17 C:/Users/MSI/Desktop/projet cote serveur/stock-management/app/Http/Middleware/RoleMiddleware.php(35): Illuminate/Pipeline/Pipeline->Illuminate/Pipeline/{closure}()
#18 C:/Users/MSI/Desktop/projet cote serveur/stock-management/vendor/laravel/framework/src/Illuminate/Pipeline/Pipeline.php(219): App/Http/Middleware/RoleMiddleware->handle()
#19 C:/Users/MSI/Desktop/projet cote serveur/stock-management/vendor/laravel/framework/src/Illuminate/Routing/Middleware/SubstituteBindings.php(50): Illuminate/Pipeline/Pipeline->Illuminate/Pipeline/{closure}()
#20 C:/Users/MSI/Desktop/projet cote serveur/stock-management/vendor/laravel/framework/src/Illuminate/Pipeline/Pipeline.php(219): Illuminate/Routing/Middleware/SubstituteBindings->handle()
#21 C:/Users/MSI/Desktop/projet cote serveur/stock-management/vendor/laravel/framework/src/Illuminate/Auth/Middleware/Authenticate.php(63): Illuminate/Pipeline/Pipeline->Illuminate/Pipeline/{closure}()
#22 C:/Users/MSI/Desktop/projet cote serveur/stock-management/vendor/laravel/framework/src/Illuminate/Pipeline/Pipeline.php(219): Illuminate/Auth/Middleware/Authenticate->handle()
#23 C:/Users/MSI/Desktop/projet cote serveur/stock-management/vendor/laravel/framework/src/Illuminate/Foundation/Http/Middleware/VerifyCsrfToken.php(87): Illuminate/Pipeline/Pipeline->Illuminate/Pipeline/{closure}()
#24 C:/Users/MSI/Desktop/projet cote serveur/stock-management/vendor/laravel/framework/src/Illuminate/Pipeline/Pipeline.php(219): Illuminate/Foundation/Http/Middleware/VerifyCsrfToken->handle()
#25 C:/Users/MSI/Desktop/projet cote serveur/stock-management/vendor/laravel/framework/src/Illuminate/View/Middleware/ShareErrorsFromSession.php(48): Illuminate/Pipeline/Pipeline->Illuminate/Pipeline/{closure}()
#26 C:/Users/MSI/Desktop/projet cote serveur/stock-management/vendor/laravel/framework/src/Illuminate/Pipeline/Pipeline.php(219): Illuminate/View/Middleware/ShareErrorsFromSession->handle()
#27 C:/Users/MSI/Desktop/projet cote serveur/stock-management/vendor/laravel/framework/src/Illuminate/Session/Middleware/StartSession.php(120): Illuminate/Pipeline/Pipeline->Illuminate/Pipeline/{closure}()
#28 C:/Users/MSI/Desktop/projet cote serveur/stock-management/vendor/laravel/framework/src/Illuminate/Session/Middleware/StartSession.php(63): Illuminate/Session/Middleware/StartSession->handleStatefulRequest()
#29 C:/Users/MSI/Desktop/projet cote serveur/stock-management/vendor/laravel/framework/src/Illuminate/Pipeline/Pipeline.php(219): Illuminate/Session/Middleware/StartSession->handle()
#30 C:/Users/MSI/Desktop/projet cote serveur/stock-management/vendor/laravel/framework/src/Illuminate/Cookie/Middleware/AddQueuedCookiesToResponse.php(36): Illuminate/Pipeline/Pipeline->Illuminate/Pipeline/{closure}()
#31 C:/Users/MSI/Desktop/projet cote serveur/stock-management/vendor/laravel/framework/src/Illuminate/Pipeline/Pipeline.php(219): Illuminate/Cookie/Middleware/AddQueuedCookiesToResponse->handle()
#32 C:/Users/MSI/Desktop/projet cote serveur/stock-management/vendor/laravel/framework/src/Illuminate/Cookie/Middleware/EncryptCookies.php(74): Illuminate/Pipeline/Pipeline->Illuminate/Pipeline/{closure}()
#33 C:/Users/MSI/Desktop/projet cote serveur/stock-management/vendor/laravel/framework/src/Illuminate/Pipeline/Pipeline.php(219): Illuminate/Cookie/Middleware/EncryptCookies->handle()
#34 C:/Users/MSI/Desktop/projet cote serveur/stock-management/vendor/laravel/framework/src/Illuminate/Pipeline/Pipeline.php(137): Illuminate/Pipeline/Pipeline->Illuminate/Pipeline/{closure}()
#35 C:/Users/MSI/Desktop/projet cote serveur/stock-management/vendor/laravel/framework/src/Illuminate/Routing/Router.php(821): Illuminate/Pipeline/Pipeline->then()
#36 C:/Users/MSI/Desktop/projet cote serveur/stock-management/vendor/laravel/framework/src/Illuminate/Routing/Router.php(800): Illuminate/Routing/Router->runRouteWithinStack()
#37 C:/Users/MSI/Desktop/projet cote serveur/stock-management/vendor/laravel/framework/src/Illuminate/Routing/Router.php(764): Illuminate/Routing/Router->runRoute()
#38 C:/Users/MSI/Desktop/projet cote serveur/stock-management/vendor/laravel/framework/src/Illuminate/Routing/Router.php(753): Illuminate/Routing/Router->dispatchToRoute()
#39 C:/Users/MSI/Desktop/projet cote serveur/stock-management/vendor/laravel/framework/src/Illuminate/Foundation/Http/Kernel.php(200): Illuminate/Routing/Router->dispatch()
#40 C:/Users/MSI/Desktop/projet cote serveur/stock-management/vendor/laravel/framework/src/Illuminate/Pipeline/Pipeline.php(180): Illuminate/Foundation/Http/Kernel->Illuminate/Foundation/Http/{closure}()
#41 C:/Users/MSI/Desktop/projet cote serveur/stock-management/vendor/laravel/framework/src/Illuminate/Foundation/Http/Middleware/TransformsRequest.php(21): Illuminate/Pipeline/Pipeline->Illuminate/Pipeline/{closure}()
#42 C:/Users/MSI/Desktop/projet cote serveur/stock-management/vendor/laravel/framework/src/Illuminate/Foundation/Http/Middleware/ConvertEmptyStringsToNull.php(31): Illuminate/Foundation/Http/Middleware/TransformsRequest->handle()
#43 C:/Users/MSI/Desktop/projet cote serveur/stock-management/vendor/laravel/framework/src/Illuminate/Pipeline/Pipeline.php(219): Illuminate/Foundation/Http/Middleware/ConvertEmptyStringsToNull->handle()
#44 C:/Users/MSI/Desktop/projet cote serveur/stock-management/vendor/laravel/framework/src/Illuminate/Foundation/Http/Middleware/TransformsRequest.php(21): Illuminate/Pipeline/Pipeline->Illuminate/Pipeline/{closure}()
#45 C:/Users/MSI/Desktop/projet cote serveur/stock-management/vendor/laravel/framework/src/Illuminate/Foundation/Http/Middleware/TrimStrings.php(51): Illuminate/Foundation/Http/Middleware/TransformsRequest->handle()
#46 C:/Users/MSI/Desktop/projet cote serveur/stock-management/vendor/laravel/framework/src/Illuminate/Pipeline/Pipeline.php(219): Illuminate/Foundation/Http/Middleware/TrimStrings->handle()
#47 C:/Users/MSI/Desktop/projet cote serveur/stock-management/vendor/laravel/framework/src/Illuminate/Http/Middleware/ValidatePostSize.php(27): Illuminate/Pipeline/Pipeline->Illuminate/Pipeline/{closure}()
#48 C:/Users/MSI/Desktop/projet cote serveur/stock-management/vendor/laravel/framework/src/Illuminate/Pipeline/Pipeline.php(219): Illuminate/Http/Middleware/ValidatePostSize->handle()
#49 C:/Users/MSI/Desktop/projet cote serveur/stock-management/vendor/laravel/framework/src/Illuminate/Foundation/Http/Middleware/PreventRequestsDuringMaintenance.php(109): Illuminate/Pipeline/Pipeline->Illuminate/Pipeline/{closure}()
#50 C:/Users/MSI/Desktop/projet cote serveur/stock-management/vendor/laravel/framework/src/Illuminate/Pipeline/Pipeline.php(219): Illuminate/Foundation/Http/Middleware/PreventRequestsDuringMaintenance->handle()
#51 C:/Users/MSI/Desktop/projet cote serveur/stock-management/vendor/laravel/framework/src/Illuminate/Http/Middleware/HandleCors.php(61): Illuminate/Pipeline/Pipeline->Illuminate/Pipeline/{closure}()
#52 C:/Users/MSI/Desktop/projet cote serveur/stock-management/vendor/laravel/framework/src/Illuminate/Pipeline/Pipeline.php(219): Illuminate/Http/Middleware/HandleCors->handle()
#53 C:/Users/MSI/Desktop/projet cote serveur/stock-management/vendor/laravel/framework/src/Illuminate/Http/Middleware/TrustProxies.php(58): Illuminate/Pipeline/Pipeline->Illuminate/Pipeline/{closure}()
#54 C:/Users/MSI/Desktop/projet cote serveur/stock-management/vendor/laravel/framework/src/Illuminate/Pipeline/Pipeline.php(219): Illuminate/Http/Middleware/TrustProxies->handle()
#55 C:/Users/MSI/Desktop/projet cote serveur/stock-management/vendor/laravel/framework/src/Illuminate/Foundation/Http/Middleware/InvokeDeferredCallbacks.php(22): Illuminate/Pipeline/Pipeline->Illuminate/Pipeline/{closure}()
#56 C:/Users/MSI/Desktop/projet cote serveur/stock-management/vendor/laravel/framework/src/Illuminate/Pipeline/Pipeline.php(219): Illuminate/Foundation/Http/Middleware/InvokeDeferredCallbacks->handle()
#57 C:/Users/MSI/Desktop/projet cote serveur/stock-management/vendor/laravel/framework/src/Illuminate/Http/Middleware/ValidatePathEncoding.php(26): Illuminate/Pipeline/Pipeline->Illuminate/Pipeline/{closure}()
#58 C:/Users/MSI/Desktop/projet cote serveur/stock-management/vendor/laravel/framework/src/Illuminate/Pipeline/Pipeline.php(219): Illuminate/Http/Middleware/ValidatePathEncoding->handle()
#59 C:/Users/MSI/Desktop/projet cote serveur/stock-management/vendor/laravel/framework/src/Illuminate/Pipeline/Pipeline.php(137): Illuminate/Pipeline/Pipeline->Illuminate/Pipeline/{closure}()
#60 C:/Users/MSI/Desktop/projet cote serveur/stock-management/vendor/laravel/framework/src/Illuminate/Foundation/Http/Kernel.php(175): Illuminate/Pipeline/Pipeline->then()
#61 C:/Users/MSI/Desktop/projet cote serveur/stock-management/vendor/laravel/framework/src/Illuminate/Foundation/Http/Kernel.php(144): Illuminate/Foundation/Http/Kernel->sendRequestThroughRouter()
#62 C:/Users/MSI/Desktop/projet cote serveur/stock-management/vendor/laravel/framework/src/Illuminate/Foundation/Application.php(1220): Illuminate/Foundation/Http/Kernel->handle()
#63 C:/Users/MSI/Desktop/projet cote serveur/stock-management/public/index.php(17): Illuminate/Foundation/Application->handleRequest()
#64 C:/Users/MSI/Desktop/projet cote serveur/stock-management/vendor/laravel/framework/src/Illuminate/Foundation/resources/server.php(23): require_once('...')
#65 {main}
"} 
[2026-04-28 11:18:45] local.DEBUG: From: Gestion de Stock <noreply@stock-management.local>
To: yassineghorbel62@gmail.com
Subject: Reset Password Notification
MIME-Version: 1.0
Date: Tue, 28 Apr 2026 11:18:45 +0100
Message-ID: <67e3895ac14348c8e17ae1e407606e9f@stock-management.local>
Content-Type: multipart/alternative; boundary=z14HV201

--z14HV201
Content-Type: text/plain; charset=utf-8
Content-Transfer-Encoding: quoted-printable

Gestion de Stock: http://localhost:8000

# Hello!

You are receiving this email because we received a password reset request for your account.

Reset Password: http://127.0.0.1:8000/reset-password/108bfe502f2859ecb0b5e219729577c642d695162cb073b000ef8328d886f5fc?email=yassineghorbel62%40gmail.com

This password reset link will expire in 60 minutes.

If you did not request a password reset, no further action is required.

Regards,
Gestion de Stock

If you're having trouble clicking the "Reset Password" button, copy and paste the URL below
into your web browser: [http://127.0.0.1:8000/reset-password/108bfe502f2859ecb0b5e219729577c642d695162cb073b000ef8328d886f5fc?email=yassineghorbel62%40gmail.com](http://127.0.0.1:8000/reset-password/108bfe502f2859ecb0b5e219729577c642d695162cb073b000ef8328d886f5fc?email=yassineghorbel62%40gmail.com)

© 2026 Gestion de Stock. All rights reserved.

--z14HV201
Content-Type: text/html; charset=utf-8
Content-Transfer-Encoding: quoted-printable

<!DOCTYPE html PUBLIC "-//W3C//DTD XHTML 1.0 Transitional//EN" "http://www.w3.org/TR/xhtml1/DTD/xhtml1-transitional.dtd">
<html xmlns="http://www.w3.org/1999/xhtml" lang="fr">
<head>
<title>Gestion de Stock</title>
<meta name="viewport" content="width=device-width, initial-scale=1.0">
<meta http-equiv="Content-Type" content="text/html; charset=UTF-8">
<meta name="color-scheme" content="light">
<meta name="supported-color-schemes" content="light">
<style>
@media only screen and (max-width: 600px) {
.inner-body {
width: 100% !important;
}

.footer {
width: 100% !important;
}
}

@media only screen and (max-width: 500px) {
.button {
width: 100% !important;
}
}
</style>

</head>
<body style="box-sizing: border-box; font-family: -apple-system, BlinkMacSystemFont, 'Segoe UI', Roboto, Helvetica, Arial, sans-serif, 'Apple Color Emoji', 'Segoe UI Emoji', 'Segoe UI Symbol'; position: relative; -webkit-text-size-adjust: none; background-color: #ffffff; color: #52525b; height: 100%; line-height: 1.4; margin: 0; padding: 0; width: 100% !important;">

<table class="wrapper" width="100%" cellpadding="0" cellspacing="0" role="presentation" style="box-sizing: border-box; font-family: -apple-system, BlinkMacSystemFont, 'Segoe UI', Roboto, Helvetica, Arial, sans-serif, 'Apple Color Emoji', 'Segoe UI Emoji', 'Segoe UI Symbol'; position: relative; -premailer-cellpadding: 0; -premailer-cellspacing: 0; -premailer-width: 100%; background-color: #fafafa; margin: 0; padding: 0; width: 100%;">
<tr>
<td align="center" style="box-sizing: border-box; font-family: -apple-system, BlinkMacSystemFont, 'Segoe UI', Roboto, Helvetica, Arial, sans-serif, 'Apple Color Emoji', 'Segoe UI Emoji', 'Segoe UI Symbol'; position: relative;">
<table class="content" width="100%" cellpadding="0" cellspacing="0" role="presentation" style="box-sizing: border-box; font-family: -apple-system, BlinkMacSystemFont, 'Segoe UI', Roboto, Helvetica, Arial, sans-serif, 'Apple Color Emoji', 'Segoe UI Emoji', 'Segoe UI Symbol'; position: relative; -premailer-cellpadding: 0; -premailer-cellspacing: 0; -premailer-width: 100%; margin: 0; padding: 0; width: 100%;">
<tr>
<td class="header" style="box-sizing: border-box; font-family: -apple-system, BlinkMacSystemFont, 'Segoe UI', Roboto, Helvetica, Arial, sans-serif, 'Apple Color Emoji', 'Segoe UI Emoji', 'Segoe UI Symbol'; position: relative; padding: 25px 0; text-align: center;">
<a href="http://localhost:8000" style="box-sizing: border-box; font-family: -apple-system, BlinkMacSystemFont, 'Segoe UI', Roboto, Helvetica, Arial, sans-serif, 'Apple Color Emoji', 'Segoe UI Emoji', 'Segoe UI Symbol'; position: relative; color: #18181b; font-size: 19px; font-weight: bold; text-decoration: none; display: inline-block;">
Gestion de Stock
</a>
</td>
</tr>

<!-- Email Body -->
<tr>
<td class="body" width="100%" cellpadding="0" cellspacing="0" style="box-sizing: border-box; font-family: -apple-system, BlinkMacSystemFont, 'Segoe UI', Roboto, Helvetica, Arial, sans-serif, 'Apple Color Emoji', 'Segoe UI Emoji', 'Segoe UI Symbol'; position: relative; -premailer-cellpadding: 0; -premailer-cellspacing: 0; -premailer-width: 100%; background-color: #fafafa; border-bottom: 1px solid #fafafa; border-top: 1px solid #fafafa; margin: 0; padding: 0; width: 100%; border: hidden !important;">
<table class="inner-body" align="center" width="570" cellpadding="0" cellspacing="0" role="presentation" style="box-sizing: border-box; font-family: -apple-system, BlinkMacSystemFont, 'Segoe UI', Roboto, Helvetica, Arial, sans-serif, 'Apple Color Emoji', 'Segoe UI Emoji', 'Segoe UI Symbol'; position: relative; -premailer-cellpadding: 0; -premailer-cellspacing: 0; -premailer-width: 570px; background-color: #ffffff; border-color: #e4e4e7; border-radius: 4px; border-width: 1px; box-shadow: 0 1px 3px 0 rgba(0, 0, 0, 0.1), 0 1px 2px -1px rgba(0, 0, 0, 0.1); margin: 0 auto; padding: 0; width: 570px;">
<!-- Body content -->
<tr>
<td class="content-cell" style="box-sizing: border-box; font-family: -apple-system, BlinkMacSystemFont, 'Segoe UI', Roboto, Helvetica, Arial, sans-serif, 'Apple Color Emoji', 'Segoe UI Emoji', 'Segoe UI Symbol'; position: relative; max-width: 100vw; padding: 32px;">
<h1 style="box-sizing: border-box; font-family: -apple-system, BlinkMacSystemFont, 'Segoe UI', Roboto, Helvetica, Arial, sans-serif, 'Apple Color Emoji', 'Segoe UI Emoji', 'Segoe UI Symbol'; position: relative; color: #18181b; font-size: 18px; font-weight: bold; margin-top: 0; text-align: start;">Hello!</h1>
<p style="box-sizing: border-box; font-family: -apple-system, BlinkMacSystemFont, 'Segoe UI', Roboto, Helvetica, Arial, sans-serif, 'Apple Color Emoji', 'Segoe UI Emoji', 'Segoe UI Symbol'; position: relative; font-size: 16px; line-height: 1.5em; margin-top: 0; text-align: left;">You are receiving this email because we received a password reset request for your account.</p>
<table class="action" align="center" width="100%" cellpadding="0" cellspacing="0" role="presentation" style="box-sizing: border-box; font-family: -apple-system, BlinkMacSystemFont, 'Segoe UI', Roboto, Helvetica, Arial, sans-serif, 'Apple Color Emoji', 'Segoe UI Emoji', 'Segoe UI Symbol'; position: relative; -premailer-cellpadding: 0; -premailer-cellspacing: 0; -premailer-width: 100%; margin: 30px auto; padding: 0; text-align: center; width: 100%; float: unset;">
<tr>
<td align="center" style="box-sizing: border-box; font-family: -apple-system, BlinkMacSystemFont, 'Segoe UI', Roboto, Helvetica, Arial, sans-serif, 'Apple Color Emoji', 'Segoe UI Emoji', 'Segoe UI Symbol'; position: relative;">
<table width="100%" border="0" cellpadding="0" cellspacing="0" role="presentation" style="box-sizing: border-box; font-family: -apple-system, BlinkMacSystemFont, 'Segoe UI', Roboto, Helvetica, Arial, sans-serif, 'Apple Color Emoji', 'Segoe UI Emoji', 'Segoe UI Symbol'; position: relative;">
<tr>
<td align="center" style="box-sizing: border-box; font-family: -apple-system, BlinkMacSystemFont, 'Segoe UI', Roboto, Helvetica, Arial, sans-serif, 'Apple Color Emoji', 'Segoe UI Emoji', 'Segoe UI Symbol'; position: relative;">
<table border="0" cellpadding="0" cellspacing="0" role="presentation" style="box-sizing: border-box; font-family: -apple-system, BlinkMacSystemFont, 'Segoe UI', Roboto, Helvetica, Arial, sans-serif, 'Apple Color Emoji', 'Segoe UI Emoji', 'Segoe UI Symbol'; position: relative;">
<tr>
<td style="box-sizing: border-box; font-family: -apple-system, BlinkMacSystemFont, 'Segoe UI', Roboto, Helvetica, Arial, sans-serif, 'Apple Color Emoji', 'Segoe UI Emoji', 'Segoe UI Symbol'; position: relative;">
<a href="http://127.0.0.1:8000/reset-password/108bfe502f2859ecb0b5e219729577c642d695162cb073b000ef8328d886f5fc?email=yassineghorbel62%40gmail.com" class="button button-primary" target="_blank" rel="noopener" style="box-sizing: border-box; font-family: -apple-system, BlinkMacSystemFont, 'Segoe UI', Roboto, Helvetica, Arial, sans-serif, 'Apple Color Emoji', 'Segoe UI Emoji', 'Segoe UI Symbol'; position: relative; -webkit-text-size-adjust: none; border-radius: 4px; color: #fff; display: inline-block; overflow: hidden; text-decoration: none; background-color: #18181b; border-bottom: 8px solid #18181b; border-left: 18px solid #18181b; border-right: 18px solid #18181b; border-top: 8px solid #18181b; word-break: break-all;">Reset Password</a>
</td>
</tr>
</table>
</td>
</tr>
</table>
</td>
</tr>
</table>
<p style="box-sizing: border-box; font-family: -apple-system, BlinkMacSystemFont, 'Segoe UI', Roboto, Helvetica, Arial, sans-serif, 'Apple Color Emoji', 'Segoe UI Emoji', 'Segoe UI Symbol'; position: relative; font-size: 16px; line-height: 1.5em; margin-top: 0; text-align: left;">This password reset link will expire in 60 minutes.</p>
<p style="box-sizing: border-box; font-family: -apple-system, BlinkMacSystemFont, 'Segoe UI', Roboto, Helvetica, Arial, sans-serif, 'Apple Color Emoji', 'Segoe UI Emoji', 'Segoe UI Symbol'; position: relative; font-size: 16px; line-height: 1.5em; margin-top: 0; text-align: left;">If you did not request a password reset, no further action is required.</p>
<p style="box-sizing: border-box; font-family: -apple-system, BlinkMacSystemFont, 'Segoe UI', Roboto, Helvetica, Arial, sans-serif, 'Apple Color Emoji', 'Segoe UI Emoji', 'Segoe UI Symbol'; position: relative; font-size: 16px; line-height: 1.5em; margin-top: 0; text-align: left;">Regards,<br>
Gestion de Stock</p>


<table class="subcopy" width="100%" cellpadding="0" cellspacing="0" role="presentation" style="box-sizing: border-box; font-family: -apple-system, BlinkMacSystemFont, 'Segoe UI', Roboto, Helvetica, Arial, sans-serif, 'Apple Color Emoji', 'Segoe UI Emoji', 'Segoe UI Symbol'; position: relative; border-top: 1px solid #e4e4e7; margin-top: 25px; padding-top: 25px;">
<tr>
<td style="box-sizing: border-box; font-family: -apple-system, BlinkMacSystemFont, 'Segoe UI', Roboto, Helvetica, Arial, sans-serif, 'Apple Color Emoji', 'Segoe UI Emoji', 'Segoe UI Symbol'; position: relative;">
<p style="box-sizing: border-box; font-family: -apple-system, BlinkMacSystemFont, 'Segoe UI', Roboto, Helvetica, Arial, sans-serif, 'Apple Color Emoji', 'Segoe UI Emoji', 'Segoe UI Symbol'; position: relative; line-height: 1.5em; margin-top: 0; text-align: left; font-size: 14px;">If you're having trouble clicking the "Reset Password" button, copy and paste the URL below
into your web browser: <span class="break-all" style="box-sizing: border-box; font-family: -apple-system, BlinkMacSystemFont, 'Segoe UI', Roboto, Helvetica, Arial, sans-serif, 'Apple Color Emoji', 'Segoe UI Emoji', 'Segoe UI Symbol'; position: relative; word-break: break-all;"><a href="http://127.0.0.1:8000/reset-password/108bfe502f2859ecb0b5e219729577c642d695162cb073b000ef8328d886f5fc?email=yassineghorbel62%40gmail.com" style="box-sizing: border-box; font-family: -apple-system, BlinkMacSystemFont, 'Segoe UI', Roboto, Helvetica, Arial, sans-serif, 'Apple Color Emoji', 'Segoe UI Emoji', 'Segoe UI Symbol'; position: relative; color: #18181b; word-break: break-all;">http://127.0.0.1:8000/reset-password/108bfe502f2859ecb0b5e219729577c642d695162cb073b000ef8328d886f5fc?email=yassineghorbel62%40gmail.com</a></span></p>

</td>
</tr>
</table>
</td>
</tr>
</table>
</td>
</tr>

<tr>
<td style="box-sizing: border-box; font-family: -apple-system, BlinkMacSystemFont, 'Segoe UI', Roboto, Helvetica, Arial, sans-serif, 'Apple Color Emoji', 'Segoe UI Emoji', 'Segoe UI Symbol'; position: relative;">
<table class="footer" align="center" width="570" cellpadding="0" cellspacing="0" role="presentation" style="box-sizing: border-box; font-family: -apple-system, BlinkMacSystemFont, 'Segoe UI', Roboto, Helvetica, Arial, sans-serif, 'Apple Color Emoji', 'Segoe UI Emoji', 'Segoe UI Symbol'; position: relative; -premailer-cellpadding: 0; -premailer-cellspacing: 0; -premailer-width: 570px; margin: 0 auto; padding: 0; text-align: center; width: 570px;">
<tr>
<td class="content-cell" align="center" style="box-sizing: border-box; font-family: -apple-system, BlinkMacSystemFont, 'Segoe UI', Roboto, Helvetica, Arial, sans-serif, 'Apple Color Emoji', 'Segoe UI Emoji', 'Segoe UI Symbol'; position: relative; max-width: 100vw; padding: 32px;">
<p style="box-sizing: border-box; font-family: -apple-system, BlinkMacSystemFont, 'Segoe UI', Roboto, Helvetica, Arial, sans-serif, 'Apple Color Emoji', 'Segoe UI Emoji', 'Segoe UI Symbol'; position: relative; line-height: 1.5em; margin-top: 0; color: #a1a1aa; font-size: 12px; text-align: center;">© 2026 Gestion de Stock. All rights reserved.</p>

</td>
</tr>
</table>
</td>
</tr>
</table>
</td>
</tr>
</table>
</body>
</html>
--z14HV201--
  
[2026-04-29 20:12:33] local.ERROR: could not find driver {"exception":"[object] (PDOException(code: 0): could not find driver at C:/Users/MSI/Desktop/projet cote serveur/stock-management/vendor/laravel/framework/src/Illuminate/Database/Connectors/Connector.php:66)
[stacktrace]
#0 C:/Users/MSI/Desktop/projet cote serveur/stock-management/vendor/laravel/framework/src/Illuminate/Database/Connectors/Connector.php(66): PDO->__construct()
#1 C:/Users/MSI/Desktop/projet cote serveur/stock-management/vendor/laravel/framework/src/Illuminate/Database/Connectors/Connector.php(44): Illuminate/Database/Connectors/Connector->createPdoConnection()
#2 C:/Users/MSI/Desktop/projet cote serveur/stock-management/vendor/laravel/framework/src/Illuminate/Database/Connectors/PostgresConnector.php(35): Illuminate/Database/Connectors/Connector->createConnection()
#3 C:/Users/MSI/Desktop/projet cote serveur/stock-management/vendor/laravel/framework/src/Illuminate/Database/Connectors/ConnectionFactory.php(186): Illuminate/Database/Connectors/PostgresConnector->connect()
#4 [internal function]: Illuminate/Database/Connectors/ConnectionFactory->Illuminate/Database/Connectors/{closure}()
#5 C:/Users/MSI/Desktop/projet cote serveur/stock-management/vendor/laravel/framework/src/Illuminate/Database/Connection.php(1257): call_user_func()
#6 C:/Users/MSI/Desktop/projet cote serveur/stock-management/vendor/laravel/framework/src/Illuminate/Database/Connection.php(1742): Illuminate/Database/Connection->getPdo()
#7 C:/Users/MSI/Desktop/projet cote serveur/stock-management/vendor/laravel/framework/src/Illuminate/Database/Console/ShowCommand.php(51): Illuminate/Database/Connection->getServerVersion()
#8 C:/Users/MSI/Desktop/projet cote serveur/stock-management/vendor/laravel/framework/src/Illuminate/Container/BoundMethod.php(36): Illuminate/Database/Console/ShowCommand->handle()
#9 C:/Users/MSI/Desktop/projet cote serveur/stock-management/vendor/laravel/framework/src/Illuminate/Container/Util.php(43): Illuminate/Container/BoundMethod::Illuminate/Container/{closure}()
#10 C:/Users/MSI/Desktop/projet cote serveur/stock-management/vendor/laravel/framework/src/Illuminate/Container/BoundMethod.php(96): Illuminate/Container/Util::unwrapIfClosure()
#11 C:/Users/MSI/Desktop/projet cote serveur/stock-management/vendor/laravel/framework/src/Illuminate/Container/BoundMethod.php(35): Illuminate/Container/BoundMethod::callBoundMethod()
#12 C:/Users/MSI/Desktop/projet cote serveur/stock-management/vendor/laravel/framework/src/Illuminate/Container/Container.php(799): Illuminate/Container/BoundMethod::call()
#13 C:/Users/MSI/Desktop/projet cote serveur/stock-management/vendor/laravel/framework/src/Illuminate/Console/Command.php(211): Illuminate/Container/Container->call()
#14 C:/Users/MSI/Desktop/projet cote serveur/stock-management/vendor/symfony/console/Command/Command.php(341): Illuminate/Console/Command->execute()
#15 C:/Users/MSI/Desktop/projet cote serveur/stock-management/vendor/laravel/framework/src/Illuminate/Console/Command.php(180): Symfony/Component/Console/Command/Command->run()
#16 C:/Users/MSI/Desktop/projet cote serveur/stock-management/vendor/symfony/console/Application.php(1117): Illuminate/Console/Command->run()
#17 C:/Users/MSI/Desktop/projet cote serveur/stock-management/vendor/symfony/console/Application.php(356): Symfony/Component/Console/Application->doRunCommand()
#18 C:/Users/MSI/Desktop/projet cote serveur/stock-management/vendor/symfony/console/Application.php(195): Symfony/Component/Console/Application->doRun()
#19 C:/Users/MSI/Desktop/projet cote serveur/stock-management/vendor/laravel/framework/src/Illuminate/Foundation/Console/Kernel.php(198): Symfony/Component/Console/Application->run()
#20 C:/Users/MSI/Desktop/projet cote serveur/stock-management/vendor/laravel/framework/src/Illuminate/Foundation/Application.php(1235): Illuminate/Foundation/Console/Kernel->handle()
#21 C:/Users/MSI/Desktop/projet cote serveur/stock-management/artisan(13): Illuminate/Foundation/Application->handleCommand()
#22 {main}
"} 
[2026-04-29 20:16:09] local.ERROR: could not find driver (Connection: pgsql, Host: 127.0.0.1, Port: 5432, Database: stock_management, SQL: select * from "sessions" where "id" = v0Y3d7TjrAzfMAJvoTe9PkrE7inZ9BOfxgD8rsnV limit 1) {"exception":"[object] (Illuminate\\Database\\QueryException(code: 0): could not find driver (Connection: pgsql, Host: 127.0.0.1, Port: 5432, Database: stock_management, SQL: select * from \"sessions\" where \"id\" = v0Y3d7TjrAzfMAJvoTe9PkrE7inZ9BOfxgD8rsnV limit 1) at C:/Users/MSI/Desktop/projet cote serveur/stock-management/vendor/laravel/framework/src/Illuminate/Database/Connection.php:838)
[stacktrace]
#0 C:/Users/MSI/Desktop/projet cote serveur/stock-management/vendor/laravel/framework/src/Illuminate/Database/Connection.php(794): Illuminate/Database/Connection->runQueryCallback()
#1 C:/Users/MSI/Desktop/projet cote serveur/stock-management/vendor/laravel/framework/src/Illuminate/Database/Connection.php(411): Illuminate/Database/Connection->run()
#2 C:/Users/MSI/Desktop/projet cote serveur/stock-management/vendor/laravel/framework/src/Illuminate/Database/Query/Builder.php(3505): Illuminate/Database/Connection->select()
#3 C:/Users/MSI/Desktop/projet cote serveur/stock-management/vendor/laravel/framework/src/Illuminate/Database/Query/Builder.php(3490): Illuminate/Database/Query/Builder->runSelect()
#4 C:/Users/MSI/Desktop/projet cote serveur/stock-management/vendor/laravel/framework/src/Illuminate/Database/Query/Builder.php(4080): Illuminate/Database/Query/Builder->Illuminate/Database/Query/{closure}()
#5 C:/Users/MSI/Desktop/projet cote serveur/stock-management/vendor/laravel/framework/src/Illuminate/Database/Query/Builder.php(3489): Illuminate/Database/Query/Builder->onceWithColumns()
#6 C:/Users/MSI/Desktop/projet cote serveur/stock-management/vendor/laravel/framework/src/Illuminate/Database/Concerns/BuildsQueries.php(366): Illuminate/Database/Query/Builder->get()
#7 C:/Users/MSI/Desktop/projet cote serveur/stock-management/vendor/laravel/framework/src/Illuminate/Database/Query/Builder.php(3412): Illuminate/Database/Query/Builder->first()
#8 C:/Users/MSI/Desktop/projet cote serveur/stock-management/vendor/laravel/framework/src/Illuminate/Session/DatabaseSessionHandler.php(96): Illuminate/Database/Query/Builder->find()
#9 C:/Users/MSI/Desktop/projet cote serveur/stock-management/vendor/laravel/framework/src/Illuminate/Session/Store.php(128): Illuminate/Session/DatabaseSessionHandler->read()
#10 C:/Users/MSI/Desktop/projet cote serveur/stock-management/vendor/laravel/framework/src/Illuminate/Session/Store.php(116): Illuminate/Session/Store->readFromHandler()
#11 C:/Users/MSI/Desktop/projet cote serveur/stock-management/vendor/laravel/framework/src/Illuminate/Session/Store.php(100): Illuminate/Session/Store->loadSession()
#12 C:/Users/MSI/Desktop/projet cote serveur/stock-management/vendor/laravel/framework/src/Illuminate/Session/Middleware/StartSession.php(146): Illuminate/Session/Store->start()
#13 C:/Users/MSI/Desktop/projet cote serveur/stock-management/vendor/laravel/framework/src/Illuminate/Support/helpers.php(393): Illuminate/Session/Middleware/StartSession->Illuminate/Session/Middleware/{closure}()
#14 C:/Users/MSI/Desktop/projet cote serveur/stock-management/vendor/laravel/framework/src/Illuminate/Session/Middleware/StartSession.php(143): tap()
#15 C:/Users/MSI/Desktop/projet cote serveur/stock-management/vendor/laravel/framework/src/Illuminate/Session/Middleware/StartSession.php(115): Illuminate/Session/Middleware/StartSession->startSession()
#16 C:/Users/MSI/Desktop/projet cote serveur/stock-management/vendor/laravel/framework/src/Illuminate/Session/Middleware/StartSession.php(63): Illuminate/Session/Middleware/StartSession->handleStatefulRequest()
#17 C:/Users/MSI/Desktop/projet cote serveur/stock-management/vendor/laravel/framework/src/Illuminate/Pipeline/Pipeline.php(219): Illuminate/Session/Middleware/StartSession->handle()
#18 C:/Users/MSI/Desktop/projet cote serveur/stock-management/vendor/laravel/framework/src/Illuminate/Cookie/Middleware/AddQueuedCookiesToResponse.php(36): Illuminate/Pipeline/Pipeline->Illuminate/Pipeline/{closure}()
#19 C:/Users/MSI/Desktop/projet cote serveur/stock-management/vendor/laravel/framework/src/Illuminate/Pipeline/Pipeline.php(219): Illuminate/Cookie/Middleware/AddQueuedCookiesToResponse->handle()
#20 C:/Users/MSI/Desktop/projet cote serveur/stock-management/vendor/laravel/framework/src/Illuminate/Cookie/Middleware/EncryptCookies.php(74): Illuminate/Pipeline/Pipeline->Illuminate/Pipeline/{closure}()
#21 C:/Users/MSI/Desktop/projet cote serveur/stock-management/vendor/laravel/framework/src/Illuminate/Pipeline/Pipeline.php(219): Illuminate/Cookie/Middleware/EncryptCookies->handle()
#22 C:/Users/MSI/Desktop/projet cote serveur/stock-management/vendor/laravel/framework/src/Illuminate/Pipeline/Pipeline.php(137): Illuminate/Pipeline/Pipeline->Illuminate/Pipeline/{closure}()
#23 C:/Users/MSI/Desktop/projet cote serveur/stock-management/vendor/laravel/framework/src/Illuminate/Routing/Router.php(821): Illuminate/Pipeline/Pipeline->then()
#24 C:/Users/MSI/Desktop/projet cote serveur/stock-management/vendor/laravel/framework/src/Illuminate/Routing/Router.php(800): Illuminate/Routing/Router->runRouteWithinStack()
#25 C:/Users/MSI/Desktop/projet cote serveur/stock-management/vendor/laravel/framework/src/Illuminate/Routing/Router.php(764): Illuminate/Routing/Router->runRoute()
#26 C:/Users/MSI/Desktop/projet cote serveur/stock-management/vendor/laravel/framework/src/Illuminate/Routing/Router.php(753): Illuminate/Routing/Router->dispatchToRoute()
#27 C:/Users/MSI/Desktop/projet cote serveur/stock-management/vendor/laravel/framework/src/Illuminate/Foundation/Http/Kernel.php(200): Illuminate/Routing/Router->dispatch()
#28 C:/Users/MSI/Desktop/projet cote serveur/stock-management/vendor/laravel/framework/src/Illuminate/Pipeline/Pipeline.php(180): Illuminate/Foundation/Http/Kernel->Illuminate/Foundation/Http/{closure}()
#29 C:/Users/MSI/Desktop/projet cote serveur/stock-management/vendor/laravel/framework/src/Illuminate/Foundation/Http/Middleware/TransformsRequest.php(21): Illuminate/Pipeline/Pipeline->Illuminate/Pipeline/{closure}()
#30 C:/Users/MSI/Desktop/projet cote serveur/stock-management/vendor/laravel/framework/src/Illuminate/Foundation/Http/Middleware/ConvertEmptyStringsToNull.php(31): Illuminate/Foundation/Http/Middleware/TransformsRequest->handle()
#31 C:/Users/MSI/Desktop/projet cote serveur/stock-management/vendor/laravel/framework/src/Illuminate/Pipeline/Pipeline.php(219): Illuminate/Foundation/Http/Middleware/ConvertEmptyStringsToNull->handle()
#32 C:/Users/MSI/Desktop/projet cote serveur/stock-management/vendor/laravel/framework/src/Illuminate/Foundation/Http/Middleware/TransformsRequest.php(21): Illuminate/Pipeline/Pipeline->Illuminate/Pipeline/{closure}()
#33 C:/Users/MSI/Desktop/projet cote serveur/stock-management/vendor/laravel/framework/src/Illuminate/Foundation/Http/Middleware/TrimStrings.php(51): Illuminate/Foundation/Http/Middleware/TransformsRequest->handle()
#34 C:/Users/MSI/Desktop/projet cote serveur/stock-management/vendor/laravel/framework/src/Illuminate/Pipeline/Pipeline.php(219): Illuminate/Foundation/Http/Middleware/TrimStrings->handle()
#35 C:/Users/MSI/Desktop/projet cote serveur/stock-management/vendor/laravel/framework/src/Illuminate/Http/Middleware/ValidatePostSize.php(27): Illuminate/Pipeline/Pipeline->Illuminate/Pipeline/{closure}()
#36 C:/Users/MSI/Desktop/projet cote serveur/stock-management/vendor/laravel/framework/src/Illuminate/Pipeline/Pipeline.php(219): Illuminate/Http/Middleware/ValidatePostSize->handle()
#37 C:/Users/MSI/Desktop/projet cote serveur/stock-management/vendor/laravel/framework/src/Illuminate/Foundation/Http/Middleware/PreventRequestsDuringMaintenance.php(109): Illuminate/Pipeline/Pipeline->Illuminate/Pipeline/{closure}()
#38 C:/Users/MSI/Desktop/projet cote serveur/stock-management/vendor/laravel/framework/src/Illuminate/Pipeline/Pipeline.php(219): Illuminate/Foundation/Http/Middleware/PreventRequestsDuringMaintenance->handle()
#39 C:/Users/MSI/Desktop/projet cote serveur/stock-management/vendor/laravel/framework/src/Illuminate/Http/Middleware/HandleCors.php(61): Illuminate/Pipeline/Pipeline->Illuminate/Pipeline/{closure}()
#40 C:/Users/MSI/Desktop/projet cote serveur/stock-management/vendor/laravel/framework/src/Illuminate/Pipeline/Pipeline.php(219): Illuminate/Http/Middleware/HandleCors->handle()
#41 C:/Users/MSI/Desktop/projet cote serveur/stock-management/vendor/laravel/framework/src/Illuminate/Http/Middleware/TrustProxies.php(58): Illuminate/Pipeline/Pipeline->Illuminate/Pipeline/{closure}()
#42 C:/Users/MSI/Desktop/projet cote serveur/stock-management/vendor/laravel/framework/src/Illuminate/Pipeline/Pipeline.php(219): Illuminate/Http/Middleware/TrustProxies->handle()
#43 C:/Users/MSI/Desktop/projet cote serveur/stock-management/vendor/laravel/framework/src/Illuminate/Foundation/Http/Middleware/InvokeDeferredCallbacks.php(22): Illuminate/Pipeline/Pipeline->Illuminate/Pipeline/{closure}()
#44 C:/Users/MSI/Desktop/projet cote serveur/stock-management/vendor/laravel/framework/src/Illuminate/Pipeline/Pipeline.php(219): Illuminate/Foundation/Http/Middleware/InvokeDeferredCallbacks->handle()
#45 C:/Users/MSI/Desktop/projet cote serveur/stock-management/vendor/laravel/framework/src/Illuminate/Http/Middleware/ValidatePathEncoding.php(26): Illuminate/Pipeline/Pipeline->Illuminate/Pipeline/{closure}()
#46 C:/Users/MSI/Desktop/projet cote serveur/stock-management/vendor/laravel/framework/src/Illuminate/Pipeline/Pipeline.php(219): Illuminate/Http/Middleware/ValidatePathEncoding->handle()
#47 C:/Users/MSI/Desktop/projet cote serveur/stock-management/vendor/laravel/framework/src/Illuminate/Pipeline/Pipeline.php(137): Illuminate/Pipeline/Pipeline->Illuminate/Pipeline/{closure}()
#48 C:/Users/MSI/Desktop/projet cote serveur/stock-management/vendor/laravel/framework/src/Illuminate/Foundation/Http/Kernel.php(175): Illuminate/Pipeline/Pipeline->then()
#49 C:/Users/MSI/Desktop/projet cote serveur/stock-management/vendor/laravel/framework/src/Illuminate/Foundation/Http/Kernel.php(144): Illuminate/Foundation/Http/Kernel->sendRequestThroughRouter()
#50 C:/Users/MSI/Desktop/projet cote serveur/stock-management/vendor/laravel/framework/src/Illuminate/Foundation/Application.php(1220): Illuminate/Foundation/Http/Kernel->handle()
#51 C:/Users/MSI/Desktop/projet cote serveur/stock-management/public/index.php(17): Illuminate/Foundation/Application->handleRequest()
#52 C:/Users/MSI/Desktop/projet cote serveur/stock-management/vendor/laravel/framework/src/Illuminate/Foundation/resources/server.php(23): require_once('...')
#53 {main}

[previous exception] [object] (PDOException(code: 0): could not find driver at C:/Users/MSI/Desktop/projet cote serveur/stock-management/vendor/laravel/framework/src/Illuminate/Database/Connectors/Connector.php:66)
[stacktrace]
#0 C:/Users/MSI/Desktop/projet cote serveur/stock-management/vendor/laravel/framework/src/Illuminate/Database/Connectors/Connector.php(66): PDO->__construct()
#1 C:/Users/MSI/Desktop/projet cote serveur/stock-management/vendor/laravel/framework/src/Illuminate/Database/Connectors/Connector.php(44): Illuminate/Database/Connectors/Connector->createPdoConnection()
#2 C:/Users/MSI/Desktop/projet cote serveur/stock-management/vendor/laravel/framework/src/Illuminate/Database/Connectors/PostgresConnector.php(35): Illuminate/Database/Connectors/Connector->createConnection()
#3 C:/Users/MSI/Desktop/projet cote serveur/stock-management/vendor/laravel/framework/src/Illuminate/Database/Connectors/ConnectionFactory.php(186): Illuminate/Database/Connectors/PostgresConnector->connect()
#4 [internal function]: Illuminate/Database/Connectors/ConnectionFactory->Illuminate/Database/Connectors/{closure}()
#5 C:/Users/MSI/Desktop/projet cote serveur/stock-management/vendor/laravel/framework/src/Illuminate/Database/Connection.php(1257): call_user_func()
#6 C:/Users/MSI/Desktop/projet cote serveur/stock-management/vendor/laravel/framework/src/Illuminate/Database/Connection.php(525): Illuminate/Database/Connection->getPdo()
#7 C:/Users/MSI/Desktop/projet cote serveur/stock-management/vendor/laravel/framework/src/Illuminate/Database/Connection.php(420): Illuminate/Database/Connection->getPdoForSelect()
#8 C:/Users/MSI/Desktop/projet cote serveur/stock-management/vendor/laravel/framework/src/Illuminate/Database/Connection.php(827): Illuminate/Database/Connection->Illuminate/Database/{closure}()
#9 C:/Users/MSI/Desktop/projet cote serveur/stock-management/vendor/laravel/framework/src/Illuminate/Database/Connection.php(794): Illuminate/Database/Connection->runQueryCallback()
#10 C:/Users/MSI/Desktop/projet cote serveur/stock-management/vendor/laravel/framework/src/Illuminate/Database/Connection.php(411): Illuminate/Database/Connection->run()
#11 C:/Users/MSI/Desktop/projet cote serveur/stock-management/vendor/laravel/framework/src/Illuminate/Database/Query/Builder.php(3505): Illuminate/Database/Connection->select()
#12 C:/Users/MSI/Desktop/projet cote serveur/stock-management/vendor/laravel/framework/src/Illuminate/Database/Query/Builder.php(3490): Illuminate/Database/Query/Builder->runSelect()
#13 C:/Users/MSI/Desktop/projet cote serveur/stock-management/vendor/laravel/framework/src/Illuminate/Database/Query/Builder.php(4080): Illuminate/Database/Query/Builder->Illuminate/Database/Query/{closure}()
#14 C:/Users/MSI/Desktop/projet cote serveur/stock-management/vendor/laravel/framework/src/Illuminate/Database/Query/Builder.php(3489): Illuminate/Database/Query/Builder->onceWithColumns()
#15 C:/Users/MSI/Desktop/projet cote serveur/stock-management/vendor/laravel/framework/src/Illuminate/Database/Concerns/BuildsQueries.php(366): Illuminate/Database/Query/Builder->get()
#16 C:/Users/MSI/Desktop/projet cote serveur/stock-management/vendor/laravel/framework/src/Illuminate/Database/Query/Builder.php(3412): Illuminate/Database/Query/Builder->first()
#17 C:/Users/MSI/Desktop/projet cote serveur/stock-management/vendor/laravel/framework/src/Illuminate/Session/DatabaseSessionHandler.php(96): Illuminate/Database/Query/Builder->find()
#18 C:/Users/MSI/Desktop/projet cote serveur/stock-management/vendor/laravel/framework/src/Illuminate/Session/Store.php(128): Illuminate/Session/DatabaseSessionHandler->read()
#19 C:/Users/MSI/Desktop/projet cote serveur/stock-management/vendor/laravel/framework/src/Illuminate/Session/Store.php(116): Illuminate/Session/Store->readFromHandler()
#20 C:/Users/MSI/Desktop/projet cote serveur/stock-management/vendor/laravel/framework/src/Illuminate/Session/Store.php(100): Illuminate/Session/Store->loadSession()
#21 C:/Users/MSI/Desktop/projet cote serveur/stock-management/vendor/laravel/framework/src/Illuminate/Session/Middleware/StartSession.php(146): Illuminate/Session/Store->start()
#22 C:/Users/MSI/Desktop/projet cote serveur/stock-management/vendor/laravel/framework/src/Illuminate/Support/helpers.php(393): Illuminate/Session/Middleware/StartSession->Illuminate/Session/Middleware/{closure}()
#23 C:/Users/MSI/Desktop/projet cote serveur/stock-management/vendor/laravel/framework/src/Illuminate/Session/Middleware/StartSession.php(143): tap()
#24 C:/Users/MSI/Desktop/projet cote serveur/stock-management/vendor/laravel/framework/src/Illuminate/Session/Middleware/StartSession.php(115): Illuminate/Session/Middleware/StartSession->startSession()
#25 C:/Users/MSI/Desktop/projet cote serveur/stock-management/vendor/laravel/framework/src/Illuminate/Session/Middleware/StartSession.php(63): Illuminate/Session/Middleware/StartSession->handleStatefulRequest()
#26 C:/Users/MSI/Desktop/projet cote serveur/stock-management/vendor/laravel/framework/src/Illuminate/Pipeline/Pipeline.php(219): Illuminate/Session/Middleware/StartSession->handle()
#27 C:/Users/MSI/Desktop/projet cote serveur/stock-management/vendor/laravel/framework/src/Illuminate/Cookie/Middleware/AddQueuedCookiesToResponse.php(36): Illuminate/Pipeline/Pipeline->Illuminate/Pipeline/{closure}()
#28 C:/Users/MSI/Desktop/projet cote serveur/stock-management/vendor/laravel/framework/src/Illuminate/Pipeline/Pipeline.php(219): Illuminate/Cookie/Middleware/AddQueuedCookiesToResponse->handle()
#29 C:/Users/MSI/Desktop/projet cote serveur/stock-management/vendor/laravel/framework/src/Illuminate/Cookie/Middleware/EncryptCookies.php(74): Illuminate/Pipeline/Pipeline->Illuminate/Pipeline/{closure}()
#30 C:/Users/MSI/Desktop/projet cote serveur/stock-management/vendor/laravel/framework/src/Illuminate/Pipeline/Pipeline.php(219): Illuminate/Cookie/Middleware/EncryptCookies->handle()
#31 C:/Users/MSI/Desktop/projet cote serveur/stock-management/vendor/laravel/framework/src/Illuminate/Pipeline/Pipeline.php(137): Illuminate/Pipeline/Pipeline->Illuminate/Pipeline/{closure}()
#32 C:/Users/MSI/Desktop/projet cote serveur/stock-management/vendor/laravel/framework/src/Illuminate/Routing/Router.php(821): Illuminate/Pipeline/Pipeline->then()
#33 C:/Users/MSI/Desktop/projet cote serveur/stock-management/vendor/laravel/framework/src/Illuminate/Routing/Router.php(800): Illuminate/Routing/Router->runRouteWithinStack()
#34 C:/Users/MSI/Desktop/projet cote serveur/stock-management/vendor/laravel/framework/src/Illuminate/Routing/Router.php(764): Illuminate/Routing/Router->runRoute()
#35 C:/Users/MSI/Desktop/projet cote serveur/stock-management/vendor/laravel/framework/src/Illuminate/Routing/Router.php(753): Illuminate/Routing/Router->dispatchToRoute()
#36 C:/Users/MSI/Desktop/projet cote serveur/stock-management/vendor/laravel/framework/src/Illuminate/Foundation/Http/Kernel.php(200): Illuminate/Routing/Router->dispatch()
#37 C:/Users/MSI/Desktop/projet cote serveur/stock-management/vendor/laravel/framework/src/Illuminate/Pipeline/Pipeline.php(180): Illuminate/Foundation/Http/Kernel->Illuminate/Foundation/Http/{closure}()
#38 C:/Users/MSI/Desktop/projet cote serveur/stock-management/vendor/laravel/framework/src/Illuminate/Foundation/Http/Middleware/TransformsRequest.php(21): Illuminate/Pipeline/Pipeline->Illuminate/Pipeline/{closure}()
#39 C:/Users/MSI/Desktop/projet cote serveur/stock-management/vendor/laravel/framework/src/Illuminate/Foundation/Http/Middleware/ConvertEmptyStringsToNull.php(31): Illuminate/Foundation/Http/Middleware/TransformsRequest->handle()
#40 C:/Users/MSI/Desktop/projet cote serveur/stock-management/vendor/laravel/framework/src/Illuminate/Pipeline/Pipeline.php(219): Illuminate/Foundation/Http/Middleware/ConvertEmptyStringsToNull->handle()
#41 C:/Users/MSI/Desktop/projet cote serveur/stock-management/vendor/laravel/framework/src/Illuminate/Foundation/Http/Middleware/TransformsRequest.php(21): Illuminate/Pipeline/Pipeline->Illuminate/Pipeline/{closure}()
#42 C:/Users/MSI/Desktop/projet cote serveur/stock-management/vendor/laravel/framework/src/Illuminate/Foundation/Http/Middleware/TrimStrings.php(51): Illuminate/Foundation/Http/Middleware/TransformsRequest->handle()
#43 C:/Users/MSI/Desktop/projet cote serveur/stock-management/vendor/laravel/framework/src/Illuminate/Pipeline/Pipeline.php(219): Illuminate/Foundation/Http/Middleware/TrimStrings->handle()
#44 C:/Users/MSI/Desktop/projet cote serveur/stock-management/vendor/laravel/framework/src/Illuminate/Http/Middleware/ValidatePostSize.php(27): Illuminate/Pipeline/Pipeline->Illuminate/Pipeline/{closure}()
#45 C:/Users/MSI/Desktop/projet cote serveur/stock-management/vendor/laravel/framework/src/Illuminate/Pipeline/Pipeline.php(219): Illuminate/Http/Middleware/ValidatePostSize->handle()
#46 C:/Users/MSI/Desktop/projet cote serveur/stock-management/vendor/laravel/framework/src/Illuminate/Foundation/Http/Middleware/PreventRequestsDuringMaintenance.php(109): Illuminate/Pipeline/Pipeline->Illuminate/Pipeline/{closure}()
#47 C:/Users/MSI/Desktop/projet cote serveur/stock-management/vendor/laravel/framework/src/Illuminate/Pipeline/Pipeline.php(219): Illuminate/Foundation/Http/Middleware/PreventRequestsDuringMaintenance->handle()
#48 C:/Users/MSI/Desktop/projet cote serveur/stock-management/vendor/laravel/framework/src/Illuminate/Http/Middleware/HandleCors.php(61): Illuminate/Pipeline/Pipeline->Illuminate/Pipeline/{closure}()
#49 C:/Users/MSI/Desktop/projet cote serveur/stock-management/vendor/laravel/framework/src/Illuminate/Pipeline/Pipeline.php(219): Illuminate/Http/Middleware/HandleCors->handle()
#50 C:/Users/MSI/Desktop/projet cote serveur/stock-management/vendor/laravel/framework/src/Illuminate/Http/Middleware/TrustProxies.php(58): Illuminate/Pipeline/Pipeline->Illuminate/Pipeline/{closure}()
#51 C:/Users/MSI/Desktop/projet cote serveur/stock-management/vendor/laravel/framework/src/Illuminate/Pipeline/Pipeline.php(219): Illuminate/Http/Middleware/TrustProxies->handle()
#52 C:/Users/MSI/Desktop/projet cote serveur/stock-management/vendor/laravel/framework/src/Illuminate/Foundation/Http/Middleware/InvokeDeferredCallbacks.php(22): Illuminate/Pipeline/Pipeline->Illuminate/Pipeline/{closure}()
#53 C:/Users/MSI/Desktop/projet cote serveur/stock-management/vendor/laravel/framework/src/Illuminate/Pipeline/Pipeline.php(219): Illuminate/Foundation/Http/Middleware/InvokeDeferredCallbacks->handle()
#54 C:/Users/MSI/Desktop/projet cote serveur/stock-management/vendor/laravel/framework/src/Illuminate/Http/Middleware/ValidatePathEncoding.php(26): Illuminate/Pipeline/Pipeline->Illuminate/Pipeline/{closure}()
#55 C:/Users/MSI/Desktop/projet cote serveur/stock-management/vendor/laravel/framework/src/Illuminate/Pipeline/Pipeline.php(219): Illuminate/Http/Middleware/ValidatePathEncoding->handle()
#56 C:/Users/MSI/Desktop/projet cote serveur/stock-management/vendor/laravel/framework/src/Illuminate/Pipeline/Pipeline.php(137): Illuminate/Pipeline/Pipeline->Illuminate/Pipeline/{closure}()
#57 C:/Users/MSI/Desktop/projet cote serveur/stock-management/vendor/laravel/framework/src/Illuminate/Foundation/Http/Kernel.php(175): Illuminate/Pipeline/Pipeline->then()
#58 C:/Users/MSI/Desktop/projet cote serveur/stock-management/vendor/laravel/framework/src/Illuminate/Foundation/Http/Kernel.php(144): Illuminate/Foundation/Http/Kernel->sendRequestThroughRouter()
#59 C:/Users/MSI/Desktop/projet cote serveur/stock-management/vendor/laravel/framework/src/Illuminate/Foundation/Application.php(1220): Illuminate/Foundation/Http/Kernel->handle()
#60 C:/Users/MSI/Desktop/projet cote serveur/stock-management/public/index.php(17): Illuminate/Foundation/Application->handleRequest()
#61 C:/Users/MSI/Desktop/projet cote serveur/stock-management/vendor/laravel/framework/src/Illuminate/Foundation/resources/server.php(23): require_once('...')
#62 {main}
"} 
[2026-04-29 20:18:27] local.ERROR: SQLSTATE[08006] [7] FATAL:  authentification par mot de passe �chou�e pour l'utilisateur  � postgres � {"exception":"[object] (PDOException(code: 7): SQLSTATE[08006] [7] FATAL:  authentification par mot de passe �chou�e pour l'utilisateur  � postgres � at C:/Users/MSI/Desktop/projet cote serveur/stock-management/vendor/laravel/framework/src/Illuminate/Database/Connectors/Connector.php:66)
[stacktrace]
#0 C:/Users/MSI/Desktop/projet cote serveur/stock-management/vendor/laravel/framework/src/Illuminate/Database/Connectors/Connector.php(66): PDO->__construct()
#1 C:/Users/MSI/Desktop/projet cote serveur/stock-management/vendor/laravel/framework/src/Illuminate/Database/Connectors/Connector.php(44): Illuminate/Database/Connectors/Connector->createPdoConnection()
#2 C:/Users/MSI/Desktop/projet cote serveur/stock-management/vendor/laravel/framework/src/Illuminate/Database/Connectors/PostgresConnector.php(35): Illuminate/Database/Connectors/Connector->createConnection()
#3 C:/Users/MSI/Desktop/projet cote serveur/stock-management/vendor/laravel/framework/src/Illuminate/Database/Connectors/ConnectionFactory.php(186): Illuminate/Database/Connectors/PostgresConnector->connect()
#4 [internal function]: Illuminate/Database/Connectors/ConnectionFactory->Illuminate/Database/Connectors/{closure}()
#5 C:/Users/MSI/Desktop/projet cote serveur/stock-management/vendor/laravel/framework/src/Illuminate/Database/Connection.php(1257): call_user_func()
#6 C:/Users/MSI/Desktop/projet cote serveur/stock-management/vendor/laravel/framework/src/Illuminate/Database/Connection.php(1742): Illuminate/Database/Connection->getPdo()
#7 C:/Users/MSI/Desktop/projet cote serveur/stock-management/vendor/laravel/framework/src/Illuminate/Database/Console/ShowCommand.php(51): Illuminate/Database/Connection->getServerVersion()
#8 C:/Users/MSI/Desktop/projet cote serveur/stock-management/vendor/laravel/framework/src/Illuminate/Container/BoundMethod.php(36): Illuminate/Database/Console/ShowCommand->handle()
#9 C:/Users/MSI/Desktop/projet cote serveur/stock-management/vendor/laravel/framework/src/Illuminate/Container/Util.php(43): Illuminate/Container/BoundMethod::Illuminate/Container/{closure}()
#10 C:/Users/MSI/Desktop/projet cote serveur/stock-management/vendor/laravel/framework/src/Illuminate/Container/BoundMethod.php(96): Illuminate/Container/Util::unwrapIfClosure()
#11 C:/Users/MSI/Desktop/projet cote serveur/stock-management/vendor/laravel/framework/src/Illuminate/Container/BoundMethod.php(35): Illuminate/Container/BoundMethod::callBoundMethod()
#12 C:/Users/MSI/Desktop/projet cote serveur/stock-management/vendor/laravel/framework/src/Illuminate/Container/Container.php(799): Illuminate/Container/BoundMethod::call()
#13 C:/Users/MSI/Desktop/projet cote serveur/stock-management/vendor/laravel/framework/src/Illuminate/Console/Command.php(211): Illuminate/Container/Container->call()
#14 C:/Users/MSI/Desktop/projet cote serveur/stock-management/vendor/symfony/console/Command/Command.php(341): Illuminate/Console/Command->execute()
#15 C:/Users/MSI/Desktop/projet cote serveur/stock-management/vendor/laravel/framework/src/Illuminate/Console/Command.php(180): Symfony/Component/Console/Command/Command->run()
#16 C:/Users/MSI/Desktop/projet cote serveur/stock-management/vendor/symfony/console/Application.php(1117): Illuminate/Console/Command->run()
#17 C:/Users/MSI/Desktop/projet cote serveur/stock-management/vendor/symfony/console/Application.php(356): Symfony/Component/Console/Application->doRunCommand()
#18 C:/Users/MSI/Desktop/projet cote serveur/stock-management/vendor/symfony/console/Application.php(195): Symfony/Component/Console/Application->doRun()
#19 C:/Users/MSI/Desktop/projet cote serveur/stock-management/vendor/laravel/framework/src/Illuminate/Foundation/Console/Kernel.php(198): Symfony/Component/Console/Application->run()
#20 C:/Users/MSI/Desktop/projet cote serveur/stock-management/vendor/laravel/framework/src/Illuminate/Foundation/Application.php(1235): Illuminate/Foundation/Console/Kernel->handle()
#21 C:/Users/MSI/Desktop/projet cote serveur/stock-management/artisan(13): Illuminate/Foundation/Application->handleCommand()
#22 {main}
"} 
[2026-04-29 20:19:04] local.ERROR: could not find driver (Connection: pgsql, Host: 127.0.0.1, Port: 5432, Database: stock_management, SQL: select * from "sessions" where "id" = jWuy1fehMHBuxqNWWrGHuqMMlwueOooOP12fbjvI limit 1) {"exception":"[object] (Illuminate\\Database\\QueryException(code: 0): could not find driver (Connection: pgsql, Host: 127.0.0.1, Port: 5432, Database: stock_management, SQL: select * from \"sessions\" where \"id\" = jWuy1fehMHBuxqNWWrGHuqMMlwueOooOP12fbjvI limit 1) at C:/Users/MSI/Desktop/projet cote serveur/stock-management/vendor/laravel/framework/src/Illuminate/Database/Connection.php:838)
[stacktrace]
#0 C:/Users/MSI/Desktop/projet cote serveur/stock-management/vendor/laravel/framework/src/Illuminate/Database/Connection.php(794): Illuminate/Database/Connection->runQueryCallback()
#1 C:/Users/MSI/Desktop/projet cote serveur/stock-management/vendor/laravel/framework/src/Illuminate/Database/Connection.php(411): Illuminate/Database/Connection->run()
#2 C:/Users/MSI/Desktop/projet cote serveur/stock-management/vendor/laravel/framework/src/Illuminate/Database/Query/Builder.php(3505): Illuminate/Database/Connection->select()
#3 C:/Users/MSI/Desktop/projet cote serveur/stock-management/vendor/laravel/framework/src/Illuminate/Database/Query/Builder.php(3490): Illuminate/Database/Query/Builder->runSelect()
#4 C:/Users/MSI/Desktop/projet cote serveur/stock-management/vendor/laravel/framework/src/Illuminate/Database/Query/Builder.php(4080): Illuminate/Database/Query/Builder->Illuminate/Database/Query/{closure}()
#5 C:/Users/MSI/Desktop/projet cote serveur/stock-management/vendor/laravel/framework/src/Illuminate/Database/Query/Builder.php(3489): Illuminate/Database/Query/Builder->onceWithColumns()
#6 C:/Users/MSI/Desktop/projet cote serveur/stock-management/vendor/laravel/framework/src/Illuminate/Database/Concerns/BuildsQueries.php(366): Illuminate/Database/Query/Builder->get()
#7 C:/Users/MSI/Desktop/projet cote serveur/stock-management/vendor/laravel/framework/src/Illuminate/Database/Query/Builder.php(3412): Illuminate/Database/Query/Builder->first()
#8 C:/Users/MSI/Desktop/projet cote serveur/stock-management/vendor/laravel/framework/src/Illuminate/Session/DatabaseSessionHandler.php(96): Illuminate/Database/Query/Builder->find()
#9 C:/Users/MSI/Desktop/projet cote serveur/stock-management/vendor/laravel/framework/src/Illuminate/Session/Store.php(128): Illuminate/Session/DatabaseSessionHandler->read()
#10 C:/Users/MSI/Desktop/projet cote serveur/stock-management/vendor/laravel/framework/src/Illuminate/Session/Store.php(116): Illuminate/Session/Store->readFromHandler()
#11 C:/Users/MSI/Desktop/projet cote serveur/stock-management/vendor/laravel/framework/src/Illuminate/Session/Store.php(100): Illuminate/Session/Store->loadSession()
#12 C:/Users/MSI/Desktop/projet cote serveur/stock-management/vendor/laravel/framework/src/Illuminate/Session/Middleware/StartSession.php(146): Illuminate/Session/Store->start()
#13 C:/Users/MSI/Desktop/projet cote serveur/stock-management/vendor/laravel/framework/src/Illuminate/Support/helpers.php(393): Illuminate/Session/Middleware/StartSession->Illuminate/Session/Middleware/{closure}()
#14 C:/Users/MSI/Desktop/projet cote serveur/stock-management/vendor/laravel/framework/src/Illuminate/Session/Middleware/StartSession.php(143): tap()
#15 C:/Users/MSI/Desktop/projet cote serveur/stock-management/vendor/laravel/framework/src/Illuminate/Session/Middleware/StartSession.php(115): Illuminate/Session/Middleware/StartSession->startSession()
#16 C:/Users/MSI/Desktop/projet cote serveur/stock-management/vendor/laravel/framework/src/Illuminate/Session/Middleware/StartSession.php(63): Illuminate/Session/Middleware/StartSession->handleStatefulRequest()
#17 C:/Users/MSI/Desktop/projet cote serveur/stock-management/vendor/laravel/framework/src/Illuminate/Pipeline/Pipeline.php(219): Illuminate/Session/Middleware/StartSession->handle()
#18 C:/Users/MSI/Desktop/projet cote serveur/stock-management/vendor/laravel/framework/src/Illuminate/Cookie/Middleware/AddQueuedCookiesToResponse.php(36): Illuminate/Pipeline/Pipeline->Illuminate/Pipeline/{closure}()
#19 C:/Users/MSI/Desktop/projet cote serveur/stock-management/vendor/laravel/framework/src/Illuminate/Pipeline/Pipeline.php(219): Illuminate/Cookie/Middleware/AddQueuedCookiesToResponse->handle()
#20 C:/Users/MSI/Desktop/projet cote serveur/stock-management/vendor/laravel/framework/src/Illuminate/Cookie/Middleware/EncryptCookies.php(74): Illuminate/Pipeline/Pipeline->Illuminate/Pipeline/{closure}()
#21 C:/Users/MSI/Desktop/projet cote serveur/stock-management/vendor/laravel/framework/src/Illuminate/Pipeline/Pipeline.php(219): Illuminate/Cookie/Middleware/EncryptCookies->handle()
#22 C:/Users/MSI/Desktop/projet cote serveur/stock-management/vendor/laravel/framework/src/Illuminate/Pipeline/Pipeline.php(137): Illuminate/Pipeline/Pipeline->Illuminate/Pipeline/{closure}()
#23 C:/Users/MSI/Desktop/projet cote serveur/stock-management/vendor/laravel/framework/src/Illuminate/Routing/Router.php(821): Illuminate/Pipeline/Pipeline->then()
#24 C:/Users/MSI/Desktop/projet cote serveur/stock-management/vendor/laravel/framework/src/Illuminate/Routing/Router.php(800): Illuminate/Routing/Router->runRouteWithinStack()
#25 C:/Users/MSI/Desktop/projet cote serveur/stock-management/vendor/laravel/framework/src/Illuminate/Routing/Router.php(764): Illuminate/Routing/Router->runRoute()
#26 C:/Users/MSI/Desktop/projet cote serveur/stock-management/vendor/laravel/framework/src/Illuminate/Routing/Router.php(753): Illuminate/Routing/Router->dispatchToRoute()
#27 C:/Users/MSI/Desktop/projet cote serveur/stock-management/vendor/laravel/framework/src/Illuminate/Foundation/Http/Kernel.php(200): Illuminate/Routing/Router->dispatch()
#28 C:/Users/MSI/Desktop/projet cote serveur/stock-management/vendor/laravel/framework/src/Illuminate/Pipeline/Pipeline.php(180): Illuminate/Foundation/Http/Kernel->Illuminate/Foundation/Http/{closure}()
#29 C:/Users/MSI/Desktop/projet cote serveur/stock-management/vendor/laravel/framework/src/Illuminate/Foundation/Http/Middleware/TransformsRequest.php(21): Illuminate/Pipeline/Pipeline->Illuminate/Pipeline/{closure}()
#30 C:/Users/MSI/Desktop/projet cote serveur/stock-management/vendor/laravel/framework/src/Illuminate/Foundation/Http/Middleware/ConvertEmptyStringsToNull.php(31): Illuminate/Foundation/Http/Middleware/TransformsRequest->handle()
#31 C:/Users/MSI/Desktop/projet cote serveur/stock-management/vendor/laravel/framework/src/Illuminate/Pipeline/Pipeline.php(219): Illuminate/Foundation/Http/Middleware/ConvertEmptyStringsToNull->handle()
#32 C:/Users/MSI/Desktop/projet cote serveur/stock-management/vendor/laravel/framework/src/Illuminate/Foundation/Http/Middleware/TransformsRequest.php(21): Illuminate/Pipeline/Pipeline->Illuminate/Pipeline/{closure}()
#33 C:/Users/MSI/Desktop/projet cote serveur/stock-management/vendor/laravel/framework/src/Illuminate/Foundation/Http/Middleware/TrimStrings.php(51): Illuminate/Foundation/Http/Middleware/TransformsRequest->handle()
#34 C:/Users/MSI/Desktop/projet cote serveur/stock-management/vendor/laravel/framework/src/Illuminate/Pipeline/Pipeline.php(219): Illuminate/Foundation/Http/Middleware/TrimStrings->handle()
#35 C:/Users/MSI/Desktop/projet cote serveur/stock-management/vendor/laravel/framework/src/Illuminate/Http/Middleware/ValidatePostSize.php(27): Illuminate/Pipeline/Pipeline->Illuminate/Pipeline/{closure}()
#36 C:/Users/MSI/Desktop/projet cote serveur/stock-management/vendor/laravel/framework/src/Illuminate/Pipeline/Pipeline.php(219): Illuminate/Http/Middleware/ValidatePostSize->handle()
#37 C:/Users/MSI/Desktop/projet cote serveur/stock-management/vendor/laravel/framework/src/Illuminate/Foundation/Http/Middleware/PreventRequestsDuringMaintenance.php(109): Illuminate/Pipeline/Pipeline->Illuminate/Pipeline/{closure}()
#38 C:/Users/MSI/Desktop/projet cote serveur/stock-management/vendor/laravel/framework/src/Illuminate/Pipeline/Pipeline.php(219): Illuminate/Foundation/Http/Middleware/PreventRequestsDuringMaintenance->handle()
#39 C:/Users/MSI/Desktop/projet cote serveur/stock-management/vendor/laravel/framework/src/Illuminate/Http/Middleware/HandleCors.php(61): Illuminate/Pipeline/Pipeline->Illuminate/Pipeline/{closure}()
#40 C:/Users/MSI/Desktop/projet cote serveur/stock-management/vendor/laravel/framework/src/Illuminate/Pipeline/Pipeline.php(219): Illuminate/Http/Middleware/HandleCors->handle()
#41 C:/Users/MSI/Desktop/projet cote serveur/stock-management/vendor/laravel/framework/src/Illuminate/Http/Middleware/TrustProxies.php(58): Illuminate/Pipeline/Pipeline->Illuminate/Pipeline/{closure}()
#42 C:/Users/MSI/Desktop/projet cote serveur/stock-management/vendor/laravel/framework/src/Illuminate/Pipeline/Pipeline.php(219): Illuminate/Http/Middleware/TrustProxies->handle()
#43 C:/Users/MSI/Desktop/projet cote serveur/stock-management/vendor/laravel/framework/src/Illuminate/Foundation/Http/Middleware/InvokeDeferredCallbacks.php(22): Illuminate/Pipeline/Pipeline->Illuminate/Pipeline/{closure}()
#44 C:/Users/MSI/Desktop/projet cote serveur/stock-management/vendor/laravel/framework/src/Illuminate/Pipeline/Pipeline.php(219): Illuminate/Foundation/Http/Middleware/InvokeDeferredCallbacks->handle()
#45 C:/Users/MSI/Desktop/projet cote serveur/stock-management/vendor/laravel/framework/src/Illuminate/Http/Middleware/ValidatePathEncoding.php(26): Illuminate/Pipeline/Pipeline->Illuminate/Pipeline/{closure}()
#46 C:/Users/MSI/Desktop/projet cote serveur/stock-management/vendor/laravel/framework/src/Illuminate/Pipeline/Pipeline.php(219): Illuminate/Http/Middleware/ValidatePathEncoding->handle()
#47 C:/Users/MSI/Desktop/projet cote serveur/stock-management/vendor/laravel/framework/src/Illuminate/Pipeline/Pipeline.php(137): Illuminate/Pipeline/Pipeline->Illuminate/Pipeline/{closure}()
#48 C:/Users/MSI/Desktop/projet cote serveur/stock-management/vendor/laravel/framework/src/Illuminate/Foundation/Http/Kernel.php(175): Illuminate/Pipeline/Pipeline->then()
#49 C:/Users/MSI/Desktop/projet cote serveur/stock-management/vendor/laravel/framework/src/Illuminate/Foundation/Http/Kernel.php(144): Illuminate/Foundation/Http/Kernel->sendRequestThroughRouter()
#50 C:/Users/MSI/Desktop/projet cote serveur/stock-management/vendor/laravel/framework/src/Illuminate/Foundation/Application.php(1220): Illuminate/Foundation/Http/Kernel->handle()
#51 C:/Users/MSI/Desktop/projet cote serveur/stock-management/public/index.php(17): Illuminate/Foundation/Application->handleRequest()
#52 C:/Users/MSI/Desktop/projet cote serveur/stock-management/vendor/laravel/framework/src/Illuminate/Foundation/resources/server.php(23): require_once('...')
#53 {main}

[previous exception] [object] (PDOException(code: 0): could not find driver at C:/Users/MSI/Desktop/projet cote serveur/stock-management/vendor/laravel/framework/src/Illuminate/Database/Connectors/Connector.php:66)
[stacktrace]
#0 C:/Users/MSI/Desktop/projet cote serveur/stock-management/vendor/laravel/framework/src/Illuminate/Database/Connectors/Connector.php(66): PDO->__construct()
#1 C:/Users/MSI/Desktop/projet cote serveur/stock-management/vendor/laravel/framework/src/Illuminate/Database/Connectors/Connector.php(44): Illuminate/Database/Connectors/Connector->createPdoConnection()
#2 C:/Users/MSI/Desktop/projet cote serveur/stock-management/vendor/laravel/framework/src/Illuminate/Database/Connectors/PostgresConnector.php(35): Illuminate/Database/Connectors/Connector->createConnection()
#3 C:/Users/MSI/Desktop/projet cote serveur/stock-management/vendor/laravel/framework/src/Illuminate/Database/Connectors/ConnectionFactory.php(186): Illuminate/Database/Connectors/PostgresConnector->connect()
#4 [internal function]: Illuminate/Database/Connectors/ConnectionFactory->Illuminate/Database/Connectors/{closure}()
#5 C:/Users/MSI/Desktop/projet cote serveur/stock-management/vendor/laravel/framework/src/Illuminate/Database/Connection.php(1257): call_user_func()
#6 C:/Users/MSI/Desktop/projet cote serveur/stock-management/vendor/laravel/framework/src/Illuminate/Database/Connection.php(525): Illuminate/Database/Connection->getPdo()
#7 C:/Users/MSI/Desktop/projet cote serveur/stock-management/vendor/laravel/framework/src/Illuminate/Database/Connection.php(420): Illuminate/Database/Connection->getPdoForSelect()
#8 C:/Users/MSI/Desktop/projet cote serveur/stock-management/vendor/laravel/framework/src/Illuminate/Database/Connection.php(827): Illuminate/Database/Connection->Illuminate/Database/{closure}()
#9 C:/Users/MSI/Desktop/projet cote serveur/stock-management/vendor/laravel/framework/src/Illuminate/Database/Connection.php(794): Illuminate/Database/Connection->runQueryCallback()
#10 C:/Users/MSI/Desktop/projet cote serveur/stock-management/vendor/laravel/framework/src/Illuminate/Database/Connection.php(411): Illuminate/Database/Connection->run()
#11 C:/Users/MSI/Desktop/projet cote serveur/stock-management/vendor/laravel/framework/src/Illuminate/Database/Query/Builder.php(3505): Illuminate/Database/Connection->select()
#12 C:/Users/MSI/Desktop/projet cote serveur/stock-management/vendor/laravel/framework/src/Illuminate/Database/Query/Builder.php(3490): Illuminate/Database/Query/Builder->runSelect()
#13 C:/Users/MSI/Desktop/projet cote serveur/stock-management/vendor/laravel/framework/src/Illuminate/Database/Query/Builder.php(4080): Illuminate/Database/Query/Builder->Illuminate/Database/Query/{closure}()
#14 C:/Users/MSI/Desktop/projet cote serveur/stock-management/vendor/laravel/framework/src/Illuminate/Database/Query/Builder.php(3489): Illuminate/Database/Query/Builder->onceWithColumns()
#15 C:/Users/MSI/Desktop/projet cote serveur/stock-management/vendor/laravel/framework/src/Illuminate/Database/Concerns/BuildsQueries.php(366): Illuminate/Database/Query/Builder->get()
#16 C:/Users/MSI/Desktop/projet cote serveur/stock-management/vendor/laravel/framework/src/Illuminate/Database/Query/Builder.php(3412): Illuminate/Database/Query/Builder->first()
#17 C:/Users/MSI/Desktop/projet cote serveur/stock-management/vendor/laravel/framework/src/Illuminate/Session/DatabaseSessionHandler.php(96): Illuminate/Database/Query/Builder->find()
#18 C:/Users/MSI/Desktop/projet cote serveur/stock-management/vendor/laravel/framework/src/Illuminate/Session/Store.php(128): Illuminate/Session/DatabaseSessionHandler->read()
#19 C:/Users/MSI/Desktop/projet cote serveur/stock-management/vendor/laravel/framework/src/Illuminate/Session/Store.php(116): Illuminate/Session/Store->readFromHandler()
#20 C:/Users/MSI/Desktop/projet cote serveur/stock-management/vendor/laravel/framework/src/Illuminate/Session/Store.php(100): Illuminate/Session/Store->loadSession()
#21 C:/Users/MSI/Desktop/projet cote serveur/stock-management/vendor/laravel/framework/src/Illuminate/Session/Middleware/StartSession.php(146): Illuminate/Session/Store->start()
#22 C:/Users/MSI/Desktop/projet cote serveur/stock-management/vendor/laravel/framework/src/Illuminate/Support/helpers.php(393): Illuminate/Session/Middleware/StartSession->Illuminate/Session/Middleware/{closure}()
#23 C:/Users/MSI/Desktop/projet cote serveur/stock-management/vendor/laravel/framework/src/Illuminate/Session/Middleware/StartSession.php(143): tap()
#24 C:/Users/MSI/Desktop/projet cote serveur/stock-management/vendor/laravel/framework/src/Illuminate/Session/Middleware/StartSession.php(115): Illuminate/Session/Middleware/StartSession->startSession()
#25 C:/Users/MSI/Desktop/projet cote serveur/stock-management/vendor/laravel/framework/src/Illuminate/Session/Middleware/StartSession.php(63): Illuminate/Session/Middleware/StartSession->handleStatefulRequest()
#26 C:/Users/MSI/Desktop/projet cote serveur/stock-management/vendor/laravel/framework/src/Illuminate/Pipeline/Pipeline.php(219): Illuminate/Session/Middleware/StartSession->handle()
#27 C:/Users/MSI/Desktop/projet cote serveur/stock-management/vendor/laravel/framework/src/Illuminate/Cookie/Middleware/AddQueuedCookiesToResponse.php(36): Illuminate/Pipeline/Pipeline->Illuminate/Pipeline/{closure}()
#28 C:/Users/MSI/Desktop/projet cote serveur/stock-management/vendor/laravel/framework/src/Illuminate/Pipeline/Pipeline.php(219): Illuminate/Cookie/Middleware/AddQueuedCookiesToResponse->handle()
#29 C:/Users/MSI/Desktop/projet cote serveur/stock-management/vendor/laravel/framework/src/Illuminate/Cookie/Middleware/EncryptCookies.php(74): Illuminate/Pipeline/Pipeline->Illuminate/Pipeline/{closure}()
#30 C:/Users/MSI/Desktop/projet cote serveur/stock-management/vendor/laravel/framework/src/Illuminate/Pipeline/Pipeline.php(219): Illuminate/Cookie/Middleware/EncryptCookies->handle()
#31 C:/Users/MSI/Desktop/projet cote serveur/stock-management/vendor/laravel/framework/src/Illuminate/Pipeline/Pipeline.php(137): Illuminate/Pipeline/Pipeline->Illuminate/Pipeline/{closure}()
#32 C:/Users/MSI/Desktop/projet cote serveur/stock-management/vendor/laravel/framework/src/Illuminate/Routing/Router.php(821): Illuminate/Pipeline/Pipeline->then()
#33 C:/Users/MSI/Desktop/projet cote serveur/stock-management/vendor/laravel/framework/src/Illuminate/Routing/Router.php(800): Illuminate/Routing/Router->runRouteWithinStack()
#34 C:/Users/MSI/Desktop/projet cote serveur/stock-management/vendor/laravel/framework/src/Illuminate/Routing/Router.php(764): Illuminate/Routing/Router->runRoute()
#35 C:/Users/MSI/Desktop/projet cote serveur/stock-management/vendor/laravel/framework/src/Illuminate/Routing/Router.php(753): Illuminate/Routing/Router->dispatchToRoute()
#36 C:/Users/MSI/Desktop/projet cote serveur/stock-management/vendor/laravel/framework/src/Illuminate/Foundation/Http/Kernel.php(200): Illuminate/Routing/Router->dispatch()
#37 C:/Users/MSI/Desktop/projet cote serveur/stock-management/vendor/laravel/framework/src/Illuminate/Pipeline/Pipeline.php(180): Illuminate/Foundation/Http/Kernel->Illuminate/Foundation/Http/{closure}()
#38 C:/Users/MSI/Desktop/projet cote serveur/stock-management/vendor/laravel/framework/src/Illuminate/Foundation/Http/Middleware/TransformsRequest.php(21): Illuminate/Pipeline/Pipeline->Illuminate/Pipeline/{closure}()
#39 C:/Users/MSI/Desktop/projet cote serveur/stock-management/vendor/laravel/framework/src/Illuminate/Foundation/Http/Middleware/ConvertEmptyStringsToNull.php(31): Illuminate/Foundation/Http/Middleware/TransformsRequest->handle()
#40 C:/Users/MSI/Desktop/projet cote serveur/stock-management/vendor/laravel/framework/src/Illuminate/Pipeline/Pipeline.php(219): Illuminate/Foundation/Http/Middleware/ConvertEmptyStringsToNull->handle()
#41 C:/Users/MSI/Desktop/projet cote serveur/stock-management/vendor/laravel/framework/src/Illuminate/Foundation/Http/Middleware/TransformsRequest.php(21): Illuminate/Pipeline/Pipeline->Illuminate/Pipeline/{closure}()
#42 C:/Users/MSI/Desktop/projet cote serveur/stock-management/vendor/laravel/framework/src/Illuminate/Foundation/Http/Middleware/TrimStrings.php(51): Illuminate/Foundation/Http/Middleware/TransformsRequest->handle()
#43 C:/Users/MSI/Desktop/projet cote serveur/stock-management/vendor/laravel/framework/src/Illuminate/Pipeline/Pipeline.php(219): Illuminate/Foundation/Http/Middleware/TrimStrings->handle()
#44 C:/Users/MSI/Desktop/projet cote serveur/stock-management/vendor/laravel/framework/src/Illuminate/Http/Middleware/ValidatePostSize.php(27): Illuminate/Pipeline/Pipeline->Illuminate/Pipeline/{closure}()
#45 C:/Users/MSI/Desktop/projet cote serveur/stock-management/vendor/laravel/framework/src/Illuminate/Pipeline/Pipeline.php(219): Illuminate/Http/Middleware/ValidatePostSize->handle()
#46 C:/Users/MSI/Desktop/projet cote serveur/stock-management/vendor/laravel/framework/src/Illuminate/Foundation/Http/Middleware/PreventRequestsDuringMaintenance.php(109): Illuminate/Pipeline/Pipeline->Illuminate/Pipeline/{closure}()
#47 C:/Users/MSI/Desktop/projet cote serveur/stock-management/vendor/laravel/framework/src/Illuminate/Pipeline/Pipeline.php(219): Illuminate/Foundation/Http/Middleware/PreventRequestsDuringMaintenance->handle()
#48 C:/Users/MSI/Desktop/projet cote serveur/stock-management/vendor/laravel/framework/src/Illuminate/Http/Middleware/HandleCors.php(61): Illuminate/Pipeline/Pipeline->Illuminate/Pipeline/{closure}()
#49 C:/Users/MSI/Desktop/projet cote serveur/stock-management/vendor/laravel/framework/src/Illuminate/Pipeline/Pipeline.php(219): Illuminate/Http/Middleware/HandleCors->handle()
#50 C:/Users/MSI/Desktop/projet cote serveur/stock-management/vendor/laravel/framework/src/Illuminate/Http/Middleware/TrustProxies.php(58): Illuminate/Pipeline/Pipeline->Illuminate/Pipeline/{closure}()
#51 C:/Users/MSI/Desktop/projet cote serveur/stock-management/vendor/laravel/framework/src/Illuminate/Pipeline/Pipeline.php(219): Illuminate/Http/Middleware/TrustProxies->handle()
#52 C:/Users/MSI/Desktop/projet cote serveur/stock-management/vendor/laravel/framework/src/Illuminate/Foundation/Http/Middleware/InvokeDeferredCallbacks.php(22): Illuminate/Pipeline/Pipeline->Illuminate/Pipeline/{closure}()
#53 C:/Users/MSI/Desktop/projet cote serveur/stock-management/vendor/laravel/framework/src/Illuminate/Pipeline/Pipeline.php(219): Illuminate/Foundation/Http/Middleware/InvokeDeferredCallbacks->handle()
#54 C:/Users/MSI/Desktop/projet cote serveur/stock-management/vendor/laravel/framework/src/Illuminate/Http/Middleware/ValidatePathEncoding.php(26): Illuminate/Pipeline/Pipeline->Illuminate/Pipeline/{closure}()
#55 C:/Users/MSI/Desktop/projet cote serveur/stock-management/vendor/laravel/framework/src/Illuminate/Pipeline/Pipeline.php(219): Illuminate/Http/Middleware/ValidatePathEncoding->handle()
#56 C:/Users/MSI/Desktop/projet cote serveur/stock-management/vendor/laravel/framework/src/Illuminate/Pipeline/Pipeline.php(137): Illuminate/Pipeline/Pipeline->Illuminate/Pipeline/{closure}()
#57 C:/Users/MSI/Desktop/projet cote serveur/stock-management/vendor/laravel/framework/src/Illuminate/Foundation/Http/Kernel.php(175): Illuminate/Pipeline/Pipeline->then()
#58 C:/Users/MSI/Desktop/projet cote serveur/stock-management/vendor/laravel/framework/src/Illuminate/Foundation/Http/Kernel.php(144): Illuminate/Foundation/Http/Kernel->sendRequestThroughRouter()
#59 C:/Users/MSI/Desktop/projet cote serveur/stock-management/vendor/laravel/framework/src/Illuminate/Foundation/Application.php(1220): Illuminate/Foundation/Http/Kernel->handle()
#60 C:/Users/MSI/Desktop/projet cote serveur/stock-management/public/index.php(17): Illuminate/Foundation/Application->handleRequest()
#61 C:/Users/MSI/Desktop/projet cote serveur/stock-management/vendor/laravel/framework/src/Illuminate/Foundation/resources/server.php(23): require_once('...')
#62 {main}
"} 
[2026-04-29 20:19:28] local.ERROR: SQLSTATE[08006] [7] FATAL:  authentification par mot de passe �chou�e pour l'utilisateur  � postgres � (Connection: pgsql, Host: 127.0.0.1, Port: 5432, Database: stock_management, SQL: select * from "sessions" where "id" = 7cle3PFShuaAJbo5DGa0BhyDzSmf7ZnYHRSXr4Me limit 1) {"exception":"[object] (Illuminate\\Database\\QueryException(code: 7): SQLSTATE[08006] [7] FATAL:  authentification par mot de passe �chou�e pour l'utilisateur  � postgres � (Connection: pgsql, Host: 127.0.0.1, Port: 5432, Database: stock_management, SQL: select * from \"sessions\" where \"id\" = 7cle3PFShuaAJbo5DGa0BhyDzSmf7ZnYHRSXr4Me limit 1) at C:/Users/MSI/Desktop/projet cote serveur/stock-management/vendor/laravel/framework/src/Illuminate/Database/Connection.php:838)
[stacktrace]
#0 C:/Users/MSI/Desktop/projet cote serveur/stock-management/vendor/laravel/framework/src/Illuminate/Database/Connection.php(794): Illuminate/Database/Connection->runQueryCallback()
#1 C:/Users/MSI/Desktop/projet cote serveur/stock-management/vendor/laravel/framework/src/Illuminate/Database/Connection.php(411): Illuminate/Database/Connection->run()
#2 C:/Users/MSI/Desktop/projet cote serveur/stock-management/vendor/laravel/framework/src/Illuminate/Database/Query/Builder.php(3505): Illuminate/Database/Connection->select()
#3 C:/Users/MSI/Desktop/projet cote serveur/stock-management/vendor/laravel/framework/src/Illuminate/Database/Query/Builder.php(3490): Illuminate/Database/Query/Builder->runSelect()
#4 C:/Users/MSI/Desktop/projet cote serveur/stock-management/vendor/laravel/framework/src/Illuminate/Database/Query/Builder.php(4080): Illuminate/Database/Query/Builder->Illuminate/Database/Query/{closure}()
#5 C:/Users/MSI/Desktop/projet cote serveur/stock-management/vendor/laravel/framework/src/Illuminate/Database/Query/Builder.php(3489): Illuminate/Database/Query/Builder->onceWithColumns()
#6 C:/Users/MSI/Desktop/projet cote serveur/stock-management/vendor/laravel/framework/src/Illuminate/Database/Concerns/BuildsQueries.php(366): Illuminate/Database/Query/Builder->get()
#7 C:/Users/MSI/Desktop/projet cote serveur/stock-management/vendor/laravel/framework/src/Illuminate/Database/Query/Builder.php(3412): Illuminate/Database/Query/Builder->first()
#8 C:/Users/MSI/Desktop/projet cote serveur/stock-management/vendor/laravel/framework/src/Illuminate/Session/DatabaseSessionHandler.php(96): Illuminate/Database/Query/Builder->find()
#9 C:/Users/MSI/Desktop/projet cote serveur/stock-management/vendor/laravel/framework/src/Illuminate/Session/Store.php(128): Illuminate/Session/DatabaseSessionHandler->read()
#10 C:/Users/MSI/Desktop/projet cote serveur/stock-management/vendor/laravel/framework/src/Illuminate/Session/Store.php(116): Illuminate/Session/Store->readFromHandler()
#11 C:/Users/MSI/Desktop/projet cote serveur/stock-management/vendor/laravel/framework/src/Illuminate/Session/Store.php(100): Illuminate/Session/Store->loadSession()
#12 C:/Users/MSI/Desktop/projet cote serveur/stock-management/vendor/laravel/framework/src/Illuminate/Session/Middleware/StartSession.php(146): Illuminate/Session/Store->start()
#13 C:/Users/MSI/Desktop/projet cote serveur/stock-management/vendor/laravel/framework/src/Illuminate/Support/helpers.php(393): Illuminate/Session/Middleware/StartSession->Illuminate/Session/Middleware/{closure}()
#14 C:/Users/MSI/Desktop/projet cote serveur/stock-management/vendor/laravel/framework/src/Illuminate/Session/Middleware/StartSession.php(143): tap()
#15 C:/Users/MSI/Desktop/projet cote serveur/stock-management/vendor/laravel/framework/src/Illuminate/Session/Middleware/StartSession.php(115): Illuminate/Session/Middleware/StartSession->startSession()
#16 C:/Users/MSI/Desktop/projet cote serveur/stock-management/vendor/laravel/framework/src/Illuminate/Session/Middleware/StartSession.php(63): Illuminate/Session/Middleware/StartSession->handleStatefulRequest()
#17 C:/Users/MSI/Desktop/projet cote serveur/stock-management/vendor/laravel/framework/src/Illuminate/Pipeline/Pipeline.php(219): Illuminate/Session/Middleware/StartSession->handle()
#18 C:/Users/MSI/Desktop/projet cote serveur/stock-management/vendor/laravel/framework/src/Illuminate/Cookie/Middleware/AddQueuedCookiesToResponse.php(36): Illuminate/Pipeline/Pipeline->Illuminate/Pipeline/{closure}()
#19 C:/Users/MSI/Desktop/projet cote serveur/stock-management/vendor/laravel/framework/src/Illuminate/Pipeline/Pipeline.php(219): Illuminate/Cookie/Middleware/AddQueuedCookiesToResponse->handle()
#20 C:/Users/MSI/Desktop/projet cote serveur/stock-management/vendor/laravel/framework/src/Illuminate/Cookie/Middleware/EncryptCookies.php(74): Illuminate/Pipeline/Pipeline->Illuminate/Pipeline/{closure}()
#21 C:/Users/MSI/Desktop/projet cote serveur/stock-management/vendor/laravel/framework/src/Illuminate/Pipeline/Pipeline.php(219): Illuminate/Cookie/Middleware/EncryptCookies->handle()
#22 C:/Users/MSI/Desktop/projet cote serveur/stock-management/vendor/laravel/framework/src/Illuminate/Pipeline/Pipeline.php(137): Illuminate/Pipeline/Pipeline->Illuminate/Pipeline/{closure}()
#23 C:/Users/MSI/Desktop/projet cote serveur/stock-management/vendor/laravel/framework/src/Illuminate/Routing/Router.php(821): Illuminate/Pipeline/Pipeline->then()
#24 C:/Users/MSI/Desktop/projet cote serveur/stock-management/vendor/laravel/framework/src/Illuminate/Routing/Router.php(800): Illuminate/Routing/Router->runRouteWithinStack()
#25 C:/Users/MSI/Desktop/projet cote serveur/stock-management/vendor/laravel/framework/src/Illuminate/Routing/Router.php(764): Illuminate/Routing/Router->runRoute()
#26 C:/Users/MSI/Desktop/projet cote serveur/stock-management/vendor/laravel/framework/src/Illuminate/Routing/Router.php(753): Illuminate/Routing/Router->dispatchToRoute()
#27 C:/Users/MSI/Desktop/projet cote serveur/stock-management/vendor/laravel/framework/src/Illuminate/Foundation/Http/Kernel.php(200): Illuminate/Routing/Router->dispatch()
#28 C:/Users/MSI/Desktop/projet cote serveur/stock-management/vendor/laravel/framework/src/Illuminate/Pipeline/Pipeline.php(180): Illuminate/Foundation/Http/Kernel->Illuminate/Foundation/Http/{closure}()
#29 C:/Users/MSI/Desktop/projet cote serveur/stock-management/vendor/laravel/framework/src/Illuminate/Foundation/Http/Middleware/TransformsRequest.php(21): Illuminate/Pipeline/Pipeline->Illuminate/Pipeline/{closure}()
#30 C:/Users/MSI/Desktop/projet cote serveur/stock-management/vendor/laravel/framework/src/Illuminate/Foundation/Http/Middleware/ConvertEmptyStringsToNull.php(31): Illuminate/Foundation/Http/Middleware/TransformsRequest->handle()
#31 C:/Users/MSI/Desktop/projet cote serveur/stock-management/vendor/laravel/framework/src/Illuminate/Pipeline/Pipeline.php(219): Illuminate/Foundation/Http/Middleware/ConvertEmptyStringsToNull->handle()
#32 C:/Users/MSI/Desktop/projet cote serveur/stock-management/vendor/laravel/framework/src/Illuminate/Foundation/Http/Middleware/TransformsRequest.php(21): Illuminate/Pipeline/Pipeline->Illuminate/Pipeline/{closure}()
#33 C:/Users/MSI/Desktop/projet cote serveur/stock-management/vendor/laravel/framework/src/Illuminate/Foundation/Http/Middleware/TrimStrings.php(51): Illuminate/Foundation/Http/Middleware/TransformsRequest->handle()
#34 C:/Users/MSI/Desktop/projet cote serveur/stock-management/vendor/laravel/framework/src/Illuminate/Pipeline/Pipeline.php(219): Illuminate/Foundation/Http/Middleware/TrimStrings->handle()
#35 C:/Users/MSI/Desktop/projet cote serveur/stock-management/vendor/laravel/framework/src/Illuminate/Http/Middleware/ValidatePostSize.php(27): Illuminate/Pipeline/Pipeline->Illuminate/Pipeline/{closure}()
#36 C:/Users/MSI/Desktop/projet cote serveur/stock-management/vendor/laravel/framework/src/Illuminate/Pipeline/Pipeline.php(219): Illuminate/Http/Middleware/ValidatePostSize->handle()
#37 C:/Users/MSI/Desktop/projet cote serveur/stock-management/vendor/laravel/framework/src/Illuminate/Foundation/Http/Middleware/PreventRequestsDuringMaintenance.php(109): Illuminate/Pipeline/Pipeline->Illuminate/Pipeline/{closure}()
#38 C:/Users/MSI/Desktop/projet cote serveur/stock-management/vendor/laravel/framework/src/Illuminate/Pipeline/Pipeline.php(219): Illuminate/Foundation/Http/Middleware/PreventRequestsDuringMaintenance->handle()
#39 C:/Users/MSI/Desktop/projet cote serveur/stock-management/vendor/laravel/framework/src/Illuminate/Http/Middleware/HandleCors.php(61): Illuminate/Pipeline/Pipeline->Illuminate/Pipeline/{closure}()
#40 C:/Users/MSI/Desktop/projet cote serveur/stock-management/vendor/laravel/framework/src/Illuminate/Pipeline/Pipeline.php(219): Illuminate/Http/Middleware/HandleCors->handle()
#41 C:/Users/MSI/Desktop/projet cote serveur/stock-management/vendor/laravel/framework/src/Illuminate/Http/Middleware/TrustProxies.php(58): Illuminate/Pipeline/Pipeline->Illuminate/Pipeline/{closure}()
#42 C:/Users/MSI/Desktop/projet cote serveur/stock-management/vendor/laravel/framework/src/Illuminate/Pipeline/Pipeline.php(219): Illuminate/Http/Middleware/TrustProxies->handle()
#43 C:/Users/MSI/Desktop/projet cote serveur/stock-management/vendor/laravel/framework/src/Illuminate/Foundation/Http/Middleware/InvokeDeferredCallbacks.php(22): Illuminate/Pipeline/Pipeline->Illuminate/Pipeline/{closure}()
#44 C:/Users/MSI/Desktop/projet cote serveur/stock-management/vendor/laravel/framework/src/Illuminate/Pipeline/Pipeline.php(219): Illuminate/Foundation/Http/Middleware/InvokeDeferredCallbacks->handle()
#45 C:/Users/MSI/Desktop/projet cote serveur/stock-management/vendor/laravel/framework/src/Illuminate/Http/Middleware/ValidatePathEncoding.php(26): Illuminate/Pipeline/Pipeline->Illuminate/Pipeline/{closure}()
#46 C:/Users/MSI/Desktop/projet cote serveur/stock-management/vendor/laravel/framework/src/Illuminate/Pipeline/Pipeline.php(219): Illuminate/Http/Middleware/ValidatePathEncoding->handle()
#47 C:/Users/MSI/Desktop/projet cote serveur/stock-management/vendor/laravel/framework/src/Illuminate/Pipeline/Pipeline.php(137): Illuminate/Pipeline/Pipeline->Illuminate/Pipeline/{closure}()
#48 C:/Users/MSI/Desktop/projet cote serveur/stock-management/vendor/laravel/framework/src/Illuminate/Foundation/Http/Kernel.php(175): Illuminate/Pipeline/Pipeline->then()
#49 C:/Users/MSI/Desktop/projet cote serveur/stock-management/vendor/laravel/framework/src/Illuminate/Foundation/Http/Kernel.php(144): Illuminate/Foundation/Http/Kernel->sendRequestThroughRouter()
#50 C:/Users/MSI/Desktop/projet cote serveur/stock-management/vendor/laravel/framework/src/Illuminate/Foundation/Application.php(1220): Illuminate/Foundation/Http/Kernel->handle()
#51 C:/Users/MSI/Desktop/projet cote serveur/stock-management/public/index.php(17): Illuminate/Foundation/Application->handleRequest()
#52 C:/Users/MSI/Desktop/projet cote serveur/stock-management/vendor/laravel/framework/src/Illuminate/Foundation/resources/server.php(23): require_once('...')
#53 {main}

[previous exception] [object] (PDOException(code: 7): SQLSTATE[08006] [7] FATAL:  authentification par mot de passe �chou�e pour l'utilisateur  � postgres � at C:/Users/MSI/Desktop/projet cote serveur/stock-management/vendor/laravel/framework/src/Illuminate/Database/Connectors/Connector.php:66)
[stacktrace]
#0 C:/Users/MSI/Desktop/projet cote serveur/stock-management/vendor/laravel/framework/src/Illuminate/Database/Connectors/Connector.php(66): PDO->__construct()
#1 C:/Users/MSI/Desktop/projet cote serveur/stock-management/vendor/laravel/framework/src/Illuminate/Database/Connectors/Connector.php(44): Illuminate/Database/Connectors/Connector->createPdoConnection()
#2 C:/Users/MSI/Desktop/projet cote serveur/stock-management/vendor/laravel/framework/src/Illuminate/Database/Connectors/PostgresConnector.php(35): Illuminate/Database/Connectors/Connector->createConnection()
#3 C:/Users/MSI/Desktop/projet cote serveur/stock-management/vendor/laravel/framework/src/Illuminate/Database/Connectors/ConnectionFactory.php(186): Illuminate/Database/Connectors/PostgresConnector->connect()
#4 [internal function]: Illuminate/Database/Connectors/ConnectionFactory->Illuminate/Database/Connectors/{closure}()
#5 C:/Users/MSI/Desktop/projet cote serveur/stock-management/vendor/laravel/framework/src/Illuminate/Database/Connection.php(1257): call_user_func()
#6 C:/Users/MSI/Desktop/projet cote serveur/stock-management/vendor/laravel/framework/src/Illuminate/Database/Connection.php(525): Illuminate/Database/Connection->getPdo()
#7 C:/Users/MSI/Desktop/projet cote serveur/stock-management/vendor/laravel/framework/src/Illuminate/Database/Connection.php(420): Illuminate/Database/Connection->getPdoForSelect()
#8 C:/Users/MSI/Desktop/projet cote serveur/stock-management/vendor/laravel/framework/src/Illuminate/Database/Connection.php(827): Illuminate/Database/Connection->Illuminate/Database/{closure}()
#9 C:/Users/MSI/Desktop/projet cote serveur/stock-management/vendor/laravel/framework/src/Illuminate/Database/Connection.php(794): Illuminate/Database/Connection->runQueryCallback()
#10 C:/Users/MSI/Desktop/projet cote serveur/stock-management/vendor/laravel/framework/src/Illuminate/Database/Connection.php(411): Illuminate/Database/Connection->run()
#11 C:/Users/MSI/Desktop/projet cote serveur/stock-management/vendor/laravel/framework/src/Illuminate/Database/Query/Builder.php(3505): Illuminate/Database/Connection->select()
#12 C:/Users/MSI/Desktop/projet cote serveur/stock-management/vendor/laravel/framework/src/Illuminate/Database/Query/Builder.php(3490): Illuminate/Database/Query/Builder->runSelect()
#13 C:/Users/MSI/Desktop/projet cote serveur/stock-management/vendor/laravel/framework/src/Illuminate/Database/Query/Builder.php(4080): Illuminate/Database/Query/Builder->Illuminate/Database/Query/{closure}()
#14 C:/Users/MSI/Desktop/projet cote serveur/stock-management/vendor/laravel/framework/src/Illuminate/Database/Query/Builder.php(3489): Illuminate/Database/Query/Builder->onceWithColumns()
#15 C:/Users/MSI/Desktop/projet cote serveur/stock-management/vendor/laravel/framework/src/Illuminate/Database/Concerns/BuildsQueries.php(366): Illuminate/Database/Query/Builder->get()
#16 C:/Users/MSI/Desktop/projet cote serveur/stock-management/vendor/laravel/framework/src/Illuminate/Database/Query/Builder.php(3412): Illuminate/Database/Query/Builder->first()
#17 C:/Users/MSI/Desktop/projet cote serveur/stock-management/vendor/laravel/framework/src/Illuminate/Session/DatabaseSessionHandler.php(96): Illuminate/Database/Query/Builder->find()
#18 C:/Users/MSI/Desktop/projet cote serveur/stock-management/vendor/laravel/framework/src/Illuminate/Session/Store.php(128): Illuminate/Session/DatabaseSessionHandler->read()
#19 C:/Users/MSI/Desktop/projet cote serveur/stock-management/vendor/laravel/framework/src/Illuminate/Session/Store.php(116): Illuminate/Session/Store->readFromHandler()
#20 C:/Users/MSI/Desktop/projet cote serveur/stock-management/vendor/laravel/framework/src/Illuminate/Session/Store.php(100): Illuminate/Session/Store->loadSession()
#21 C:/Users/MSI/Desktop/projet cote serveur/stock-management/vendor/laravel/framework/src/Illuminate/Session/Middleware/StartSession.php(146): Illuminate/Session/Store->start()
#22 C:/Users/MSI/Desktop/projet cote serveur/stock-management/vendor/laravel/framework/src/Illuminate/Support/helpers.php(393): Illuminate/Session/Middleware/StartSession->Illuminate/Session/Middleware/{closure}()
#23 C:/Users/MSI/Desktop/projet cote serveur/stock-management/vendor/laravel/framework/src/Illuminate/Session/Middleware/StartSession.php(143): tap()
#24 C:/Users/MSI/Desktop/projet cote serveur/stock-management/vendor/laravel/framework/src/Illuminate/Session/Middleware/StartSession.php(115): Illuminate/Session/Middleware/StartSession->startSession()
#25 C:/Users/MSI/Desktop/projet cote serveur/stock-management/vendor/laravel/framework/src/Illuminate/Session/Middleware/StartSession.php(63): Illuminate/Session/Middleware/StartSession->handleStatefulRequest()
#26 C:/Users/MSI/Desktop/projet cote serveur/stock-management/vendor/laravel/framework/src/Illuminate/Pipeline/Pipeline.php(219): Illuminate/Session/Middleware/StartSession->handle()
#27 C:/Users/MSI/Desktop/projet cote serveur/stock-management/vendor/laravel/framework/src/Illuminate/Cookie/Middleware/AddQueuedCookiesToResponse.php(36): Illuminate/Pipeline/Pipeline->Illuminate/Pipeline/{closure}()
#28 C:/Users/MSI/Desktop/projet cote serveur/stock-management/vendor/laravel/framework/src/Illuminate/Pipeline/Pipeline.php(219): Illuminate/Cookie/Middleware/AddQueuedCookiesToResponse->handle()
#29 C:/Users/MSI/Desktop/projet cote serveur/stock-management/vendor/laravel/framework/src/Illuminate/Cookie/Middleware/EncryptCookies.php(74): Illuminate/Pipeline/Pipeline->Illuminate/Pipeline/{closure}()
#30 C:/Users/MSI/Desktop/projet cote serveur/stock-management/vendor/laravel/framework/src/Illuminate/Pipeline/Pipeline.php(219): Illuminate/Cookie/Middleware/EncryptCookies->handle()
#31 C:/Users/MSI/Desktop/projet cote serveur/stock-management/vendor/laravel/framework/src/Illuminate/Pipeline/Pipeline.php(137): Illuminate/Pipeline/Pipeline->Illuminate/Pipeline/{closure}()
#32 C:/Users/MSI/Desktop/projet cote serveur/stock-management/vendor/laravel/framework/src/Illuminate/Routing/Router.php(821): Illuminate/Pipeline/Pipeline->then()
#33 C:/Users/MSI/Desktop/projet cote serveur/stock-management/vendor/laravel/framework/src/Illuminate/Routing/Router.php(800): Illuminate/Routing/Router->runRouteWithinStack()
#34 C:/Users/MSI/Desktop/projet cote serveur/stock-management/vendor/laravel/framework/src/Illuminate/Routing/Router.php(764): Illuminate/Routing/Router->runRoute()
#35 C:/Users/MSI/Desktop/projet cote serveur/stock-management/vendor/laravel/framework/src/Illuminate/Routing/Router.php(753): Illuminate/Routing/Router->dispatchToRoute()
#36 C:/Users/MSI/Desktop/projet cote serveur/stock-management/vendor/laravel/framework/src/Illuminate/Foundation/Http/Kernel.php(200): Illuminate/Routing/Router->dispatch()
#37 C:/Users/MSI/Desktop/projet cote serveur/stock-management/vendor/laravel/framework/src/Illuminate/Pipeline/Pipeline.php(180): Illuminate/Foundation/Http/Kernel->Illuminate/Foundation/Http/{closure}()
#38 C:/Users/MSI/Desktop/projet cote serveur/stock-management/vendor/laravel/framework/src/Illuminate/Foundation/Http/Middleware/TransformsRequest.php(21): Illuminate/Pipeline/Pipeline->Illuminate/Pipeline/{closure}()
#39 C:/Users/MSI/Desktop/projet cote serveur/stock-management/vendor/laravel/framework/src/Illuminate/Foundation/Http/Middleware/ConvertEmptyStringsToNull.php(31): Illuminate/Foundation/Http/Middleware/TransformsRequest->handle()
#40 C:/Users/MSI/Desktop/projet cote serveur/stock-management/vendor/laravel/framework/src/Illuminate/Pipeline/Pipeline.php(219): Illuminate/Foundation/Http/Middleware/ConvertEmptyStringsToNull->handle()
#41 C:/Users/MSI/Desktop/projet cote serveur/stock-management/vendor/laravel/framework/src/Illuminate/Foundation/Http/Middleware/TransformsRequest.php(21): Illuminate/Pipeline/Pipeline->Illuminate/Pipeline/{closure}()
#42 C:/Users/MSI/Desktop/projet cote serveur/stock-management/vendor/laravel/framework/src/Illuminate/Foundation/Http/Middleware/TrimStrings.php(51): Illuminate/Foundation/Http/Middleware/TransformsRequest->handle()
#43 C:/Users/MSI/Desktop/projet cote serveur/stock-management/vendor/laravel/framework/src/Illuminate/Pipeline/Pipeline.php(219): Illuminate/Foundation/Http/Middleware/TrimStrings->handle()
#44 C:/Users/MSI/Desktop/projet cote serveur/stock-management/vendor/laravel/framework/src/Illuminate/Http/Middleware/ValidatePostSize.php(27): Illuminate/Pipeline/Pipeline->Illuminate/Pipeline/{closure}()
#45 C:/Users/MSI/Desktop/projet cote serveur/stock-management/vendor/laravel/framework/src/Illuminate/Pipeline/Pipeline.php(219): Illuminate/Http/Middleware/ValidatePostSize->handle()
#46 C:/Users/MSI/Desktop/projet cote serveur/stock-management/vendor/laravel/framework/src/Illuminate/Foundation/Http/Middleware/PreventRequestsDuringMaintenance.php(109): Illuminate/Pipeline/Pipeline->Illuminate/Pipeline/{closure}()
#47 C:/Users/MSI/Desktop/projet cote serveur/stock-management/vendor/laravel/framework/src/Illuminate/Pipeline/Pipeline.php(219): Illuminate/Foundation/Http/Middleware/PreventRequestsDuringMaintenance->handle()
#48 C:/Users/MSI/Desktop/projet cote serveur/stock-management/vendor/laravel/framework/src/Illuminate/Http/Middleware/HandleCors.php(61): Illuminate/Pipeline/Pipeline->Illuminate/Pipeline/{closure}()
#49 C:/Users/MSI/Desktop/projet cote serveur/stock-management/vendor/laravel/framework/src/Illuminate/Pipeline/Pipeline.php(219): Illuminate/Http/Middleware/HandleCors->handle()
#50 C:/Users/MSI/Desktop/projet cote serveur/stock-management/vendor/laravel/framework/src/Illuminate/Http/Middleware/TrustProxies.php(58): Illuminate/Pipeline/Pipeline->Illuminate/Pipeline/{closure}()
#51 C:/Users/MSI/Desktop/projet cote serveur/stock-management/vendor/laravel/framework/src/Illuminate/Pipeline/Pipeline.php(219): Illuminate/Http/Middleware/TrustProxies->handle()
#52 C:/Users/MSI/Desktop/projet cote serveur/stock-management/vendor/laravel/framework/src/Illuminate/Foundation/Http/Middleware/InvokeDeferredCallbacks.php(22): Illuminate/Pipeline/Pipeline->Illuminate/Pipeline/{closure}()
#53 C:/Users/MSI/Desktop/projet cote serveur/stock-management/vendor/laravel/framework/src/Illuminate/Pipeline/Pipeline.php(219): Illuminate/Foundation/Http/Middleware/InvokeDeferredCallbacks->handle()
#54 C:/Users/MSI/Desktop/projet cote serveur/stock-management/vendor/laravel/framework/src/Illuminate/Http/Middleware/ValidatePathEncoding.php(26): Illuminate/Pipeline/Pipeline->Illuminate/Pipeline/{closure}()
#55 C:/Users/MSI/Desktop/projet cote serveur/stock-management/vendor/laravel/framework/src/Illuminate/Pipeline/Pipeline.php(219): Illuminate/Http/Middleware/ValidatePathEncoding->handle()
#56 C:/Users/MSI/Desktop/projet cote serveur/stock-management/vendor/laravel/framework/src/Illuminate/Pipeline/Pipeline.php(137): Illuminate/Pipeline/Pipeline->Illuminate/Pipeline/{closure}()
#57 C:/Users/MSI/Desktop/projet cote serveur/stock-management/vendor/laravel/framework/src/Illuminate/Foundation/Http/Kernel.php(175): Illuminate/Pipeline/Pipeline->then()
#58 C:/Users/MSI/Desktop/projet cote serveur/stock-management/vendor/laravel/framework/src/Illuminate/Foundation/Http/Kernel.php(144): Illuminate/Foundation/Http/Kernel->sendRequestThroughRouter()
#59 C:/Users/MSI/Desktop/projet cote serveur/stock-management/vendor/laravel/framework/src/Illuminate/Foundation/Application.php(1220): Illuminate/Foundation/Http/Kernel->handle()
#60 C:/Users/MSI/Desktop/projet cote serveur/stock-management/public/index.php(17): Illuminate/Foundation/Application->handleRequest()
#61 C:/Users/MSI/Desktop/projet cote serveur/stock-management/vendor/laravel/framework/src/Illuminate/Foundation/resources/server.php(23): require_once('...')
#62 {main}
"} 
[2026-04-29 20:20:06] local.ERROR: SQLSTATE[08006] [7] FATAL:  authentification par mot de passe �chou�e pour l'utilisateur  � postgres � (Connection: pgsql, Host: 127.0.0.1, Port: 5432, Database: stock_management, SQL: select * from "sessions" where "id" = G9gMrPyEjYx2KL9E1qLENPT1ig8VMdXMlacEuJpN limit 1) {"exception":"[object] (Illuminate\\Database\\QueryException(code: 7): SQLSTATE[08006] [7] FATAL:  authentification par mot de passe �chou�e pour l'utilisateur  � postgres � (Connection: pgsql, Host: 127.0.0.1, Port: 5432, Database: stock_management, SQL: select * from \"sessions\" where \"id\" = G9gMrPyEjYx2KL9E1qLENPT1ig8VMdXMlacEuJpN limit 1) at C:/Users/MSI/Desktop/projet cote serveur/stock-management/vendor/laravel/framework/src/Illuminate/Database/Connection.php:838)
[stacktrace]
#0 C:/Users/MSI/Desktop/projet cote serveur/stock-management/vendor/laravel/framework/src/Illuminate/Database/Connection.php(794): Illuminate/Database/Connection->runQueryCallback()
#1 C:/Users/MSI/Desktop/projet cote serveur/stock-management/vendor/laravel/framework/src/Illuminate/Database/Connection.php(411): Illuminate/Database/Connection->run()
#2 C:/Users/MSI/Desktop/projet cote serveur/stock-management/vendor/laravel/framework/src/Illuminate/Database/Query/Builder.php(3505): Illuminate/Database/Connection->select()
#3 C:/Users/MSI/Desktop/projet cote serveur/stock-management/vendor/laravel/framework/src/Illuminate/Database/Query/Builder.php(3490): Illuminate/Database/Query/Builder->runSelect()
#4 C:/Users/MSI/Desktop/projet cote serveur/stock-management/vendor/laravel/framework/src/Illuminate/Database/Query/Builder.php(4080): Illuminate/Database/Query/Builder->Illuminate/Database/Query/{closure}()
#5 C:/Users/MSI/Desktop/projet cote serveur/stock-management/vendor/laravel/framework/src/Illuminate/Database/Query/Builder.php(3489): Illuminate/Database/Query/Builder->onceWithColumns()
#6 C:/Users/MSI/Desktop/projet cote serveur/stock-management/vendor/laravel/framework/src/Illuminate/Database/Concerns/BuildsQueries.php(366): Illuminate/Database/Query/Builder->get()
#7 C:/Users/MSI/Desktop/projet cote serveur/stock-management/vendor/laravel/framework/src/Illuminate/Database/Query/Builder.php(3412): Illuminate/Database/Query/Builder->first()
#8 C:/Users/MSI/Desktop/projet cote serveur/stock-management/vendor/laravel/framework/src/Illuminate/Session/DatabaseSessionHandler.php(96): Illuminate/Database/Query/Builder->find()
#9 C:/Users/MSI/Desktop/projet cote serveur/stock-management/vendor/laravel/framework/src/Illuminate/Session/Store.php(128): Illuminate/Session/DatabaseSessionHandler->read()
#10 C:/Users/MSI/Desktop/projet cote serveur/stock-management/vendor/laravel/framework/src/Illuminate/Session/Store.php(116): Illuminate/Session/Store->readFromHandler()
#11 C:/Users/MSI/Desktop/projet cote serveur/stock-management/vendor/laravel/framework/src/Illuminate/Session/Store.php(100): Illuminate/Session/Store->loadSession()
#12 C:/Users/MSI/Desktop/projet cote serveur/stock-management/vendor/laravel/framework/src/Illuminate/Session/Middleware/StartSession.php(146): Illuminate/Session/Store->start()
#13 C:/Users/MSI/Desktop/projet cote serveur/stock-management/vendor/laravel/framework/src/Illuminate/Support/helpers.php(393): Illuminate/Session/Middleware/StartSession->Illuminate/Session/Middleware/{closure}()
#14 C:/Users/MSI/Desktop/projet cote serveur/stock-management/vendor/laravel/framework/src/Illuminate/Session/Middleware/StartSession.php(143): tap()
#15 C:/Users/MSI/Desktop/projet cote serveur/stock-management/vendor/laravel/framework/src/Illuminate/Session/Middleware/StartSession.php(115): Illuminate/Session/Middleware/StartSession->startSession()
#16 C:/Users/MSI/Desktop/projet cote serveur/stock-management/vendor/laravel/framework/src/Illuminate/Session/Middleware/StartSession.php(63): Illuminate/Session/Middleware/StartSession->handleStatefulRequest()
#17 C:/Users/MSI/Desktop/projet cote serveur/stock-management/vendor/laravel/framework/src/Illuminate/Pipeline/Pipeline.php(219): Illuminate/Session/Middleware/StartSession->handle()
#18 C:/Users/MSI/Desktop/projet cote serveur/stock-management/vendor/laravel/framework/src/Illuminate/Cookie/Middleware/AddQueuedCookiesToResponse.php(36): Illuminate/Pipeline/Pipeline->Illuminate/Pipeline/{closure}()
#19 C:/Users/MSI/Desktop/projet cote serveur/stock-management/vendor/laravel/framework/src/Illuminate/Pipeline/Pipeline.php(219): Illuminate/Cookie/Middleware/AddQueuedCookiesToResponse->handle()
#20 C:/Users/MSI/Desktop/projet cote serveur/stock-management/vendor/laravel/framework/src/Illuminate/Cookie/Middleware/EncryptCookies.php(74): Illuminate/Pipeline/Pipeline->Illuminate/Pipeline/{closure}()
#21 C:/Users/MSI/Desktop/projet cote serveur/stock-management/vendor/laravel/framework/src/Illuminate/Pipeline/Pipeline.php(219): Illuminate/Cookie/Middleware/EncryptCookies->handle()
#22 C:/Users/MSI/Desktop/projet cote serveur/stock-management/vendor/laravel/framework/src/Illuminate/Pipeline/Pipeline.php(137): Illuminate/Pipeline/Pipeline->Illuminate/Pipeline/{closure}()
#23 C:/Users/MSI/Desktop/projet cote serveur/stock-management/vendor/laravel/framework/src/Illuminate/Routing/Router.php(821): Illuminate/Pipeline/Pipeline->then()
#24 C:/Users/MSI/Desktop/projet cote serveur/stock-management/vendor/laravel/framework/src/Illuminate/Routing/Router.php(800): Illuminate/Routing/Router->runRouteWithinStack()
#25 C:/Users/MSI/Desktop/projet cote serveur/stock-management/vendor/laravel/framework/src/Illuminate/Routing/Router.php(764): Illuminate/Routing/Router->runRoute()
#26 C:/Users/MSI/Desktop/projet cote serveur/stock-management/vendor/laravel/framework/src/Illuminate/Routing/Router.php(753): Illuminate/Routing/Router->dispatchToRoute()
#27 C:/Users/MSI/Desktop/projet cote serveur/stock-management/vendor/laravel/framework/src/Illuminate/Foundation/Http/Kernel.php(200): Illuminate/Routing/Router->dispatch()
#28 C:/Users/MSI/Desktop/projet cote serveur/stock-management/vendor/laravel/framework/src/Illuminate/Pipeline/Pipeline.php(180): Illuminate/Foundation/Http/Kernel->Illuminate/Foundation/Http/{closure}()
#29 C:/Users/MSI/Desktop/projet cote serveur/stock-management/vendor/laravel/framework/src/Illuminate/Foundation/Http/Middleware/TransformsRequest.php(21): Illuminate/Pipeline/Pipeline->Illuminate/Pipeline/{closure}()
#30 C:/Users/MSI/Desktop/projet cote serveur/stock-management/vendor/laravel/framework/src/Illuminate/Foundation/Http/Middleware/ConvertEmptyStringsToNull.php(31): Illuminate/Foundation/Http/Middleware/TransformsRequest->handle()
#31 C:/Users/MSI/Desktop/projet cote serveur/stock-management/vendor/laravel/framework/src/Illuminate/Pipeline/Pipeline.php(219): Illuminate/Foundation/Http/Middleware/ConvertEmptyStringsToNull->handle()
#32 C:/Users/MSI/Desktop/projet cote serveur/stock-management/vendor/laravel/framework/src/Illuminate/Foundation/Http/Middleware/TransformsRequest.php(21): Illuminate/Pipeline/Pipeline->Illuminate/Pipeline/{closure}()
#33 C:/Users/MSI/Desktop/projet cote serveur/stock-management/vendor/laravel/framework/src/Illuminate/Foundation/Http/Middleware/TrimStrings.php(51): Illuminate/Foundation/Http/Middleware/TransformsRequest->handle()
#34 C:/Users/MSI/Desktop/projet cote serveur/stock-management/vendor/laravel/framework/src/Illuminate/Pipeline/Pipeline.php(219): Illuminate/Foundation/Http/Middleware/TrimStrings->handle()
#35 C:/Users/MSI/Desktop/projet cote serveur/stock-management/vendor/laravel/framework/src/Illuminate/Http/Middleware/ValidatePostSize.php(27): Illuminate/Pipeline/Pipeline->Illuminate/Pipeline/{closure}()
#36 C:/Users/MSI/Desktop/projet cote serveur/stock-management/vendor/laravel/framework/src/Illuminate/Pipeline/Pipeline.php(219): Illuminate/Http/Middleware/ValidatePostSize->handle()
#37 C:/Users/MSI/Desktop/projet cote serveur/stock-management/vendor/laravel/framework/src/Illuminate/Foundation/Http/Middleware/PreventRequestsDuringMaintenance.php(109): Illuminate/Pipeline/Pipeline->Illuminate/Pipeline/{closure}()
#38 C:/Users/MSI/Desktop/projet cote serveur/stock-management/vendor/laravel/framework/src/Illuminate/Pipeline/Pipeline.php(219): Illuminate/Foundation/Http/Middleware/PreventRequestsDuringMaintenance->handle()
#39 C:/Users/MSI/Desktop/projet cote serveur/stock-management/vendor/laravel/framework/src/Illuminate/Http/Middleware/HandleCors.php(61): Illuminate/Pipeline/Pipeline->Illuminate/Pipeline/{closure}()
#40 C:/Users/MSI/Desktop/projet cote serveur/stock-management/vendor/laravel/framework/src/Illuminate/Pipeline/Pipeline.php(219): Illuminate/Http/Middleware/HandleCors->handle()
#41 C:/Users/MSI/Desktop/projet cote serveur/stock-management/vendor/laravel/framework/src/Illuminate/Http/Middleware/TrustProxies.php(58): Illuminate/Pipeline/Pipeline->Illuminate/Pipeline/{closure}()
#42 C:/Users/MSI/Desktop/projet cote serveur/stock-management/vendor/laravel/framework/src/Illuminate/Pipeline/Pipeline.php(219): Illuminate/Http/Middleware/TrustProxies->handle()
#43 C:/Users/MSI/Desktop/projet cote serveur/stock-management/vendor/laravel/framework/src/Illuminate/Foundation/Http/Middleware/InvokeDeferredCallbacks.php(22): Illuminate/Pipeline/Pipeline->Illuminate/Pipeline/{closure}()
#44 C:/Users/MSI/Desktop/projet cote serveur/stock-management/vendor/laravel/framework/src/Illuminate/Pipeline/Pipeline.php(219): Illuminate/Foundation/Http/Middleware/InvokeDeferredCallbacks->handle()
#45 C:/Users/MSI/Desktop/projet cote serveur/stock-management/vendor/laravel/framework/src/Illuminate/Http/Middleware/ValidatePathEncoding.php(26): Illuminate/Pipeline/Pipeline->Illuminate/Pipeline/{closure}()
#46 C:/Users/MSI/Desktop/projet cote serveur/stock-management/vendor/laravel/framework/src/Illuminate/Pipeline/Pipeline.php(219): Illuminate/Http/Middleware/ValidatePathEncoding->handle()
#47 C:/Users/MSI/Desktop/projet cote serveur/stock-management/vendor/laravel/framework/src/Illuminate/Pipeline/Pipeline.php(137): Illuminate/Pipeline/Pipeline->Illuminate/Pipeline/{closure}()
#48 C:/Users/MSI/Desktop/projet cote serveur/stock-management/vendor/laravel/framework/src/Illuminate/Foundation/Http/Kernel.php(175): Illuminate/Pipeline/Pipeline->then()
#49 C:/Users/MSI/Desktop/projet cote serveur/stock-management/vendor/laravel/framework/src/Illuminate/Foundation/Http/Kernel.php(144): Illuminate/Foundation/Http/Kernel->sendRequestThroughRouter()
#50 C:/Users/MSI/Desktop/projet cote serveur/stock-management/vendor/laravel/framework/src/Illuminate/Foundation/Application.php(1220): Illuminate/Foundation/Http/Kernel->handle()
#51 C:/Users/MSI/Desktop/projet cote serveur/stock-management/public/index.php(17): Illuminate/Foundation/Application->handleRequest()
#52 C:/Users/MSI/Desktop/projet cote serveur/stock-management/vendor/laravel/framework/src/Illuminate/Foundation/resources/server.php(23): require_once('...')
#53 {main}

[previous exception] [object] (PDOException(code: 7): SQLSTATE[08006] [7] FATAL:  authentification par mot de passe �chou�e pour l'utilisateur  � postgres � at C:/Users/MSI/Desktop/projet cote serveur/stock-management/vendor/laravel/framework/src/Illuminate/Database/Connectors/Connector.php:66)
[stacktrace]
#0 C:/Users/MSI/Desktop/projet cote serveur/stock-management/vendor/laravel/framework/src/Illuminate/Database/Connectors/Connector.php(66): PDO->__construct()
#1 C:/Users/MSI/Desktop/projet cote serveur/stock-management/vendor/laravel/framework/src/Illuminate/Database/Connectors/Connector.php(44): Illuminate/Database/Connectors/Connector->createPdoConnection()
#2 C:/Users/MSI/Desktop/projet cote serveur/stock-management/vendor/laravel/framework/src/Illuminate/Database/Connectors/PostgresConnector.php(35): Illuminate/Database/Connectors/Connector->createConnection()
#3 C:/Users/MSI/Desktop/projet cote serveur/stock-management/vendor/laravel/framework/src/Illuminate/Database/Connectors/ConnectionFactory.php(186): Illuminate/Database/Connectors/PostgresConnector->connect()
#4 [internal function]: Illuminate/Database/Connectors/ConnectionFactory->Illuminate/Database/Connectors/{closure}()
#5 C:/Users/MSI/Desktop/projet cote serveur/stock-management/vendor/laravel/framework/src/Illuminate/Database/Connection.php(1257): call_user_func()
#6 C:/Users/MSI/Desktop/projet cote serveur/stock-management/vendor/laravel/framework/src/Illuminate/Database/Connection.php(525): Illuminate/Database/Connection->getPdo()
#7 C:/Users/MSI/Desktop/projet cote serveur/stock-management/vendor/laravel/framework/src/Illuminate/Database/Connection.php(420): Illuminate/Database/Connection->getPdoForSelect()
#8 C:/Users/MSI/Desktop/projet cote serveur/stock-management/vendor/laravel/framework/src/Illuminate/Database/Connection.php(827): Illuminate/Database/Connection->Illuminate/Database/{closure}()
#9 C:/Users/MSI/Desktop/projet cote serveur/stock-management/vendor/laravel/framework/src/Illuminate/Database/Connection.php(794): Illuminate/Database/Connection->runQueryCallback()
#10 C:/Users/MSI/Desktop/projet cote serveur/stock-management/vendor/laravel/framework/src/Illuminate/Database/Connection.php(411): Illuminate/Database/Connection->run()
#11 C:/Users/MSI/Desktop/projet cote serveur/stock-management/vendor/laravel/framework/src/Illuminate/Database/Query/Builder.php(3505): Illuminate/Database/Connection->select()
#12 C:/Users/MSI/Desktop/projet cote serveur/stock-management/vendor/laravel/framework/src/Illuminate/Database/Query/Builder.php(3490): Illuminate/Database/Query/Builder->runSelect()
#13 C:/Users/MSI/Desktop/projet cote serveur/stock-management/vendor/laravel/framework/src/Illuminate/Database/Query/Builder.php(4080): Illuminate/Database/Query/Builder->Illuminate/Database/Query/{closure}()
#14 C:/Users/MSI/Desktop/projet cote serveur/stock-management/vendor/laravel/framework/src/Illuminate/Database/Query/Builder.php(3489): Illuminate/Database/Query/Builder->onceWithColumns()
#15 C:/Users/MSI/Desktop/projet cote serveur/stock-management/vendor/laravel/framework/src/Illuminate/Database/Concerns/BuildsQueries.php(366): Illuminate/Database/Query/Builder->get()
#16 C:/Users/MSI/Desktop/projet cote serveur/stock-management/vendor/laravel/framework/src/Illuminate/Database/Query/Builder.php(3412): Illuminate/Database/Query/Builder->first()
#17 C:/Users/MSI/Desktop/projet cote serveur/stock-management/vendor/laravel/framework/src/Illuminate/Session/DatabaseSessionHandler.php(96): Illuminate/Database/Query/Builder->find()
#18 C:/Users/MSI/Desktop/projet cote serveur/stock-management/vendor/laravel/framework/src/Illuminate/Session/Store.php(128): Illuminate/Session/DatabaseSessionHandler->read()
#19 C:/Users/MSI/Desktop/projet cote serveur/stock-management/vendor/laravel/framework/src/Illuminate/Session/Store.php(116): Illuminate/Session/Store->readFromHandler()
#20 C:/Users/MSI/Desktop/projet cote serveur/stock-management/vendor/laravel/framework/src/Illuminate/Session/Store.php(100): Illuminate/Session/Store->loadSession()
#21 C:/Users/MSI/Desktop/projet cote serveur/stock-management/vendor/laravel/framework/src/Illuminate/Session/Middleware/StartSession.php(146): Illuminate/Session/Store->start()
#22 C:/Users/MSI/Desktop/projet cote serveur/stock-management/vendor/laravel/framework/src/Illuminate/Support/helpers.php(393): Illuminate/Session/Middleware/StartSession->Illuminate/Session/Middleware/{closure}()
#23 C:/Users/MSI/Desktop/projet cote serveur/stock-management/vendor/laravel/framework/src/Illuminate/Session/Middleware/StartSession.php(143): tap()
#24 C:/Users/MSI/Desktop/projet cote serveur/stock-management/vendor/laravel/framework/src/Illuminate/Session/Middleware/StartSession.php(115): Illuminate/Session/Middleware/StartSession->startSession()
#25 C:/Users/MSI/Desktop/projet cote serveur/stock-management/vendor/laravel/framework/src/Illuminate/Session/Middleware/StartSession.php(63): Illuminate/Session/Middleware/StartSession->handleStatefulRequest()
#26 C:/Users/MSI/Desktop/projet cote serveur/stock-management/vendor/laravel/framework/src/Illuminate/Pipeline/Pipeline.php(219): Illuminate/Session/Middleware/StartSession->handle()
#27 C:/Users/MSI/Desktop/projet cote serveur/stock-management/vendor/laravel/framework/src/Illuminate/Cookie/Middleware/AddQueuedCookiesToResponse.php(36): Illuminate/Pipeline/Pipeline->Illuminate/Pipeline/{closure}()
#28 C:/Users/MSI/Desktop/projet cote serveur/stock-management/vendor/laravel/framework/src/Illuminate/Pipeline/Pipeline.php(219): Illuminate/Cookie/Middleware/AddQueuedCookiesToResponse->handle()
#29 C:/Users/MSI/Desktop/projet cote serveur/stock-management/vendor/laravel/framework/src/Illuminate/Cookie/Middleware/EncryptCookies.php(74): Illuminate/Pipeline/Pipeline->Illuminate/Pipeline/{closure}()
#30 C:/Users/MSI/Desktop/projet cote serveur/stock-management/vendor/laravel/framework/src/Illuminate/Pipeline/Pipeline.php(219): Illuminate/Cookie/Middleware/EncryptCookies->handle()
#31 C:/Users/MSI/Desktop/projet cote serveur/stock-management/vendor/laravel/framework/src/Illuminate/Pipeline/Pipeline.php(137): Illuminate/Pipeline/Pipeline->Illuminate/Pipeline/{closure}()
#32 C:/Users/MSI/Desktop/projet cote serveur/stock-management/vendor/laravel/framework/src/Illuminate/Routing/Router.php(821): Illuminate/Pipeline/Pipeline->then()
#33 C:/Users/MSI/Desktop/projet cote serveur/stock-management/vendor/laravel/framework/src/Illuminate/Routing/Router.php(800): Illuminate/Routing/Router->runRouteWithinStack()
#34 C:/Users/MSI/Desktop/projet cote serveur/stock-management/vendor/laravel/framework/src/Illuminate/Routing/Router.php(764): Illuminate/Routing/Router->runRoute()
#35 C:/Users/MSI/Desktop/projet cote serveur/stock-management/vendor/laravel/framework/src/Illuminate/Routing/Router.php(753): Illuminate/Routing/Router->dispatchToRoute()
#36 C:/Users/MSI/Desktop/projet cote serveur/stock-management/vendor/laravel/framework/src/Illuminate/Foundation/Http/Kernel.php(200): Illuminate/Routing/Router->dispatch()
#37 C:/Users/MSI/Desktop/projet cote serveur/stock-management/vendor/laravel/framework/src/Illuminate/Pipeline/Pipeline.php(180): Illuminate/Foundation/Http/Kernel->Illuminate/Foundation/Http/{closure}()
#38 C:/Users/MSI/Desktop/projet cote serveur/stock-management/vendor/laravel/framework/src/Illuminate/Foundation/Http/Middleware/TransformsRequest.php(21): Illuminate/Pipeline/Pipeline->Illuminate/Pipeline/{closure}()
#39 C:/Users/MSI/Desktop/projet cote serveur/stock-management/vendor/laravel/framework/src/Illuminate/Foundation/Http/Middleware/ConvertEmptyStringsToNull.php(31): Illuminate/Foundation/Http/Middleware/TransformsRequest->handle()
#40 C:/Users/MSI/Desktop/projet cote serveur/stock-management/vendor/laravel/framework/src/Illuminate/Pipeline/Pipeline.php(219): Illuminate/Foundation/Http/Middleware/ConvertEmptyStringsToNull->handle()
#41 C:/Users/MSI/Desktop/projet cote serveur/stock-management/vendor/laravel/framework/src/Illuminate/Foundation/Http/Middleware/TransformsRequest.php(21): Illuminate/Pipeline/Pipeline->Illuminate/Pipeline/{closure}()
#42 C:/Users/MSI/Desktop/projet cote serveur/stock-management/vendor/laravel/framework/src/Illuminate/Foundation/Http/Middleware/TrimStrings.php(51): Illuminate/Foundation/Http/Middleware/TransformsRequest->handle()
#43 C:/Users/MSI/Desktop/projet cote serveur/stock-management/vendor/laravel/framework/src/Illuminate/Pipeline/Pipeline.php(219): Illuminate/Foundation/Http/Middleware/TrimStrings->handle()
#44 C:/Users/MSI/Desktop/projet cote serveur/stock-management/vendor/laravel/framework/src/Illuminate/Http/Middleware/ValidatePostSize.php(27): Illuminate/Pipeline/Pipeline->Illuminate/Pipeline/{closure}()
#45 C:/Users/MSI/Desktop/projet cote serveur/stock-management/vendor/laravel/framework/src/Illuminate/Pipeline/Pipeline.php(219): Illuminate/Http/Middleware/ValidatePostSize->handle()
#46 C:/Users/MSI/Desktop/projet cote serveur/stock-management/vendor/laravel/framework/src/Illuminate/Foundation/Http/Middleware/PreventRequestsDuringMaintenance.php(109): Illuminate/Pipeline/Pipeline->Illuminate/Pipeline/{closure}()
#47 C:/Users/MSI/Desktop/projet cote serveur/stock-management/vendor/laravel/framework/src/Illuminate/Pipeline/Pipeline.php(219): Illuminate/Foundation/Http/Middleware/PreventRequestsDuringMaintenance->handle()
#48 C:/Users/MSI/Desktop/projet cote serveur/stock-management/vendor/laravel/framework/src/Illuminate/Http/Middleware/HandleCors.php(61): Illuminate/Pipeline/Pipeline->Illuminate/Pipeline/{closure}()
#49 C:/Users/MSI/Desktop/projet cote serveur/stock-management/vendor/laravel/framework/src/Illuminate/Pipeline/Pipeline.php(219): Illuminate/Http/Middleware/HandleCors->handle()
#50 C:/Users/MSI/Desktop/projet cote serveur/stock-management/vendor/laravel/framework/src/Illuminate/Http/Middleware/TrustProxies.php(58): Illuminate/Pipeline/Pipeline->Illuminate/Pipeline/{closure}()
#51 C:/Users/MSI/Desktop/projet cote serveur/stock-management/vendor/laravel/framework/src/Illuminate/Pipeline/Pipeline.php(219): Illuminate/Http/Middleware/TrustProxies->handle()
#52 C:/Users/MSI/Desktop/projet cote serveur/stock-management/vendor/laravel/framework/src/Illuminate/Foundation/Http/Middleware/InvokeDeferredCallbacks.php(22): Illuminate/Pipeline/Pipeline->Illuminate/Pipeline/{closure}()
#53 C:/Users/MSI/Desktop/projet cote serveur/stock-management/vendor/laravel/framework/src/Illuminate/Pipeline/Pipeline.php(219): Illuminate/Foundation/Http/Middleware/InvokeDeferredCallbacks->handle()
#54 C:/Users/MSI/Desktop/projet cote serveur/stock-management/vendor/laravel/framework/src/Illuminate/Http/Middleware/ValidatePathEncoding.php(26): Illuminate/Pipeline/Pipeline->Illuminate/Pipeline/{closure}()
#55 C:/Users/MSI/Desktop/projet cote serveur/stock-management/vendor/laravel/framework/src/Illuminate/Pipeline/Pipeline.php(219): Illuminate/Http/Middleware/ValidatePathEncoding->handle()
#56 C:/Users/MSI/Desktop/projet cote serveur/stock-management/vendor/laravel/framework/src/Illuminate/Pipeline/Pipeline.php(137): Illuminate/Pipeline/Pipeline->Illuminate/Pipeline/{closure}()
#57 C:/Users/MSI/Desktop/projet cote serveur/stock-management/vendor/laravel/framework/src/Illuminate/Foundation/Http/Kernel.php(175): Illuminate/Pipeline/Pipeline->then()
#58 C:/Users/MSI/Desktop/projet cote serveur/stock-management/vendor/laravel/framework/src/Illuminate/Foundation/Http/Kernel.php(144): Illuminate/Foundation/Http/Kernel->sendRequestThroughRouter()
#59 C:/Users/MSI/Desktop/projet cote serveur/stock-management/vendor/laravel/framework/src/Illuminate/Foundation/Application.php(1220): Illuminate/Foundation/Http/Kernel->handle()
#60 C:/Users/MSI/Desktop/projet cote serveur/stock-management/public/index.php(17): Illuminate/Foundation/Application->handleRequest()
#61 C:/Users/MSI/Desktop/projet cote serveur/stock-management/vendor/laravel/framework/src/Illuminate/Foundation/resources/server.php(23): require_once('...')
#62 {main}
"} 
[2026-04-29 20:20:19] local.ERROR: SQLSTATE[08006] [7] FATAL:  authentification par mot de passe �chou�e pour l'utilisateur  � postgres � (Connection: pgsql, Host: 127.0.0.1, Port: 5432, Database: stock_management, SQL: select * from "sessions" where "id" = yedUBmIo4lxJxjD1X78dV8ihRHCxAcvbuMQplxww limit 1) {"exception":"[object] (Illuminate\\Database\\QueryException(code: 7): SQLSTATE[08006] [7] FATAL:  authentification par mot de passe �chou�e pour l'utilisateur  � postgres � (Connection: pgsql, Host: 127.0.0.1, Port: 5432, Database: stock_management, SQL: select * from \"sessions\" where \"id\" = yedUBmIo4lxJxjD1X78dV8ihRHCxAcvbuMQplxww limit 1) at C:/Users/MSI/Desktop/projet cote serveur/stock-management/vendor/laravel/framework/src/Illuminate/Database/Connection.php:838)
[stacktrace]
#0 C:/Users/MSI/Desktop/projet cote serveur/stock-management/vendor/laravel/framework/src/Illuminate/Database/Connection.php(794): Illuminate/Database/Connection->runQueryCallback()
#1 C:/Users/MSI/Desktop/projet cote serveur/stock-management/vendor/laravel/framework/src/Illuminate/Database/Connection.php(411): Illuminate/Database/Connection->run()
#2 C:/Users/MSI/Desktop/projet cote serveur/stock-management/vendor/laravel/framework/src/Illuminate/Database/Query/Builder.php(3505): Illuminate/Database/Connection->select()
#3 C:/Users/MSI/Desktop/projet cote serveur/stock-management/vendor/laravel/framework/src/Illuminate/Database/Query/Builder.php(3490): Illuminate/Database/Query/Builder->runSelect()
#4 C:/Users/MSI/Desktop/projet cote serveur/stock-management/vendor/laravel/framework/src/Illuminate/Database/Query/Builder.php(4080): Illuminate/Database/Query/Builder->Illuminate/Database/Query/{closure}()
#5 C:/Users/MSI/Desktop/projet cote serveur/stock-management/vendor/laravel/framework/src/Illuminate/Database/Query/Builder.php(3489): Illuminate/Database/Query/Builder->onceWithColumns()
#6 C:/Users/MSI/Desktop/projet cote serveur/stock-management/vendor/laravel/framework/src/Illuminate/Database/Concerns/BuildsQueries.php(366): Illuminate/Database/Query/Builder->get()
#7 C:/Users/MSI/Desktop/projet cote serveur/stock-management/vendor/laravel/framework/src/Illuminate/Database/Query/Builder.php(3412): Illuminate/Database/Query/Builder->first()
#8 C:/Users/MSI/Desktop/projet cote serveur/stock-management/vendor/laravel/framework/src/Illuminate/Session/DatabaseSessionHandler.php(96): Illuminate/Database/Query/Builder->find()
#9 C:/Users/MSI/Desktop/projet cote serveur/stock-management/vendor/laravel/framework/src/Illuminate/Session/Store.php(128): Illuminate/Session/DatabaseSessionHandler->read()
#10 C:/Users/MSI/Desktop/projet cote serveur/stock-management/vendor/laravel/framework/src/Illuminate/Session/Store.php(116): Illuminate/Session/Store->readFromHandler()
#11 C:/Users/MSI/Desktop/projet cote serveur/stock-management/vendor/laravel/framework/src/Illuminate/Session/Store.php(100): Illuminate/Session/Store->loadSession()
#12 C:/Users/MSI/Desktop/projet cote serveur/stock-management/vendor/laravel/framework/src/Illuminate/Session/Middleware/StartSession.php(146): Illuminate/Session/Store->start()
#13 C:/Users/MSI/Desktop/projet cote serveur/stock-management/vendor/laravel/framework/src/Illuminate/Support/helpers.php(393): Illuminate/Session/Middleware/StartSession->Illuminate/Session/Middleware/{closure}()
#14 C:/Users/MSI/Desktop/projet cote serveur/stock-management/vendor/laravel/framework/src/Illuminate/Session/Middleware/StartSession.php(143): tap()
#15 C:/Users/MSI/Desktop/projet cote serveur/stock-management/vendor/laravel/framework/src/Illuminate/Session/Middleware/StartSession.php(115): Illuminate/Session/Middleware/StartSession->startSession()
#16 C:/Users/MSI/Desktop/projet cote serveur/stock-management/vendor/laravel/framework/src/Illuminate/Session/Middleware/StartSession.php(63): Illuminate/Session/Middleware/StartSession->handleStatefulRequest()
#17 C:/Users/MSI/Desktop/projet cote serveur/stock-management/vendor/laravel/framework/src/Illuminate/Pipeline/Pipeline.php(219): Illuminate/Session/Middleware/StartSession->handle()
#18 C:/Users/MSI/Desktop/projet cote serveur/stock-management/vendor/laravel/framework/src/Illuminate/Cookie/Middleware/AddQueuedCookiesToResponse.php(36): Illuminate/Pipeline/Pipeline->Illuminate/Pipeline/{closure}()
#19 C:/Users/MSI/Desktop/projet cote serveur/stock-management/vendor/laravel/framework/src/Illuminate/Pipeline/Pipeline.php(219): Illuminate/Cookie/Middleware/AddQueuedCookiesToResponse->handle()
#20 C:/Users/MSI/Desktop/projet cote serveur/stock-management/vendor/laravel/framework/src/Illuminate/Cookie/Middleware/EncryptCookies.php(74): Illuminate/Pipeline/Pipeline->Illuminate/Pipeline/{closure}()
#21 C:/Users/MSI/Desktop/projet cote serveur/stock-management/vendor/laravel/framework/src/Illuminate/Pipeline/Pipeline.php(219): Illuminate/Cookie/Middleware/EncryptCookies->handle()
#22 C:/Users/MSI/Desktop/projet cote serveur/stock-management/vendor/laravel/framework/src/Illuminate/Pipeline/Pipeline.php(137): Illuminate/Pipeline/Pipeline->Illuminate/Pipeline/{closure}()
#23 C:/Users/MSI/Desktop/projet cote serveur/stock-management/vendor/laravel/framework/src/Illuminate/Routing/Router.php(821): Illuminate/Pipeline/Pipeline->then()
#24 C:/Users/MSI/Desktop/projet cote serveur/stock-management/vendor/laravel/framework/src/Illuminate/Routing/Router.php(800): Illuminate/Routing/Router->runRouteWithinStack()
#25 C:/Users/MSI/Desktop/projet cote serveur/stock-management/vendor/laravel/framework/src/Illuminate/Routing/Router.php(764): Illuminate/Routing/Router->runRoute()
#26 C:/Users/MSI/Desktop/projet cote serveur/stock-management/vendor/laravel/framework/src/Illuminate/Routing/Router.php(753): Illuminate/Routing/Router->dispatchToRoute()
#27 C:/Users/MSI/Desktop/projet cote serveur/stock-management/vendor/laravel/framework/src/Illuminate/Foundation/Http/Kernel.php(200): Illuminate/Routing/Router->dispatch()
#28 C:/Users/MSI/Desktop/projet cote serveur/stock-management/vendor/laravel/framework/src/Illuminate/Pipeline/Pipeline.php(180): Illuminate/Foundation/Http/Kernel->Illuminate/Foundation/Http/{closure}()
#29 C:/Users/MSI/Desktop/projet cote serveur/stock-management/vendor/laravel/framework/src/Illuminate/Foundation/Http/Middleware/TransformsRequest.php(21): Illuminate/Pipeline/Pipeline->Illuminate/Pipeline/{closure}()
#30 C:/Users/MSI/Desktop/projet cote serveur/stock-management/vendor/laravel/framework/src/Illuminate/Foundation/Http/Middleware/ConvertEmptyStringsToNull.php(31): Illuminate/Foundation/Http/Middleware/TransformsRequest->handle()
#31 C:/Users/MSI/Desktop/projet cote serveur/stock-management/vendor/laravel/framework/src/Illuminate/Pipeline/Pipeline.php(219): Illuminate/Foundation/Http/Middleware/ConvertEmptyStringsToNull->handle()
#32 C:/Users/MSI/Desktop/projet cote serveur/stock-management/vendor/laravel/framework/src/Illuminate/Foundation/Http/Middleware/TransformsRequest.php(21): Illuminate/Pipeline/Pipeline->Illuminate/Pipeline/{closure}()
#33 C:/Users/MSI/Desktop/projet cote serveur/stock-management/vendor/laravel/framework/src/Illuminate/Foundation/Http/Middleware/TrimStrings.php(51): Illuminate/Foundation/Http/Middleware/TransformsRequest->handle()
#34 C:/Users/MSI/Desktop/projet cote serveur/stock-management/vendor/laravel/framework/src/Illuminate/Pipeline/Pipeline.php(219): Illuminate/Foundation/Http/Middleware/TrimStrings->handle()
#35 C:/Users/MSI/Desktop/projet cote serveur/stock-management/vendor/laravel/framework/src/Illuminate/Http/Middleware/ValidatePostSize.php(27): Illuminate/Pipeline/Pipeline->Illuminate/Pipeline/{closure}()
#36 C:/Users/MSI/Desktop/projet cote serveur/stock-management/vendor/laravel/framework/src/Illuminate/Pipeline/Pipeline.php(219): Illuminate/Http/Middleware/ValidatePostSize->handle()
#37 C:/Users/MSI/Desktop/projet cote serveur/stock-management/vendor/laravel/framework/src/Illuminate/Foundation/Http/Middleware/PreventRequestsDuringMaintenance.php(109): Illuminate/Pipeline/Pipeline->Illuminate/Pipeline/{closure}()
#38 C:/Users/MSI/Desktop/projet cote serveur/stock-management/vendor/laravel/framework/src/Illuminate/Pipeline/Pipeline.php(219): Illuminate/Foundation/Http/Middleware/PreventRequestsDuringMaintenance->handle()
#39 C:/Users/MSI/Desktop/projet cote serveur/stock-management/vendor/laravel/framework/src/Illuminate/Http/Middleware/HandleCors.php(61): Illuminate/Pipeline/Pipeline->Illuminate/Pipeline/{closure}()
#40 C:/Users/MSI/Desktop/projet cote serveur/stock-management/vendor/laravel/framework/src/Illuminate/Pipeline/Pipeline.php(219): Illuminate/Http/Middleware/HandleCors->handle()
#41 C:/Users/MSI/Desktop/projet cote serveur/stock-management/vendor/laravel/framework/src/Illuminate/Http/Middleware/TrustProxies.php(58): Illuminate/Pipeline/Pipeline->Illuminate/Pipeline/{closure}()
#42 C:/Users/MSI/Desktop/projet cote serveur/stock-management/vendor/laravel/framework/src/Illuminate/Pipeline/Pipeline.php(219): Illuminate/Http/Middleware/TrustProxies->handle()
#43 C:/Users/MSI/Desktop/projet cote serveur/stock-management/vendor/laravel/framework/src/Illuminate/Foundation/Http/Middleware/InvokeDeferredCallbacks.php(22): Illuminate/Pipeline/Pipeline->Illuminate/Pipeline/{closure}()
#44 C:/Users/MSI/Desktop/projet cote serveur/stock-management/vendor/laravel/framework/src/Illuminate/Pipeline/Pipeline.php(219): Illuminate/Foundation/Http/Middleware/InvokeDeferredCallbacks->handle()
#45 C:/Users/MSI/Desktop/projet cote serveur/stock-management/vendor/laravel/framework/src/Illuminate/Http/Middleware/ValidatePathEncoding.php(26): Illuminate/Pipeline/Pipeline->Illuminate/Pipeline/{closure}()
#46 C:/Users/MSI/Desktop/projet cote serveur/stock-management/vendor/laravel/framework/src/Illuminate/Pipeline/Pipeline.php(219): Illuminate/Http/Middleware/ValidatePathEncoding->handle()
#47 C:/Users/MSI/Desktop/projet cote serveur/stock-management/vendor/laravel/framework/src/Illuminate/Pipeline/Pipeline.php(137): Illuminate/Pipeline/Pipeline->Illuminate/Pipeline/{closure}()
#48 C:/Users/MSI/Desktop/projet cote serveur/stock-management/vendor/laravel/framework/src/Illuminate/Foundation/Http/Kernel.php(175): Illuminate/Pipeline/Pipeline->then()
#49 C:/Users/MSI/Desktop/projet cote serveur/stock-management/vendor/laravel/framework/src/Illuminate/Foundation/Http/Kernel.php(144): Illuminate/Foundation/Http/Kernel->sendRequestThroughRouter()
#50 C:/Users/MSI/Desktop/projet cote serveur/stock-management/vendor/laravel/framework/src/Illuminate/Foundation/Application.php(1220): Illuminate/Foundation/Http/Kernel->handle()
#51 C:/Users/MSI/Desktop/projet cote serveur/stock-management/public/index.php(17): Illuminate/Foundation/Application->handleRequest()
#52 C:/Users/MSI/Desktop/projet cote serveur/stock-management/vendor/laravel/framework/src/Illuminate/Foundation/resources/server.php(23): require_once('...')
#53 {main}

[previous exception] [object] (PDOException(code: 7): SQLSTATE[08006] [7] FATAL:  authentification par mot de passe �chou�e pour l'utilisateur  � postgres � at C:/Users/MSI/Desktop/projet cote serveur/stock-management/vendor/laravel/framework/src/Illuminate/Database/Connectors/Connector.php:66)
[stacktrace]
#0 C:/Users/MSI/Desktop/projet cote serveur/stock-management/vendor/laravel/framework/src/Illuminate/Database/Connectors/Connector.php(66): PDO->__construct()
#1 C:/Users/MSI/Desktop/projet cote serveur/stock-management/vendor/laravel/framework/src/Illuminate/Database/Connectors/Connector.php(44): Illuminate/Database/Connectors/Connector->createPdoConnection()
#2 C:/Users/MSI/Desktop/projet cote serveur/stock-management/vendor/laravel/framework/src/Illuminate/Database/Connectors/PostgresConnector.php(35): Illuminate/Database/Connectors/Connector->createConnection()
#3 C:/Users/MSI/Desktop/projet cote serveur/stock-management/vendor/laravel/framework/src/Illuminate/Database/Connectors/ConnectionFactory.php(186): Illuminate/Database/Connectors/PostgresConnector->connect()
#4 [internal function]: Illuminate/Database/Connectors/ConnectionFactory->Illuminate/Database/Connectors/{closure}()
#5 C:/Users/MSI/Desktop/projet cote serveur/stock-management/vendor/laravel/framework/src/Illuminate/Database/Connection.php(1257): call_user_func()
#6 C:/Users/MSI/Desktop/projet cote serveur/stock-management/vendor/laravel/framework/src/Illuminate/Database/Connection.php(525): Illuminate/Database/Connection->getPdo()
#7 C:/Users/MSI/Desktop/projet cote serveur/stock-management/vendor/laravel/framework/src/Illuminate/Database/Connection.php(420): Illuminate/Database/Connection->getPdoForSelect()
#8 C:/Users/MSI/Desktop/projet cote serveur/stock-management/vendor/laravel/framework/src/Illuminate/Database/Connection.php(827): Illuminate/Database/Connection->Illuminate/Database/{closure}()
#9 C:/Users/MSI/Desktop/projet cote serveur/stock-management/vendor/laravel/framework/src/Illuminate/Database/Connection.php(794): Illuminate/Database/Connection->runQueryCallback()
#10 C:/Users/MSI/Desktop/projet cote serveur/stock-management/vendor/laravel/framework/src/Illuminate/Database/Connection.php(411): Illuminate/Database/Connection->run()
#11 C:/Users/MSI/Desktop/projet cote serveur/stock-management/vendor/laravel/framework/src/Illuminate/Database/Query/Builder.php(3505): Illuminate/Database/Connection->select()
#12 C:/Users/MSI/Desktop/projet cote serveur/stock-management/vendor/laravel/framework/src/Illuminate/Database/Query/Builder.php(3490): Illuminate/Database/Query/Builder->runSelect()
#13 C:/Users/MSI/Desktop/projet cote serveur/stock-management/vendor/laravel/framework/src/Illuminate/Database/Query/Builder.php(4080): Illuminate/Database/Query/Builder->Illuminate/Database/Query/{closure}()
#14 C:/Users/MSI/Desktop/projet cote serveur/stock-management/vendor/laravel/framework/src/Illuminate/Database/Query/Builder.php(3489): Illuminate/Database/Query/Builder->onceWithColumns()
#15 C:/Users/MSI/Desktop/projet cote serveur/stock-management/vendor/laravel/framework/src/Illuminate/Database/Concerns/BuildsQueries.php(366): Illuminate/Database/Query/Builder->get()
#16 C:/Users/MSI/Desktop/projet cote serveur/stock-management/vendor/laravel/framework/src/Illuminate/Database/Query/Builder.php(3412): Illuminate/Database/Query/Builder->first()
#17 C:/Users/MSI/Desktop/projet cote serveur/stock-management/vendor/laravel/framework/src/Illuminate/Session/DatabaseSessionHandler.php(96): Illuminate/Database/Query/Builder->find()
#18 C:/Users/MSI/Desktop/projet cote serveur/stock-management/vendor/laravel/framework/src/Illuminate/Session/Store.php(128): Illuminate/Session/DatabaseSessionHandler->read()
#19 C:/Users/MSI/Desktop/projet cote serveur/stock-management/vendor/laravel/framework/src/Illuminate/Session/Store.php(116): Illuminate/Session/Store->readFromHandler()
#20 C:/Users/MSI/Desktop/projet cote serveur/stock-management/vendor/laravel/framework/src/Illuminate/Session/Store.php(100): Illuminate/Session/Store->loadSession()
#21 C:/Users/MSI/Desktop/projet cote serveur/stock-management/vendor/laravel/framework/src/Illuminate/Session/Middleware/StartSession.php(146): Illuminate/Session/Store->start()
#22 C:/Users/MSI/Desktop/projet cote serveur/stock-management/vendor/laravel/framework/src/Illuminate/Support/helpers.php(393): Illuminate/Session/Middleware/StartSession->Illuminate/Session/Middleware/{closure}()
#23 C:/Users/MSI/Desktop/projet cote serveur/stock-management/vendor/laravel/framework/src/Illuminate/Session/Middleware/StartSession.php(143): tap()
#24 C:/Users/MSI/Desktop/projet cote serveur/stock-management/vendor/laravel/framework/src/Illuminate/Session/Middleware/StartSession.php(115): Illuminate/Session/Middleware/StartSession->startSession()
#25 C:/Users/MSI/Desktop/projet cote serveur/stock-management/vendor/laravel/framework/src/Illuminate/Session/Middleware/StartSession.php(63): Illuminate/Session/Middleware/StartSession->handleStatefulRequest()
#26 C:/Users/MSI/Desktop/projet cote serveur/stock-management/vendor/laravel/framework/src/Illuminate/Pipeline/Pipeline.php(219): Illuminate/Session/Middleware/StartSession->handle()
#27 C:/Users/MSI/Desktop/projet cote serveur/stock-management/vendor/laravel/framework/src/Illuminate/Cookie/Middleware/AddQueuedCookiesToResponse.php(36): Illuminate/Pipeline/Pipeline->Illuminate/Pipeline/{closure}()
#28 C:/Users/MSI/Desktop/projet cote serveur/stock-management/vendor/laravel/framework/src/Illuminate/Pipeline/Pipeline.php(219): Illuminate/Cookie/Middleware/AddQueuedCookiesToResponse->handle()
#29 C:/Users/MSI/Desktop/projet cote serveur/stock-management/vendor/laravel/framework/src/Illuminate/Cookie/Middleware/EncryptCookies.php(74): Illuminate/Pipeline/Pipeline->Illuminate/Pipeline/{closure}()
#30 C:/Users/MSI/Desktop/projet cote serveur/stock-management/vendor/laravel/framework/src/Illuminate/Pipeline/Pipeline.php(219): Illuminate/Cookie/Middleware/EncryptCookies->handle()
#31 C:/Users/MSI/Desktop/projet cote serveur/stock-management/vendor/laravel/framework/src/Illuminate/Pipeline/Pipeline.php(137): Illuminate/Pipeline/Pipeline->Illuminate/Pipeline/{closure}()
#32 C:/Users/MSI/Desktop/projet cote serveur/stock-management/vendor/laravel/framework/src/Illuminate/Routing/Router.php(821): Illuminate/Pipeline/Pipeline->then()
#33 C:/Users/MSI/Desktop/projet cote serveur/stock-management/vendor/laravel/framework/src/Illuminate/Routing/Router.php(800): Illuminate/Routing/Router->runRouteWithinStack()
#34 C:/Users/MSI/Desktop/projet cote serveur/stock-management/vendor/laravel/framework/src/Illuminate/Routing/Router.php(764): Illuminate/Routing/Router->runRoute()
#35 C:/Users/MSI/Desktop/projet cote serveur/stock-management/vendor/laravel/framework/src/Illuminate/Routing/Router.php(753): Illuminate/Routing/Router->dispatchToRoute()
#36 C:/Users/MSI/Desktop/projet cote serveur/stock-management/vendor/laravel/framework/src/Illuminate/Foundation/Http/Kernel.php(200): Illuminate/Routing/Router->dispatch()
#37 C:/Users/MSI/Desktop/projet cote serveur/stock-management/vendor/laravel/framework/src/Illuminate/Pipeline/Pipeline.php(180): Illuminate/Foundation/Http/Kernel->Illuminate/Foundation/Http/{closure}()
#38 C:/Users/MSI/Desktop/projet cote serveur/stock-management/vendor/laravel/framework/src/Illuminate/Foundation/Http/Middleware/TransformsRequest.php(21): Illuminate/Pipeline/Pipeline->Illuminate/Pipeline/{closure}()
#39 C:/Users/MSI/Desktop/projet cote serveur/stock-management/vendor/laravel/framework/src/Illuminate/Foundation/Http/Middleware/ConvertEmptyStringsToNull.php(31): Illuminate/Foundation/Http/Middleware/TransformsRequest->handle()
#40 C:/Users/MSI/Desktop/projet cote serveur/stock-management/vendor/laravel/framework/src/Illuminate/Pipeline/Pipeline.php(219): Illuminate/Foundation/Http/Middleware/ConvertEmptyStringsToNull->handle()
#41 C:/Users/MSI/Desktop/projet cote serveur/stock-management/vendor/laravel/framework/src/Illuminate/Foundation/Http/Middleware/TransformsRequest.php(21): Illuminate/Pipeline/Pipeline->Illuminate/Pipeline/{closure}()
#42 C:/Users/MSI/Desktop/projet cote serveur/stock-management/vendor/laravel/framework/src/Illuminate/Foundation/Http/Middleware/TrimStrings.php(51): Illuminate/Foundation/Http/Middleware/TransformsRequest->handle()
#43 C:/Users/MSI/Desktop/projet cote serveur/stock-management/vendor/laravel/framework/src/Illuminate/Pipeline/Pipeline.php(219): Illuminate/Foundation/Http/Middleware/TrimStrings->handle()
#44 C:/Users/MSI/Desktop/projet cote serveur/stock-management/vendor/laravel/framework/src/Illuminate/Http/Middleware/ValidatePostSize.php(27): Illuminate/Pipeline/Pipeline->Illuminate/Pipeline/{closure}()
#45 C:/Users/MSI/Desktop/projet cote serveur/stock-management/vendor/laravel/framework/src/Illuminate/Pipeline/Pipeline.php(219): Illuminate/Http/Middleware/ValidatePostSize->handle()
#46 C:/Users/MSI/Desktop/projet cote serveur/stock-management/vendor/laravel/framework/src/Illuminate/Foundation/Http/Middleware/PreventRequestsDuringMaintenance.php(109): Illuminate/Pipeline/Pipeline->Illuminate/Pipeline/{closure}()
#47 C:/Users/MSI/Desktop/projet cote serveur/stock-management/vendor/laravel/framework/src/Illuminate/Pipeline/Pipeline.php(219): Illuminate/Foundation/Http/Middleware/PreventRequestsDuringMaintenance->handle()
#48 C:/Users/MSI/Desktop/projet cote serveur/stock-management/vendor/laravel/framework/src/Illuminate/Http/Middleware/HandleCors.php(61): Illuminate/Pipeline/Pipeline->Illuminate/Pipeline/{closure}()
#49 C:/Users/MSI/Desktop/projet cote serveur/stock-management/vendor/laravel/framework/src/Illuminate/Pipeline/Pipeline.php(219): Illuminate/Http/Middleware/HandleCors->handle()
#50 C:/Users/MSI/Desktop/projet cote serveur/stock-management/vendor/laravel/framework/src/Illuminate/Http/Middleware/TrustProxies.php(58): Illuminate/Pipeline/Pipeline->Illuminate/Pipeline/{closure}()
#51 C:/Users/MSI/Desktop/projet cote serveur/stock-management/vendor/laravel/framework/src/Illuminate/Pipeline/Pipeline.php(219): Illuminate/Http/Middleware/TrustProxies->handle()
#52 C:/Users/MSI/Desktop/projet cote serveur/stock-management/vendor/laravel/framework/src/Illuminate/Foundation/Http/Middleware/InvokeDeferredCallbacks.php(22): Illuminate/Pipeline/Pipeline->Illuminate/Pipeline/{closure}()
#53 C:/Users/MSI/Desktop/projet cote serveur/stock-management/vendor/laravel/framework/src/Illuminate/Pipeline/Pipeline.php(219): Illuminate/Foundation/Http/Middleware/InvokeDeferredCallbacks->handle()
#54 C:/Users/MSI/Desktop/projet cote serveur/stock-management/vendor/laravel/framework/src/Illuminate/Http/Middleware/ValidatePathEncoding.php(26): Illuminate/Pipeline/Pipeline->Illuminate/Pipeline/{closure}()
#55 C:/Users/MSI/Desktop/projet cote serveur/stock-management/vendor/laravel/framework/src/Illuminate/Pipeline/Pipeline.php(219): Illuminate/Http/Middleware/ValidatePathEncoding->handle()
#56 C:/Users/MSI/Desktop/projet cote serveur/stock-management/vendor/laravel/framework/src/Illuminate/Pipeline/Pipeline.php(137): Illuminate/Pipeline/Pipeline->Illuminate/Pipeline/{closure}()
#57 C:/Users/MSI/Desktop/projet cote serveur/stock-management/vendor/laravel/framework/src/Illuminate/Foundation/Http/Kernel.php(175): Illuminate/Pipeline/Pipeline->then()
#58 C:/Users/MSI/Desktop/projet cote serveur/stock-management/vendor/laravel/framework/src/Illuminate/Foundation/Http/Kernel.php(144): Illuminate/Foundation/Http/Kernel->sendRequestThroughRouter()
#59 C:/Users/MSI/Desktop/projet cote serveur/stock-management/vendor/laravel/framework/src/Illuminate/Foundation/Application.php(1220): Illuminate/Foundation/Http/Kernel->handle()
#60 C:/Users/MSI/Desktop/projet cote serveur/stock-management/public/index.php(17): Illuminate/Foundation/Application->handleRequest()
#61 C:/Users/MSI/Desktop/projet cote serveur/stock-management/vendor/laravel/framework/src/Illuminate/Foundation/resources/server.php(23): require_once('...')
#62 {main}
"} 
[2026-04-29 20:22:08] local.ERROR: SQLSTATE[22P02]: Invalid text representation: 7 ERREUR:  syntaxe en entrée invalide pour le type integer : « seuil_alerte »
CONTEXT:  paramètre de portail non nommé $1 = '...' (Connection: pgsql, Host: 127.0.0.1, Port: 5432, Database: stock_management, SQL: select count(*) as aggregate from "products" where "quantite" > seuil_alerte) {"userId":1,"exception":"[object] (Illuminate\\Database\\QueryException(code: 22P02): SQLSTATE[22P02]: Invalid text representation: 7 ERREUR:  syntaxe en entrée invalide pour le type integer : « seuil_alerte »
CONTEXT:  paramètre de portail non nommé $1 = '...' (Connection: pgsql, Host: 127.0.0.1, Port: 5432, Database: stock_management, SQL: select count(*) as aggregate from \"products\" where \"quantite\" > seuil_alerte) at C:/Users/MSI/Desktop/projet cote serveur/stock-management/vendor/laravel/framework/src/Illuminate/Database/Connection.php:838)
[stacktrace]
#0 C:/Users/MSI/Desktop/projet cote serveur/stock-management/vendor/laravel/framework/src/Illuminate/Database/Connection.php(794): Illuminate/Database/Connection->runQueryCallback()
#1 C:/Users/MSI/Desktop/projet cote serveur/stock-management/vendor/laravel/framework/src/Illuminate/Database/Connection.php(411): Illuminate/Database/Connection->run()
#2 C:/Users/MSI/Desktop/projet cote serveur/stock-management/vendor/laravel/framework/src/Illuminate/Database/Query/Builder.php(3505): Illuminate/Database/Connection->select()
#3 C:/Users/MSI/Desktop/projet cote serveur/stock-management/vendor/laravel/framework/src/Illuminate/Database/Query/Builder.php(3490): Illuminate/Database/Query/Builder->runSelect()
#4 C:/Users/MSI/Desktop/projet cote serveur/stock-management/vendor/laravel/framework/src/Illuminate/Database/Query/Builder.php(4080): Illuminate/Database/Query/Builder->Illuminate/Database/Query/{closure}()
#5 C:/Users/MSI/Desktop/projet cote serveur/stock-management/vendor/laravel/framework/src/Illuminate/Database/Query/Builder.php(3489): Illuminate/Database/Query/Builder->onceWithColumns()
#6 C:/Users/MSI/Desktop/projet cote serveur/stock-management/vendor/laravel/framework/src/Illuminate/Database/Query/Builder.php(4004): Illuminate/Database/Query/Builder->get()
#7 C:/Users/MSI/Desktop/projet cote serveur/stock-management/vendor/laravel/framework/src/Illuminate/Database/Query/Builder.php(3932): Illuminate/Database/Query/Builder->aggregate()
#8 C:/Users/MSI/Desktop/projet cote serveur/stock-management/vendor/laravel/framework/src/Illuminate/Database/Eloquent/Builder.php(2237): Illuminate/Database/Query/Builder->count()
#9 C:/Users/MSI/Desktop/projet cote serveur/stock-management/app/Http/Controllers/Admin/DashboardController.php(55): Illuminate/Database/Eloquent/Builder->__call()
#10 C:/Users/MSI/Desktop/projet cote serveur/stock-management/vendor/laravel/framework/src/Illuminate/Routing/ControllerDispatcher.php(46): App/Http/Controllers/Admin/DashboardController->index()
#11 C:/Users/MSI/Desktop/projet cote serveur/stock-management/vendor/laravel/framework/src/Illuminate/Routing/Route.php(265): Illuminate/Routing/ControllerDispatcher->dispatch()
#12 C:/Users/MSI/Desktop/projet cote serveur/stock-management/vendor/laravel/framework/src/Illuminate/Routing/Route.php(211): Illuminate/Routing/Route->runController()
#13 C:/Users/MSI/Desktop/projet cote serveur/stock-management/vendor/laravel/framework/src/Illuminate/Routing/Router.php(822): Illuminate/Routing/Route->run()
#14 C:/Users/MSI/Desktop/projet cote serveur/stock-management/vendor/laravel/framework/src/Illuminate/Pipeline/Pipeline.php(180): Illuminate/Routing/Router->Illuminate/Routing/{closure}()
#15 C:/Users/MSI/Desktop/projet cote serveur/stock-management/app/Http/Middleware/RoleMiddleware.php(35): Illuminate/Pipeline/Pipeline->Illuminate/Pipeline/{closure}()
#16 C:/Users/MSI/Desktop/projet cote serveur/stock-management/vendor/laravel/framework/src/Illuminate/Pipeline/Pipeline.php(219): App/Http/Middleware/RoleMiddleware->handle()
#17 C:/Users/MSI/Desktop/projet cote serveur/stock-management/vendor/laravel/framework/src/Illuminate/Routing/Middleware/SubstituteBindings.php(50): Illuminate/Pipeline/Pipeline->Illuminate/Pipeline/{closure}()
#18 C:/Users/MSI/Desktop/projet cote serveur/stock-management/vendor/laravel/framework/src/Illuminate/Pipeline/Pipeline.php(219): Illuminate/Routing/Middleware/SubstituteBindings->handle()
#19 C:/Users/MSI/Desktop/projet cote serveur/stock-management/vendor/laravel/framework/src/Illuminate/Auth/Middleware/Authenticate.php(63): Illuminate/Pipeline/Pipeline->Illuminate/Pipeline/{closure}()
#20 C:/Users/MSI/Desktop/projet cote serveur/stock-management/vendor/laravel/framework/src/Illuminate/Pipeline/Pipeline.php(219): Illuminate/Auth/Middleware/Authenticate->handle()
#21 C:/Users/MSI/Desktop/projet cote serveur/stock-management/vendor/laravel/framework/src/Illuminate/Foundation/Http/Middleware/VerifyCsrfToken.php(87): Illuminate/Pipeline/Pipeline->Illuminate/Pipeline/{closure}()
#22 C:/Users/MSI/Desktop/projet cote serveur/stock-management/vendor/laravel/framework/src/Illuminate/Pipeline/Pipeline.php(219): Illuminate/Foundation/Http/Middleware/VerifyCsrfToken->handle()
#23 C:/Users/MSI/Desktop/projet cote serveur/stock-management/vendor/laravel/framework/src/Illuminate/View/Middleware/ShareErrorsFromSession.php(48): Illuminate/Pipeline/Pipeline->Illuminate/Pipeline/{closure}()
#24 C:/Users/MSI/Desktop/projet cote serveur/stock-management/vendor/laravel/framework/src/Illuminate/Pipeline/Pipeline.php(219): Illuminate/View/Middleware/ShareErrorsFromSession->handle()
#25 C:/Users/MSI/Desktop/projet cote serveur/stock-management/vendor/laravel/framework/src/Illuminate/Session/Middleware/StartSession.php(120): Illuminate/Pipeline/Pipeline->Illuminate/Pipeline/{closure}()
#26 C:/Users/MSI/Desktop/projet cote serveur/stock-management/vendor/laravel/framework/src/Illuminate/Session/Middleware/StartSession.php(63): Illuminate/Session/Middleware/StartSession->handleStatefulRequest()
#27 C:/Users/MSI/Desktop/projet cote serveur/stock-management/vendor/laravel/framework/src/Illuminate/Pipeline/Pipeline.php(219): Illuminate/Session/Middleware/StartSession->handle()
#28 C:/Users/MSI/Desktop/projet cote serveur/stock-management/vendor/laravel/framework/src/Illuminate/Cookie/Middleware/AddQueuedCookiesToResponse.php(36): Illuminate/Pipeline/Pipeline->Illuminate/Pipeline/{closure}()
#29 C:/Users/MSI/Desktop/projet cote serveur/stock-management/vendor/laravel/framework/src/Illuminate/Pipeline/Pipeline.php(219): Illuminate/Cookie/Middleware/AddQueuedCookiesToResponse->handle()
#30 C:/Users/MSI/Desktop/projet cote serveur/stock-management/vendor/laravel/framework/src/Illuminate/Cookie/Middleware/EncryptCookies.php(74): Illuminate/Pipeline/Pipeline->Illuminate/Pipeline/{closure}()
#31 C:/Users/MSI/Desktop/projet cote serveur/stock-management/vendor/laravel/framework/src/Illuminate/Pipeline/Pipeline.php(219): Illuminate/Cookie/Middleware/EncryptCookies->handle()
#32 C:/Users/MSI/Desktop/projet cote serveur/stock-management/vendor/laravel/framework/src/Illuminate/Pipeline/Pipeline.php(137): Illuminate/Pipeline/Pipeline->Illuminate/Pipeline/{closure}()
#33 C:/Users/MSI/Desktop/projet cote serveur/stock-management/vendor/laravel/framework/src/Illuminate/Routing/Router.php(821): Illuminate/Pipeline/Pipeline->then()
#34 C:/Users/MSI/Desktop/projet cote serveur/stock-management/vendor/laravel/framework/src/Illuminate/Routing/Router.php(800): Illuminate/Routing/Router->runRouteWithinStack()
#35 C:/Users/MSI/Desktop/projet cote serveur/stock-management/vendor/laravel/framework/src/Illuminate/Routing/Router.php(764): Illuminate/Routing/Router->runRoute()
#36 C:/Users/MSI/Desktop/projet cote serveur/stock-management/vendor/laravel/framework/src/Illuminate/Routing/Router.php(753): Illuminate/Routing/Router->dispatchToRoute()
#37 C:/Users/MSI/Desktop/projet cote serveur/stock-management/vendor/laravel/framework/src/Illuminate/Foundation/Http/Kernel.php(200): Illuminate/Routing/Router->dispatch()
#38 C:/Users/MSI/Desktop/projet cote serveur/stock-management/vendor/laravel/framework/src/Illuminate/Pipeline/Pipeline.php(180): Illuminate/Foundation/Http/Kernel->Illuminate/Foundation/Http/{closure}()
#39 C:/Users/MSI/Desktop/projet cote serveur/stock-management/vendor/laravel/framework/src/Illuminate/Foundation/Http/Middleware/TransformsRequest.php(21): Illuminate/Pipeline/Pipeline->Illuminate/Pipeline/{closure}()
#40 C:/Users/MSI/Desktop/projet cote serveur/stock-management/vendor/laravel/framework/src/Illuminate/Foundation/Http/Middleware/ConvertEmptyStringsToNull.php(31): Illuminate/Foundation/Http/Middleware/TransformsRequest->handle()
#41 C:/Users/MSI/Desktop/projet cote serveur/stock-management/vendor/laravel/framework/src/Illuminate/Pipeline/Pipeline.php(219): Illuminate/Foundation/Http/Middleware/ConvertEmptyStringsToNull->handle()
#42 C:/Users/MSI/Desktop/projet cote serveur/stock-management/vendor/laravel/framework/src/Illuminate/Foundation/Http/Middleware/TransformsRequest.php(21): Illuminate/Pipeline/Pipeline->Illuminate/Pipeline/{closure}()
#43 C:/Users/MSI/Desktop/projet cote serveur/stock-management/vendor/laravel/framework/src/Illuminate/Foundation/Http/Middleware/TrimStrings.php(51): Illuminate/Foundation/Http/Middleware/TransformsRequest->handle()
#44 C:/Users/MSI/Desktop/projet cote serveur/stock-management/vendor/laravel/framework/src/Illuminate/Pipeline/Pipeline.php(219): Illuminate/Foundation/Http/Middleware/TrimStrings->handle()
#45 C:/Users/MSI/Desktop/projet cote serveur/stock-management/vendor/laravel/framework/src/Illuminate/Http/Middleware/ValidatePostSize.php(27): Illuminate/Pipeline/Pipeline->Illuminate/Pipeline/{closure}()
#46 C:/Users/MSI/Desktop/projet cote serveur/stock-management/vendor/laravel/framework/src/Illuminate/Pipeline/Pipeline.php(219): Illuminate/Http/Middleware/ValidatePostSize->handle()
#47 C:/Users/MSI/Desktop/projet cote serveur/stock-management/vendor/laravel/framework/src/Illuminate/Foundation/Http/Middleware/PreventRequestsDuringMaintenance.php(109): Illuminate/Pipeline/Pipeline->Illuminate/Pipeline/{closure}()
#48 C:/Users/MSI/Desktop/projet cote serveur/stock-management/vendor/laravel/framework/src/Illuminate/Pipeline/Pipeline.php(219): Illuminate/Foundation/Http/Middleware/PreventRequestsDuringMaintenance->handle()
#49 C:/Users/MSI/Desktop/projet cote serveur/stock-management/vendor/laravel/framework/src/Illuminate/Http/Middleware/HandleCors.php(61): Illuminate/Pipeline/Pipeline->Illuminate/Pipeline/{closure}()
#50 C:/Users/MSI/Desktop/projet cote serveur/stock-management/vendor/laravel/framework/src/Illuminate/Pipeline/Pipeline.php(219): Illuminate/Http/Middleware/HandleCors->handle()
#51 C:/Users/MSI/Desktop/projet cote serveur/stock-management/vendor/laravel/framework/src/Illuminate/Http/Middleware/TrustProxies.php(58): Illuminate/Pipeline/Pipeline->Illuminate/Pipeline/{closure}()
#52 C:/Users/MSI/Desktop/projet cote serveur/stock-management/vendor/laravel/framework/src/Illuminate/Pipeline/Pipeline.php(219): Illuminate/Http/Middleware/TrustProxies->handle()
#53 C:/Users/MSI/Desktop/projet cote serveur/stock-management/vendor/laravel/framework/src/Illuminate/Foundation/Http/Middleware/InvokeDeferredCallbacks.php(22): Illuminate/Pipeline/Pipeline->Illuminate/Pipeline/{closure}()
#54 C:/Users/MSI/Desktop/projet cote serveur/stock-management/vendor/laravel/framework/src/Illuminate/Pipeline/Pipeline.php(219): Illuminate/Foundation/Http/Middleware/InvokeDeferredCallbacks->handle()
#55 C:/Users/MSI/Desktop/projet cote serveur/stock-management/vendor/laravel/framework/src/Illuminate/Http/Middleware/ValidatePathEncoding.php(26): Illuminate/Pipeline/Pipeline->Illuminate/Pipeline/{closure}()
#56 C:/Users/MSI/Desktop/projet cote serveur/stock-management/vendor/laravel/framework/src/Illuminate/Pipeline/Pipeline.php(219): Illuminate/Http/Middleware/ValidatePathEncoding->handle()
#57 C:/Users/MSI/Desktop/projet cote serveur/stock-management/vendor/laravel/framework/src/Illuminate/Pipeline/Pipeline.php(137): Illuminate/Pipeline/Pipeline->Illuminate/Pipeline/{closure}()
#58 C:/Users/MSI/Desktop/projet cote serveur/stock-management/vendor/laravel/framework/src/Illuminate/Foundation/Http/Kernel.php(175): Illuminate/Pipeline/Pipeline->then()
#59 C:/Users/MSI/Desktop/projet cote serveur/stock-management/vendor/laravel/framework/src/Illuminate/Foundation/Http/Kernel.php(144): Illuminate/Foundation/Http/Kernel->sendRequestThroughRouter()
#60 C:/Users/MSI/Desktop/projet cote serveur/stock-management/vendor/laravel/framework/src/Illuminate/Foundation/Application.php(1220): Illuminate/Foundation/Http/Kernel->handle()
#61 C:/Users/MSI/Desktop/projet cote serveur/stock-management/public/index.php(17): Illuminate/Foundation/Application->handleRequest()
#62 C:/Users/MSI/Desktop/projet cote serveur/stock-management/vendor/laravel/framework/src/Illuminate/Foundation/resources/server.php(23): require_once('...')
#63 {main}

[previous exception] [object] (PDOException(code: 22P02): SQLSTATE[22P02]: Invalid text representation: 7 ERREUR:  syntaxe en entrée invalide pour le type integer : « seuil_alerte »
CONTEXT:  paramètre de portail non nommé $1 = '...' at C:/Users/MSI/Desktop/projet cote serveur/stock-management/vendor/laravel/framework/src/Illuminate/Database/Connection.php:425)
[stacktrace]
#0 C:/Users/MSI/Desktop/projet cote serveur/stock-management/vendor/laravel/framework/src/Illuminate/Database/Connection.php(425): PDOStatement->execute()
#1 C:/Users/MSI/Desktop/projet cote serveur/stock-management/vendor/laravel/framework/src/Illuminate/Database/Connection.php(827): Illuminate/Database/Connection->Illuminate/Database/{closure}()
#2 C:/Users/MSI/Desktop/projet cote serveur/stock-management/vendor/laravel/framework/src/Illuminate/Database/Connection.php(794): Illuminate/Database/Connection->runQueryCallback()
#3 C:/Users/MSI/Desktop/projet cote serveur/stock-management/vendor/laravel/framework/src/Illuminate/Database/Connection.php(411): Illuminate/Database/Connection->run()
#4 C:/Users/MSI/Desktop/projet cote serveur/stock-management/vendor/laravel/framework/src/Illuminate/Database/Query/Builder.php(3505): Illuminate/Database/Connection->select()
#5 C:/Users/MSI/Desktop/projet cote serveur/stock-management/vendor/laravel/framework/src/Illuminate/Database/Query/Builder.php(3490): Illuminate/Database/Query/Builder->runSelect()
#6 C:/Users/MSI/Desktop/projet cote serveur/stock-management/vendor/laravel/framework/src/Illuminate/Database/Query/Builder.php(4080): Illuminate/Database/Query/Builder->Illuminate/Database/Query/{closure}()
#7 C:/Users/MSI/Desktop/projet cote serveur/stock-management/vendor/laravel/framework/src/Illuminate/Database/Query/Builder.php(3489): Illuminate/Database/Query/Builder->onceWithColumns()
#8 C:/Users/MSI/Desktop/projet cote serveur/stock-management/vendor/laravel/framework/src/Illuminate/Database/Query/Builder.php(4004): Illuminate/Database/Query/Builder->get()
#9 C:/Users/MSI/Desktop/projet cote serveur/stock-management/vendor/laravel/framework/src/Illuminate/Database/Query/Builder.php(3932): Illuminate/Database/Query/Builder->aggregate()
#10 C:/Users/MSI/Desktop/projet cote serveur/stock-management/vendor/laravel/framework/src/Illuminate/Database/Eloquent/Builder.php(2237): Illuminate/Database/Query/Builder->count()
#11 C:/Users/MSI/Desktop/projet cote serveur/stock-management/app/Http/Controllers/Admin/DashboardController.php(55): Illuminate/Database/Eloquent/Builder->__call()
#12 C:/Users/MSI/Desktop/projet cote serveur/stock-management/vendor/laravel/framework/src/Illuminate/Routing/ControllerDispatcher.php(46): App/Http/Controllers/Admin/DashboardController->index()
#13 C:/Users/MSI/Desktop/projet cote serveur/stock-management/vendor/laravel/framework/src/Illuminate/Routing/Route.php(265): Illuminate/Routing/ControllerDispatcher->dispatch()
#14 C:/Users/MSI/Desktop/projet cote serveur/stock-management/vendor/laravel/framework/src/Illuminate/Routing/Route.php(211): Illuminate/Routing/Route->runController()
#15 C:/Users/MSI/Desktop/projet cote serveur/stock-management/vendor/laravel/framework/src/Illuminate/Routing/Router.php(822): Illuminate/Routing/Route->run()
#16 C:/Users/MSI/Desktop/projet cote serveur/stock-management/vendor/laravel/framework/src/Illuminate/Pipeline/Pipeline.php(180): Illuminate/Routing/Router->Illuminate/Routing/{closure}()
#17 C:/Users/MSI/Desktop/projet cote serveur/stock-management/app/Http/Middleware/RoleMiddleware.php(35): Illuminate/Pipeline/Pipeline->Illuminate/Pipeline/{closure}()
#18 C:/Users/MSI/Desktop/projet cote serveur/stock-management/vendor/laravel/framework/src/Illuminate/Pipeline/Pipeline.php(219): App/Http/Middleware/RoleMiddleware->handle()
#19 C:/Users/MSI/Desktop/projet cote serveur/stock-management/vendor/laravel/framework/src/Illuminate/Routing/Middleware/SubstituteBindings.php(50): Illuminate/Pipeline/Pipeline->Illuminate/Pipeline/{closure}()
#20 C:/Users/MSI/Desktop/projet cote serveur/stock-management/vendor/laravel/framework/src/Illuminate/Pipeline/Pipeline.php(219): Illuminate/Routing/Middleware/SubstituteBindings->handle()
#21 C:/Users/MSI/Desktop/projet cote serveur/stock-management/vendor/laravel/framework/src/Illuminate/Auth/Middleware/Authenticate.php(63): Illuminate/Pipeline/Pipeline->Illuminate/Pipeline/{closure}()
#22 C:/Users/MSI/Desktop/projet cote serveur/stock-management/vendor/laravel/framework/src/Illuminate/Pipeline/Pipeline.php(219): Illuminate/Auth/Middleware/Authenticate->handle()
#23 C:/Users/MSI/Desktop/projet cote serveur/stock-management/vendor/laravel/framework/src/Illuminate/Foundation/Http/Middleware/VerifyCsrfToken.php(87): Illuminate/Pipeline/Pipeline->Illuminate/Pipeline/{closure}()
#24 C:/Users/MSI/Desktop/projet cote serveur/stock-management/vendor/laravel/framework/src/Illuminate/Pipeline/Pipeline.php(219): Illuminate/Foundation/Http/Middleware/VerifyCsrfToken->handle()
#25 C:/Users/MSI/Desktop/projet cote serveur/stock-management/vendor/laravel/framework/src/Illuminate/View/Middleware/ShareErrorsFromSession.php(48): Illuminate/Pipeline/Pipeline->Illuminate/Pipeline/{closure}()
#26 C:/Users/MSI/Desktop/projet cote serveur/stock-management/vendor/laravel/framework/src/Illuminate/Pipeline/Pipeline.php(219): Illuminate/View/Middleware/ShareErrorsFromSession->handle()
#27 C:/Users/MSI/Desktop/projet cote serveur/stock-management/vendor/laravel/framework/src/Illuminate/Session/Middleware/StartSession.php(120): Illuminate/Pipeline/Pipeline->Illuminate/Pipeline/{closure}()
#28 C:/Users/MSI/Desktop/projet cote serveur/stock-management/vendor/laravel/framework/src/Illuminate/Session/Middleware/StartSession.php(63): Illuminate/Session/Middleware/StartSession->handleStatefulRequest()
#29 C:/Users/MSI/Desktop/projet cote serveur/stock-management/vendor/laravel/framework/src/Illuminate/Pipeline/Pipeline.php(219): Illuminate/Session/Middleware/StartSession->handle()
#30 C:/Users/MSI/Desktop/projet cote serveur/stock-management/vendor/laravel/framework/src/Illuminate/Cookie/Middleware/AddQueuedCookiesToResponse.php(36): Illuminate/Pipeline/Pipeline->Illuminate/Pipeline/{closure}()
#31 C:/Users/MSI/Desktop/projet cote serveur/stock-management/vendor/laravel/framework/src/Illuminate/Pipeline/Pipeline.php(219): Illuminate/Cookie/Middleware/AddQueuedCookiesToResponse->handle()
#32 C:/Users/MSI/Desktop/projet cote serveur/stock-management/vendor/laravel/framework/src/Illuminate/Cookie/Middleware/EncryptCookies.php(74): Illuminate/Pipeline/Pipeline->Illuminate/Pipeline/{closure}()
#33 C:/Users/MSI/Desktop/projet cote serveur/stock-management/vendor/laravel/framework/src/Illuminate/Pipeline/Pipeline.php(219): Illuminate/Cookie/Middleware/EncryptCookies->handle()
#34 C:/Users/MSI/Desktop/projet cote serveur/stock-management/vendor/laravel/framework/src/Illuminate/Pipeline/Pipeline.php(137): Illuminate/Pipeline/Pipeline->Illuminate/Pipeline/{closure}()
#35 C:/Users/MSI/Desktop/projet cote serveur/stock-management/vendor/laravel/framework/src/Illuminate/Routing/Router.php(821): Illuminate/Pipeline/Pipeline->then()
#36 C:/Users/MSI/Desktop/projet cote serveur/stock-management/vendor/laravel/framework/src/Illuminate/Routing/Router.php(800): Illuminate/Routing/Router->runRouteWithinStack()
#37 C:/Users/MSI/Desktop/projet cote serveur/stock-management/vendor/laravel/framework/src/Illuminate/Routing/Router.php(764): Illuminate/Routing/Router->runRoute()
#38 C:/Users/MSI/Desktop/projet cote serveur/stock-management/vendor/laravel/framework/src/Illuminate/Routing/Router.php(753): Illuminate/Routing/Router->dispatchToRoute()
#39 C:/Users/MSI/Desktop/projet cote serveur/stock-management/vendor/laravel/framework/src/Illuminate/Foundation/Http/Kernel.php(200): Illuminate/Routing/Router->dispatch()
#40 C:/Users/MSI/Desktop/projet cote serveur/stock-management/vendor/laravel/framework/src/Illuminate/Pipeline/Pipeline.php(180): Illuminate/Foundation/Http/Kernel->Illuminate/Foundation/Http/{closure}()
#41 C:/Users/MSI/Desktop/projet cote serveur/stock-management/vendor/laravel/framework/src/Illuminate/Foundation/Http/Middleware/TransformsRequest.php(21): Illuminate/Pipeline/Pipeline->Illuminate/Pipeline/{closure}()
#42 C:/Users/MSI/Desktop/projet cote serveur/stock-management/vendor/laravel/framework/src/Illuminate/Foundation/Http/Middleware/ConvertEmptyStringsToNull.php(31): Illuminate/Foundation/Http/Middleware/TransformsRequest->handle()
#43 C:/Users/MSI/Desktop/projet cote serveur/stock-management/vendor/laravel/framework/src/Illuminate/Pipeline/Pipeline.php(219): Illuminate/Foundation/Http/Middleware/ConvertEmptyStringsToNull->handle()
#44 C:/Users/MSI/Desktop/projet cote serveur/stock-management/vendor/laravel/framework/src/Illuminate/Foundation/Http/Middleware/TransformsRequest.php(21): Illuminate/Pipeline/Pipeline->Illuminate/Pipeline/{closure}()
#45 C:/Users/MSI/Desktop/projet cote serveur/stock-management/vendor/laravel/framework/src/Illuminate/Foundation/Http/Middleware/TrimStrings.php(51): Illuminate/Foundation/Http/Middleware/TransformsRequest->handle()
#46 C:/Users/MSI/Desktop/projet cote serveur/stock-management/vendor/laravel/framework/src/Illuminate/Pipeline/Pipeline.php(219): Illuminate/Foundation/Http/Middleware/TrimStrings->handle()
#47 C:/Users/MSI/Desktop/projet cote serveur/stock-management/vendor/laravel/framework/src/Illuminate/Http/Middleware/ValidatePostSize.php(27): Illuminate/Pipeline/Pipeline->Illuminate/Pipeline/{closure}()
#48 C:/Users/MSI/Desktop/projet cote serveur/stock-management/vendor/laravel/framework/src/Illuminate/Pipeline/Pipeline.php(219): Illuminate/Http/Middleware/ValidatePostSize->handle()
#49 C:/Users/MSI/Desktop/projet cote serveur/stock-management/vendor/laravel/framework/src/Illuminate/Foundation/Http/Middleware/PreventRequestsDuringMaintenance.php(109): Illuminate/Pipeline/Pipeline->Illuminate/Pipeline/{closure}()
#50 C:/Users/MSI/Desktop/projet cote serveur/stock-management/vendor/laravel/framework/src/Illuminate/Pipeline/Pipeline.php(219): Illuminate/Foundation/Http/Middleware/PreventRequestsDuringMaintenance->handle()
#51 C:/Users/MSI/Desktop/projet cote serveur/stock-management/vendor/laravel/framework/src/Illuminate/Http/Middleware/HandleCors.php(61): Illuminate/Pipeline/Pipeline->Illuminate/Pipeline/{closure}()
#52 C:/Users/MSI/Desktop/projet cote serveur/stock-management/vendor/laravel/framework/src/Illuminate/Pipeline/Pipeline.php(219): Illuminate/Http/Middleware/HandleCors->handle()
#53 C:/Users/MSI/Desktop/projet cote serveur/stock-management/vendor/laravel/framework/src/Illuminate/Http/Middleware/TrustProxies.php(58): Illuminate/Pipeline/Pipeline->Illuminate/Pipeline/{closure}()
#54 C:/Users/MSI/Desktop/projet cote serveur/stock-management/vendor/laravel/framework/src/Illuminate/Pipeline/Pipeline.php(219): Illuminate/Http/Middleware/TrustProxies->handle()
#55 C:/Users/MSI/Desktop/projet cote serveur/stock-management/vendor/laravel/framework/src/Illuminate/Foundation/Http/Middleware/InvokeDeferredCallbacks.php(22): Illuminate/Pipeline/Pipeline->Illuminate/Pipeline/{closure}()
#56 C:/Users/MSI/Desktop/projet cote serveur/stock-management/vendor/laravel/framework/src/Illuminate/Pipeline/Pipeline.php(219): Illuminate/Foundation/Http/Middleware/InvokeDeferredCallbacks->handle()
#57 C:/Users/MSI/Desktop/projet cote serveur/stock-management/vendor/laravel/framework/src/Illuminate/Http/Middleware/ValidatePathEncoding.php(26): Illuminate/Pipeline/Pipeline->Illuminate/Pipeline/{closure}()
#58 C:/Users/MSI/Desktop/projet cote serveur/stock-management/vendor/laravel/framework/src/Illuminate/Pipeline/Pipeline.php(219): Illuminate/Http/Middleware/ValidatePathEncoding->handle()
#59 C:/Users/MSI/Desktop/projet cote serveur/stock-management/vendor/laravel/framework/src/Illuminate/Pipeline/Pipeline.php(137): Illuminate/Pipeline/Pipeline->Illuminate/Pipeline/{closure}()
#60 C:/Users/MSI/Desktop/projet cote serveur/stock-management/vendor/laravel/framework/src/Illuminate/Foundation/Http/Kernel.php(175): Illuminate/Pipeline/Pipeline->then()
#61 C:/Users/MSI/Desktop/projet cote serveur/stock-management/vendor/laravel/framework/src/Illuminate/Foundation/Http/Kernel.php(144): Illuminate/Foundation/Http/Kernel->sendRequestThroughRouter()
#62 C:/Users/MSI/Desktop/projet cote serveur/stock-management/vendor/laravel/framework/src/Illuminate/Foundation/Application.php(1220): Illuminate/Foundation/Http/Kernel->handle()
#63 C:/Users/MSI/Desktop/projet cote serveur/stock-management/public/index.php(17): Illuminate/Foundation/Application->handleRequest()
#64 C:/Users/MSI/Desktop/projet cote serveur/stock-management/vendor/laravel/framework/src/Illuminate/Foundation/resources/server.php(23): require_once('...')
#65 {main}
"} 
[2026-04-29 20:22:17] local.ERROR: SQLSTATE[22P02]: Invalid text representation: 7 ERREUR:  syntaxe en entrée invalide pour le type integer : « seuil_alerte »
CONTEXT:  paramètre de portail non nommé $1 = '...' (Connection: pgsql, Host: 127.0.0.1, Port: 5432, Database: stock_management, SQL: select count(*) as aggregate from "products" where "quantite" > seuil_alerte) {"userId":1,"exception":"[object] (Illuminate\\Database\\QueryException(code: 22P02): SQLSTATE[22P02]: Invalid text representation: 7 ERREUR:  syntaxe en entrée invalide pour le type integer : « seuil_alerte »
CONTEXT:  paramètre de portail non nommé $1 = '...' (Connection: pgsql, Host: 127.0.0.1, Port: 5432, Database: stock_management, SQL: select count(*) as aggregate from \"products\" where \"quantite\" > seuil_alerte) at C:/Users/MSI/Desktop/projet cote serveur/stock-management/vendor/laravel/framework/src/Illuminate/Database/Connection.php:838)
[stacktrace]
#0 C:/Users/MSI/Desktop/projet cote serveur/stock-management/vendor/laravel/framework/src/Illuminate/Database/Connection.php(794): Illuminate/Database/Connection->runQueryCallback()
#1 C:/Users/MSI/Desktop/projet cote serveur/stock-management/vendor/laravel/framework/src/Illuminate/Database/Connection.php(411): Illuminate/Database/Connection->run()
#2 C:/Users/MSI/Desktop/projet cote serveur/stock-management/vendor/laravel/framework/src/Illuminate/Database/Query/Builder.php(3505): Illuminate/Database/Connection->select()
#3 C:/Users/MSI/Desktop/projet cote serveur/stock-management/vendor/laravel/framework/src/Illuminate/Database/Query/Builder.php(3490): Illuminate/Database/Query/Builder->runSelect()
#4 C:/Users/MSI/Desktop/projet cote serveur/stock-management/vendor/laravel/framework/src/Illuminate/Database/Query/Builder.php(4080): Illuminate/Database/Query/Builder->Illuminate/Database/Query/{closure}()
#5 C:/Users/MSI/Desktop/projet cote serveur/stock-management/vendor/laravel/framework/src/Illuminate/Database/Query/Builder.php(3489): Illuminate/Database/Query/Builder->onceWithColumns()
#6 C:/Users/MSI/Desktop/projet cote serveur/stock-management/vendor/laravel/framework/src/Illuminate/Database/Query/Builder.php(4004): Illuminate/Database/Query/Builder->get()
#7 C:/Users/MSI/Desktop/projet cote serveur/stock-management/vendor/laravel/framework/src/Illuminate/Database/Query/Builder.php(3932): Illuminate/Database/Query/Builder->aggregate()
#8 C:/Users/MSI/Desktop/projet cote serveur/stock-management/vendor/laravel/framework/src/Illuminate/Database/Eloquent/Builder.php(2237): Illuminate/Database/Query/Builder->count()
#9 C:/Users/MSI/Desktop/projet cote serveur/stock-management/app/Http/Controllers/Admin/DashboardController.php(55): Illuminate/Database/Eloquent/Builder->__call()
#10 C:/Users/MSI/Desktop/projet cote serveur/stock-management/vendor/laravel/framework/src/Illuminate/Routing/ControllerDispatcher.php(46): App/Http/Controllers/Admin/DashboardController->index()
#11 C:/Users/MSI/Desktop/projet cote serveur/stock-management/vendor/laravel/framework/src/Illuminate/Routing/Route.php(265): Illuminate/Routing/ControllerDispatcher->dispatch()
#12 C:/Users/MSI/Desktop/projet cote serveur/stock-management/vendor/laravel/framework/src/Illuminate/Routing/Route.php(211): Illuminate/Routing/Route->runController()
#13 C:/Users/MSI/Desktop/projet cote serveur/stock-management/vendor/laravel/framework/src/Illuminate/Routing/Router.php(822): Illuminate/Routing/Route->run()
#14 C:/Users/MSI/Desktop/projet cote serveur/stock-management/vendor/laravel/framework/src/Illuminate/Pipeline/Pipeline.php(180): Illuminate/Routing/Router->Illuminate/Routing/{closure}()
#15 C:/Users/MSI/Desktop/projet cote serveur/stock-management/app/Http/Middleware/RoleMiddleware.php(35): Illuminate/Pipeline/Pipeline->Illuminate/Pipeline/{closure}()
#16 C:/Users/MSI/Desktop/projet cote serveur/stock-management/vendor/laravel/framework/src/Illuminate/Pipeline/Pipeline.php(219): App/Http/Middleware/RoleMiddleware->handle()
#17 C:/Users/MSI/Desktop/projet cote serveur/stock-management/vendor/laravel/framework/src/Illuminate/Routing/Middleware/SubstituteBindings.php(50): Illuminate/Pipeline/Pipeline->Illuminate/Pipeline/{closure}()
#18 C:/Users/MSI/Desktop/projet cote serveur/stock-management/vendor/laravel/framework/src/Illuminate/Pipeline/Pipeline.php(219): Illuminate/Routing/Middleware/SubstituteBindings->handle()
#19 C:/Users/MSI/Desktop/projet cote serveur/stock-management/vendor/laravel/framework/src/Illuminate/Auth/Middleware/Authenticate.php(63): Illuminate/Pipeline/Pipeline->Illuminate/Pipeline/{closure}()
#20 C:/Users/MSI/Desktop/projet cote serveur/stock-management/vendor/laravel/framework/src/Illuminate/Pipeline/Pipeline.php(219): Illuminate/Auth/Middleware/Authenticate->handle()
#21 C:/Users/MSI/Desktop/projet cote serveur/stock-management/vendor/laravel/framework/src/Illuminate/Foundation/Http/Middleware/VerifyCsrfToken.php(87): Illuminate/Pipeline/Pipeline->Illuminate/Pipeline/{closure}()
#22 C:/Users/MSI/Desktop/projet cote serveur/stock-management/vendor/laravel/framework/src/Illuminate/Pipeline/Pipeline.php(219): Illuminate/Foundation/Http/Middleware/VerifyCsrfToken->handle()
#23 C:/Users/MSI/Desktop/projet cote serveur/stock-management/vendor/laravel/framework/src/Illuminate/View/Middleware/ShareErrorsFromSession.php(48): Illuminate/Pipeline/Pipeline->Illuminate/Pipeline/{closure}()
#24 C:/Users/MSI/Desktop/projet cote serveur/stock-management/vendor/laravel/framework/src/Illuminate/Pipeline/Pipeline.php(219): Illuminate/View/Middleware/ShareErrorsFromSession->handle()
#25 C:/Users/MSI/Desktop/projet cote serveur/stock-management/vendor/laravel/framework/src/Illuminate/Session/Middleware/StartSession.php(120): Illuminate/Pipeline/Pipeline->Illuminate/Pipeline/{closure}()
#26 C:/Users/MSI/Desktop/projet cote serveur/stock-management/vendor/laravel/framework/src/Illuminate/Session/Middleware/StartSession.php(63): Illuminate/Session/Middleware/StartSession->handleStatefulRequest()
#27 C:/Users/MSI/Desktop/projet cote serveur/stock-management/vendor/laravel/framework/src/Illuminate/Pipeline/Pipeline.php(219): Illuminate/Session/Middleware/StartSession->handle()
#28 C:/Users/MSI/Desktop/projet cote serveur/stock-management/vendor/laravel/framework/src/Illuminate/Cookie/Middleware/AddQueuedCookiesToResponse.php(36): Illuminate/Pipeline/Pipeline->Illuminate/Pipeline/{closure}()
#29 C:/Users/MSI/Desktop/projet cote serveur/stock-management/vendor/laravel/framework/src/Illuminate/Pipeline/Pipeline.php(219): Illuminate/Cookie/Middleware/AddQueuedCookiesToResponse->handle()
#30 C:/Users/MSI/Desktop/projet cote serveur/stock-management/vendor/laravel/framework/src/Illuminate/Cookie/Middleware/EncryptCookies.php(74): Illuminate/Pipeline/Pipeline->Illuminate/Pipeline/{closure}()
#31 C:/Users/MSI/Desktop/projet cote serveur/stock-management/vendor/laravel/framework/src/Illuminate/Pipeline/Pipeline.php(219): Illuminate/Cookie/Middleware/EncryptCookies->handle()
#32 C:/Users/MSI/Desktop/projet cote serveur/stock-management/vendor/laravel/framework/src/Illuminate/Pipeline/Pipeline.php(137): Illuminate/Pipeline/Pipeline->Illuminate/Pipeline/{closure}()
#33 C:/Users/MSI/Desktop/projet cote serveur/stock-management/vendor/laravel/framework/src/Illuminate/Routing/Router.php(821): Illuminate/Pipeline/Pipeline->then()
#34 C:/Users/MSI/Desktop/projet cote serveur/stock-management/vendor/laravel/framework/src/Illuminate/Routing/Router.php(800): Illuminate/Routing/Router->runRouteWithinStack()
#35 C:/Users/MSI/Desktop/projet cote serveur/stock-management/vendor/laravel/framework/src/Illuminate/Routing/Router.php(764): Illuminate/Routing/Router->runRoute()
#36 C:/Users/MSI/Desktop/projet cote serveur/stock-management/vendor/laravel/framework/src/Illuminate/Routing/Router.php(753): Illuminate/Routing/Router->dispatchToRoute()
#37 C:/Users/MSI/Desktop/projet cote serveur/stock-management/vendor/laravel/framework/src/Illuminate/Foundation/Http/Kernel.php(200): Illuminate/Routing/Router->dispatch()
#38 C:/Users/MSI/Desktop/projet cote serveur/stock-management/vendor/laravel/framework/src/Illuminate/Pipeline/Pipeline.php(180): Illuminate/Foundation/Http/Kernel->Illuminate/Foundation/Http/{closure}()
#39 C:/Users/MSI/Desktop/projet cote serveur/stock-management/vendor/laravel/framework/src/Illuminate/Foundation/Http/Middleware/TransformsRequest.php(21): Illuminate/Pipeline/Pipeline->Illuminate/Pipeline/{closure}()
#40 C:/Users/MSI/Desktop/projet cote serveur/stock-management/vendor/laravel/framework/src/Illuminate/Foundation/Http/Middleware/ConvertEmptyStringsToNull.php(31): Illuminate/Foundation/Http/Middleware/TransformsRequest->handle()
#41 C:/Users/MSI/Desktop/projet cote serveur/stock-management/vendor/laravel/framework/src/Illuminate/Pipeline/Pipeline.php(219): Illuminate/Foundation/Http/Middleware/ConvertEmptyStringsToNull->handle()
#42 C:/Users/MSI/Desktop/projet cote serveur/stock-management/vendor/laravel/framework/src/Illuminate/Foundation/Http/Middleware/TransformsRequest.php(21): Illuminate/Pipeline/Pipeline->Illuminate/Pipeline/{closure}()
#43 C:/Users/MSI/Desktop/projet cote serveur/stock-management/vendor/laravel/framework/src/Illuminate/Foundation/Http/Middleware/TrimStrings.php(51): Illuminate/Foundation/Http/Middleware/TransformsRequest->handle()
#44 C:/Users/MSI/Desktop/projet cote serveur/stock-management/vendor/laravel/framework/src/Illuminate/Pipeline/Pipeline.php(219): Illuminate/Foundation/Http/Middleware/TrimStrings->handle()
#45 C:/Users/MSI/Desktop/projet cote serveur/stock-management/vendor/laravel/framework/src/Illuminate/Http/Middleware/ValidatePostSize.php(27): Illuminate/Pipeline/Pipeline->Illuminate/Pipeline/{closure}()
#46 C:/Users/MSI/Desktop/projet cote serveur/stock-management/vendor/laravel/framework/src/Illuminate/Pipeline/Pipeline.php(219): Illuminate/Http/Middleware/ValidatePostSize->handle()
#47 C:/Users/MSI/Desktop/projet cote serveur/stock-management/vendor/laravel/framework/src/Illuminate/Foundation/Http/Middleware/PreventRequestsDuringMaintenance.php(109): Illuminate/Pipeline/Pipeline->Illuminate/Pipeline/{closure}()
#48 C:/Users/MSI/Desktop/projet cote serveur/stock-management/vendor/laravel/framework/src/Illuminate/Pipeline/Pipeline.php(219): Illuminate/Foundation/Http/Middleware/PreventRequestsDuringMaintenance->handle()
#49 C:/Users/MSI/Desktop/projet cote serveur/stock-management/vendor/laravel/framework/src/Illuminate/Http/Middleware/HandleCors.php(61): Illuminate/Pipeline/Pipeline->Illuminate/Pipeline/{closure}()
#50 C:/Users/MSI/Desktop/projet cote serveur/stock-management/vendor/laravel/framework/src/Illuminate/Pipeline/Pipeline.php(219): Illuminate/Http/Middleware/HandleCors->handle()
#51 C:/Users/MSI/Desktop/projet cote serveur/stock-management/vendor/laravel/framework/src/Illuminate/Http/Middleware/TrustProxies.php(58): Illuminate/Pipeline/Pipeline->Illuminate/Pipeline/{closure}()
#52 C:/Users/MSI/Desktop/projet cote serveur/stock-management/vendor/laravel/framework/src/Illuminate/Pipeline/Pipeline.php(219): Illuminate/Http/Middleware/TrustProxies->handle()
#53 C:/Users/MSI/Desktop/projet cote serveur/stock-management/vendor/laravel/framework/src/Illuminate/Foundation/Http/Middleware/InvokeDeferredCallbacks.php(22): Illuminate/Pipeline/Pipeline->Illuminate/Pipeline/{closure}()
#54 C:/Users/MSI/Desktop/projet cote serveur/stock-management/vendor/laravel/framework/src/Illuminate/Pipeline/Pipeline.php(219): Illuminate/Foundation/Http/Middleware/InvokeDeferredCallbacks->handle()
#55 C:/Users/MSI/Desktop/projet cote serveur/stock-management/vendor/laravel/framework/src/Illuminate/Http/Middleware/ValidatePathEncoding.php(26): Illuminate/Pipeline/Pipeline->Illuminate/Pipeline/{closure}()
#56 C:/Users/MSI/Desktop/projet cote serveur/stock-management/vendor/laravel/framework/src/Illuminate/Pipeline/Pipeline.php(219): Illuminate/Http/Middleware/ValidatePathEncoding->handle()
#57 C:/Users/MSI/Desktop/projet cote serveur/stock-management/vendor/laravel/framework/src/Illuminate/Pipeline/Pipeline.php(137): Illuminate/Pipeline/Pipeline->Illuminate/Pipeline/{closure}()
#58 C:/Users/MSI/Desktop/projet cote serveur/stock-management/vendor/laravel/framework/src/Illuminate/Foundation/Http/Kernel.php(175): Illuminate/Pipeline/Pipeline->then()
#59 C:/Users/MSI/Desktop/projet cote serveur/stock-management/vendor/laravel/framework/src/Illuminate/Foundation/Http/Kernel.php(144): Illuminate/Foundation/Http/Kernel->sendRequestThroughRouter()
#60 C:/Users/MSI/Desktop/projet cote serveur/stock-management/vendor/laravel/framework/src/Illuminate/Foundation/Application.php(1220): Illuminate/Foundation/Http/Kernel->handle()
#61 C:/Users/MSI/Desktop/projet cote serveur/stock-management/public/index.php(17): Illuminate/Foundation/Application->handleRequest()
#62 C:/Users/MSI/Desktop/projet cote serveur/stock-management/vendor/laravel/framework/src/Illuminate/Foundation/resources/server.php(23): require_once('...')
#63 {main}

[previous exception] [object] (PDOException(code: 22P02): SQLSTATE[22P02]: Invalid text representation: 7 ERREUR:  syntaxe en entrée invalide pour le type integer : « seuil_alerte »
CONTEXT:  paramètre de portail non nommé $1 = '...' at C:/Users/MSI/Desktop/projet cote serveur/stock-management/vendor/laravel/framework/src/Illuminate/Database/Connection.php:425)
[stacktrace]
#0 C:/Users/MSI/Desktop/projet cote serveur/stock-management/vendor/laravel/framework/src/Illuminate/Database/Connection.php(425): PDOStatement->execute()
#1 C:/Users/MSI/Desktop/projet cote serveur/stock-management/vendor/laravel/framework/src/Illuminate/Database/Connection.php(827): Illuminate/Database/Connection->Illuminate/Database/{closure}()
#2 C:/Users/MSI/Desktop/projet cote serveur/stock-management/vendor/laravel/framework/src/Illuminate/Database/Connection.php(794): Illuminate/Database/Connection->runQueryCallback()
#3 C:/Users/MSI/Desktop/projet cote serveur/stock-management/vendor/laravel/framework/src/Illuminate/Database/Connection.php(411): Illuminate/Database/Connection->run()
#4 C:/Users/MSI/Desktop/projet cote serveur/stock-management/vendor/laravel/framework/src/Illuminate/Database/Query/Builder.php(3505): Illuminate/Database/Connection->select()
#5 C:/Users/MSI/Desktop/projet cote serveur/stock-management/vendor/laravel/framework/src/Illuminate/Database/Query/Builder.php(3490): Illuminate/Database/Query/Builder->runSelect()
#6 C:/Users/MSI/Desktop/projet cote serveur/stock-management/vendor/laravel/framework/src/Illuminate/Database/Query/Builder.php(4080): Illuminate/Database/Query/Builder->Illuminate/Database/Query/{closure}()
#7 C:/Users/MSI/Desktop/projet cote serveur/stock-management/vendor/laravel/framework/src/Illuminate/Database/Query/Builder.php(3489): Illuminate/Database/Query/Builder->onceWithColumns()
#8 C:/Users/MSI/Desktop/projet cote serveur/stock-management/vendor/laravel/framework/src/Illuminate/Database/Query/Builder.php(4004): Illuminate/Database/Query/Builder->get()
#9 C:/Users/MSI/Desktop/projet cote serveur/stock-management/vendor/laravel/framework/src/Illuminate/Database/Query/Builder.php(3932): Illuminate/Database/Query/Builder->aggregate()
#10 C:/Users/MSI/Desktop/projet cote serveur/stock-management/vendor/laravel/framework/src/Illuminate/Database/Eloquent/Builder.php(2237): Illuminate/Database/Query/Builder->count()
#11 C:/Users/MSI/Desktop/projet cote serveur/stock-management/app/Http/Controllers/Admin/DashboardController.php(55): Illuminate/Database/Eloquent/Builder->__call()
#12 C:/Users/MSI/Desktop/projet cote serveur/stock-management/vendor/laravel/framework/src/Illuminate/Routing/ControllerDispatcher.php(46): App/Http/Controllers/Admin/DashboardController->index()
#13 C:/Users/MSI/Desktop/projet cote serveur/stock-management/vendor/laravel/framework/src/Illuminate/Routing/Route.php(265): Illuminate/Routing/ControllerDispatcher->dispatch()
#14 C:/Users/MSI/Desktop/projet cote serveur/stock-management/vendor/laravel/framework/src/Illuminate/Routing/Route.php(211): Illuminate/Routing/Route->runController()
#15 C:/Users/MSI/Desktop/projet cote serveur/stock-management/vendor/laravel/framework/src/Illuminate/Routing/Router.php(822): Illuminate/Routing/Route->run()
#16 C:/Users/MSI/Desktop/projet cote serveur/stock-management/vendor/laravel/framework/src/Illuminate/Pipeline/Pipeline.php(180): Illuminate/Routing/Router->Illuminate/Routing/{closure}()
#17 C:/Users/MSI/Desktop/projet cote serveur/stock-management/app/Http/Middleware/RoleMiddleware.php(35): Illuminate/Pipeline/Pipeline->Illuminate/Pipeline/{closure}()
#18 C:/Users/MSI/Desktop/projet cote serveur/stock-management/vendor/laravel/framework/src/Illuminate/Pipeline/Pipeline.php(219): App/Http/Middleware/RoleMiddleware->handle()
#19 C:/Users/MSI/Desktop/projet cote serveur/stock-management/vendor/laravel/framework/src/Illuminate/Routing/Middleware/SubstituteBindings.php(50): Illuminate/Pipeline/Pipeline->Illuminate/Pipeline/{closure}()
#20 C:/Users/MSI/Desktop/projet cote serveur/stock-management/vendor/laravel/framework/src/Illuminate/Pipeline/Pipeline.php(219): Illuminate/Routing/Middleware/SubstituteBindings->handle()
#21 C:/Users/MSI/Desktop/projet cote serveur/stock-management/vendor/laravel/framework/src/Illuminate/Auth/Middleware/Authenticate.php(63): Illuminate/Pipeline/Pipeline->Illuminate/Pipeline/{closure}()
#22 C:/Users/MSI/Desktop/projet cote serveur/stock-management/vendor/laravel/framework/src/Illuminate/Pipeline/Pipeline.php(219): Illuminate/Auth/Middleware/Authenticate->handle()
#23 C:/Users/MSI/Desktop/projet cote serveur/stock-management/vendor/laravel/framework/src/Illuminate/Foundation/Http/Middleware/VerifyCsrfToken.php(87): Illuminate/Pipeline/Pipeline->Illuminate/Pipeline/{closure}()
#24 C:/Users/MSI/Desktop/projet cote serveur/stock-management/vendor/laravel/framework/src/Illuminate/Pipeline/Pipeline.php(219): Illuminate/Foundation/Http/Middleware/VerifyCsrfToken->handle()
#25 C:/Users/MSI/Desktop/projet cote serveur/stock-management/vendor/laravel/framework/src/Illuminate/View/Middleware/ShareErrorsFromSession.php(48): Illuminate/Pipeline/Pipeline->Illuminate/Pipeline/{closure}()
#26 C:/Users/MSI/Desktop/projet cote serveur/stock-management/vendor/laravel/framework/src/Illuminate/Pipeline/Pipeline.php(219): Illuminate/View/Middleware/ShareErrorsFromSession->handle()
#27 C:/Users/MSI/Desktop/projet cote serveur/stock-management/vendor/laravel/framework/src/Illuminate/Session/Middleware/StartSession.php(120): Illuminate/Pipeline/Pipeline->Illuminate/Pipeline/{closure}()
#28 C:/Users/MSI/Desktop/projet cote serveur/stock-management/vendor/laravel/framework/src/Illuminate/Session/Middleware/StartSession.php(63): Illuminate/Session/Middleware/StartSession->handleStatefulRequest()
#29 C:/Users/MSI/Desktop/projet cote serveur/stock-management/vendor/laravel/framework/src/Illuminate/Pipeline/Pipeline.php(219): Illuminate/Session/Middleware/StartSession->handle()
#30 C:/Users/MSI/Desktop/projet cote serveur/stock-management/vendor/laravel/framework/src/Illuminate/Cookie/Middleware/AddQueuedCookiesToResponse.php(36): Illuminate/Pipeline/Pipeline->Illuminate/Pipeline/{closure}()
#31 C:/Users/MSI/Desktop/projet cote serveur/stock-management/vendor/laravel/framework/src/Illuminate/Pipeline/Pipeline.php(219): Illuminate/Cookie/Middleware/AddQueuedCookiesToResponse->handle()
#32 C:/Users/MSI/Desktop/projet cote serveur/stock-management/vendor/laravel/framework/src/Illuminate/Cookie/Middleware/EncryptCookies.php(74): Illuminate/Pipeline/Pipeline->Illuminate/Pipeline/{closure}()
#33 C:/Users/MSI/Desktop/projet cote serveur/stock-management/vendor/laravel/framework/src/Illuminate/Pipeline/Pipeline.php(219): Illuminate/Cookie/Middleware/EncryptCookies->handle()
#34 C:/Users/MSI/Desktop/projet cote serveur/stock-management/vendor/laravel/framework/src/Illuminate/Pipeline/Pipeline.php(137): Illuminate/Pipeline/Pipeline->Illuminate/Pipeline/{closure}()
#35 C:/Users/MSI/Desktop/projet cote serveur/stock-management/vendor/laravel/framework/src/Illuminate/Routing/Router.php(821): Illuminate/Pipeline/Pipeline->then()
#36 C:/Users/MSI/Desktop/projet cote serveur/stock-management/vendor/laravel/framework/src/Illuminate/Routing/Router.php(800): Illuminate/Routing/Router->runRouteWithinStack()
#37 C:/Users/MSI/Desktop/projet cote serveur/stock-management/vendor/laravel/framework/src/Illuminate/Routing/Router.php(764): Illuminate/Routing/Router->runRoute()
#38 C:/Users/MSI/Desktop/projet cote serveur/stock-management/vendor/laravel/framework/src/Illuminate/Routing/Router.php(753): Illuminate/Routing/Router->dispatchToRoute()
#39 C:/Users/MSI/Desktop/projet cote serveur/stock-management/vendor/laravel/framework/src/Illuminate/Foundation/Http/Kernel.php(200): Illuminate/Routing/Router->dispatch()
#40 C:/Users/MSI/Desktop/projet cote serveur/stock-management/vendor/laravel/framework/src/Illuminate/Pipeline/Pipeline.php(180): Illuminate/Foundation/Http/Kernel->Illuminate/Foundation/Http/{closure}()
#41 C:/Users/MSI/Desktop/projet cote serveur/stock-management/vendor/laravel/framework/src/Illuminate/Foundation/Http/Middleware/TransformsRequest.php(21): Illuminate/Pipeline/Pipeline->Illuminate/Pipeline/{closure}()
#42 C:/Users/MSI/Desktop/projet cote serveur/stock-management/vendor/laravel/framework/src/Illuminate/Foundation/Http/Middleware/ConvertEmptyStringsToNull.php(31): Illuminate/Foundation/Http/Middleware/TransformsRequest->handle()
#43 C:/Users/MSI/Desktop/projet cote serveur/stock-management/vendor/laravel/framework/src/Illuminate/Pipeline/Pipeline.php(219): Illuminate/Foundation/Http/Middleware/ConvertEmptyStringsToNull->handle()
#44 C:/Users/MSI/Desktop/projet cote serveur/stock-management/vendor/laravel/framework/src/Illuminate/Foundation/Http/Middleware/TransformsRequest.php(21): Illuminate/Pipeline/Pipeline->Illuminate/Pipeline/{closure}()
#45 C:/Users/MSI/Desktop/projet cote serveur/stock-management/vendor/laravel/framework/src/Illuminate/Foundation/Http/Middleware/TrimStrings.php(51): Illuminate/Foundation/Http/Middleware/TransformsRequest->handle()
#46 C:/Users/MSI/Desktop/projet cote serveur/stock-management/vendor/laravel/framework/src/Illuminate/Pipeline/Pipeline.php(219): Illuminate/Foundation/Http/Middleware/TrimStrings->handle()
#47 C:/Users/MSI/Desktop/projet cote serveur/stock-management/vendor/laravel/framework/src/Illuminate/Http/Middleware/ValidatePostSize.php(27): Illuminate/Pipeline/Pipeline->Illuminate/Pipeline/{closure}()
#48 C:/Users/MSI/Desktop/projet cote serveur/stock-management/vendor/laravel/framework/src/Illuminate/Pipeline/Pipeline.php(219): Illuminate/Http/Middleware/ValidatePostSize->handle()
#49 C:/Users/MSI/Desktop/projet cote serveur/stock-management/vendor/laravel/framework/src/Illuminate/Foundation/Http/Middleware/PreventRequestsDuringMaintenance.php(109): Illuminate/Pipeline/Pipeline->Illuminate/Pipeline/{closure}()
#50 C:/Users/MSI/Desktop/projet cote serveur/stock-management/vendor/laravel/framework/src/Illuminate/Pipeline/Pipeline.php(219): Illuminate/Foundation/Http/Middleware/PreventRequestsDuringMaintenance->handle()
#51 C:/Users/MSI/Desktop/projet cote serveur/stock-management/vendor/laravel/framework/src/Illuminate/Http/Middleware/HandleCors.php(61): Illuminate/Pipeline/Pipeline->Illuminate/Pipeline/{closure}()
#52 C:/Users/MSI/Desktop/projet cote serveur/stock-management/vendor/laravel/framework/src/Illuminate/Pipeline/Pipeline.php(219): Illuminate/Http/Middleware/HandleCors->handle()
#53 C:/Users/MSI/Desktop/projet cote serveur/stock-management/vendor/laravel/framework/src/Illuminate/Http/Middleware/TrustProxies.php(58): Illuminate/Pipeline/Pipeline->Illuminate/Pipeline/{closure}()
#54 C:/Users/MSI/Desktop/projet cote serveur/stock-management/vendor/laravel/framework/src/Illuminate/Pipeline/Pipeline.php(219): Illuminate/Http/Middleware/TrustProxies->handle()
#55 C:/Users/MSI/Desktop/projet cote serveur/stock-management/vendor/laravel/framework/src/Illuminate/Foundation/Http/Middleware/InvokeDeferredCallbacks.php(22): Illuminate/Pipeline/Pipeline->Illuminate/Pipeline/{closure}()
#56 C:/Users/MSI/Desktop/projet cote serveur/stock-management/vendor/laravel/framework/src/Illuminate/Pipeline/Pipeline.php(219): Illuminate/Foundation/Http/Middleware/InvokeDeferredCallbacks->handle()
#57 C:/Users/MSI/Desktop/projet cote serveur/stock-management/vendor/laravel/framework/src/Illuminate/Http/Middleware/ValidatePathEncoding.php(26): Illuminate/Pipeline/Pipeline->Illuminate/Pipeline/{closure}()
#58 C:/Users/MSI/Desktop/projet cote serveur/stock-management/vendor/laravel/framework/src/Illuminate/Pipeline/Pipeline.php(219): Illuminate/Http/Middleware/ValidatePathEncoding->handle()
#59 C:/Users/MSI/Desktop/projet cote serveur/stock-management/vendor/laravel/framework/src/Illuminate/Pipeline/Pipeline.php(137): Illuminate/Pipeline/Pipeline->Illuminate/Pipeline/{closure}()
#60 C:/Users/MSI/Desktop/projet cote serveur/stock-management/vendor/laravel/framework/src/Illuminate/Foundation/Http/Kernel.php(175): Illuminate/Pipeline/Pipeline->then()
#61 C:/Users/MSI/Desktop/projet cote serveur/stock-management/vendor/laravel/framework/src/Illuminate/Foundation/Http/Kernel.php(144): Illuminate/Foundation/Http/Kernel->sendRequestThroughRouter()
#62 C:/Users/MSI/Desktop/projet cote serveur/stock-management/vendor/laravel/framework/src/Illuminate/Foundation/Application.php(1220): Illuminate/Foundation/Http/Kernel->handle()
#63 C:/Users/MSI/Desktop/projet cote serveur/stock-management/public/index.php(17): Illuminate/Foundation/Application->handleRequest()
#64 C:/Users/MSI/Desktop/projet cote serveur/stock-management/vendor/laravel/framework/src/Illuminate/Foundation/resources/server.php(23): require_once('...')
#65 {main}
"} 
[2026-04-29 20:22:18] local.ERROR: SQLSTATE[22P02]: Invalid text representation: 7 ERREUR:  syntaxe en entrée invalide pour le type integer : « seuil_alerte »
CONTEXT:  paramètre de portail non nommé $1 = '...' (Connection: pgsql, Host: 127.0.0.1, Port: 5432, Database: stock_management, SQL: select count(*) as aggregate from "products" where "quantite" > seuil_alerte) {"userId":1,"exception":"[object] (Illuminate\\Database\\QueryException(code: 22P02): SQLSTATE[22P02]: Invalid text representation: 7 ERREUR:  syntaxe en entrée invalide pour le type integer : « seuil_alerte »
CONTEXT:  paramètre de portail non nommé $1 = '...' (Connection: pgsql, Host: 127.0.0.1, Port: 5432, Database: stock_management, SQL: select count(*) as aggregate from \"products\" where \"quantite\" > seuil_alerte) at C:/Users/MSI/Desktop/projet cote serveur/stock-management/vendor/laravel/framework/src/Illuminate/Database/Connection.php:838)
[stacktrace]
#0 C:/Users/MSI/Desktop/projet cote serveur/stock-management/vendor/laravel/framework/src/Illuminate/Database/Connection.php(794): Illuminate/Database/Connection->runQueryCallback()
#1 C:/Users/MSI/Desktop/projet cote serveur/stock-management/vendor/laravel/framework/src/Illuminate/Database/Connection.php(411): Illuminate/Database/Connection->run()
#2 C:/Users/MSI/Desktop/projet cote serveur/stock-management/vendor/laravel/framework/src/Illuminate/Database/Query/Builder.php(3505): Illuminate/Database/Connection->select()
#3 C:/Users/MSI/Desktop/projet cote serveur/stock-management/vendor/laravel/framework/src/Illuminate/Database/Query/Builder.php(3490): Illuminate/Database/Query/Builder->runSelect()
#4 C:/Users/MSI/Desktop/projet cote serveur/stock-management/vendor/laravel/framework/src/Illuminate/Database/Query/Builder.php(4080): Illuminate/Database/Query/Builder->Illuminate/Database/Query/{closure}()
#5 C:/Users/MSI/Desktop/projet cote serveur/stock-management/vendor/laravel/framework/src/Illuminate/Database/Query/Builder.php(3489): Illuminate/Database/Query/Builder->onceWithColumns()
#6 C:/Users/MSI/Desktop/projet cote serveur/stock-management/vendor/laravel/framework/src/Illuminate/Database/Query/Builder.php(4004): Illuminate/Database/Query/Builder->get()
#7 C:/Users/MSI/Desktop/projet cote serveur/stock-management/vendor/laravel/framework/src/Illuminate/Database/Query/Builder.php(3932): Illuminate/Database/Query/Builder->aggregate()
#8 C:/Users/MSI/Desktop/projet cote serveur/stock-management/vendor/laravel/framework/src/Illuminate/Database/Eloquent/Builder.php(2237): Illuminate/Database/Query/Builder->count()
#9 C:/Users/MSI/Desktop/projet cote serveur/stock-management/app/Http/Controllers/Admin/DashboardController.php(55): Illuminate/Database/Eloquent/Builder->__call()
#10 C:/Users/MSI/Desktop/projet cote serveur/stock-management/vendor/laravel/framework/src/Illuminate/Routing/ControllerDispatcher.php(46): App/Http/Controllers/Admin/DashboardController->index()
#11 C:/Users/MSI/Desktop/projet cote serveur/stock-management/vendor/laravel/framework/src/Illuminate/Routing/Route.php(265): Illuminate/Routing/ControllerDispatcher->dispatch()
#12 C:/Users/MSI/Desktop/projet cote serveur/stock-management/vendor/laravel/framework/src/Illuminate/Routing/Route.php(211): Illuminate/Routing/Route->runController()
#13 C:/Users/MSI/Desktop/projet cote serveur/stock-management/vendor/laravel/framework/src/Illuminate/Routing/Router.php(822): Illuminate/Routing/Route->run()
#14 C:/Users/MSI/Desktop/projet cote serveur/stock-management/vendor/laravel/framework/src/Illuminate/Pipeline/Pipeline.php(180): Illuminate/Routing/Router->Illuminate/Routing/{closure}()
#15 C:/Users/MSI/Desktop/projet cote serveur/stock-management/app/Http/Middleware/RoleMiddleware.php(35): Illuminate/Pipeline/Pipeline->Illuminate/Pipeline/{closure}()
#16 C:/Users/MSI/Desktop/projet cote serveur/stock-management/vendor/laravel/framework/src/Illuminate/Pipeline/Pipeline.php(219): App/Http/Middleware/RoleMiddleware->handle()
#17 C:/Users/MSI/Desktop/projet cote serveur/stock-management/vendor/laravel/framework/src/Illuminate/Routing/Middleware/SubstituteBindings.php(50): Illuminate/Pipeline/Pipeline->Illuminate/Pipeline/{closure}()
#18 C:/Users/MSI/Desktop/projet cote serveur/stock-management/vendor/laravel/framework/src/Illuminate/Pipeline/Pipeline.php(219): Illuminate/Routing/Middleware/SubstituteBindings->handle()
#19 C:/Users/MSI/Desktop/projet cote serveur/stock-management/vendor/laravel/framework/src/Illuminate/Auth/Middleware/Authenticate.php(63): Illuminate/Pipeline/Pipeline->Illuminate/Pipeline/{closure}()
#20 C:/Users/MSI/Desktop/projet cote serveur/stock-management/vendor/laravel/framework/src/Illuminate/Pipeline/Pipeline.php(219): Illuminate/Auth/Middleware/Authenticate->handle()
#21 C:/Users/MSI/Desktop/projet cote serveur/stock-management/vendor/laravel/framework/src/Illuminate/Foundation/Http/Middleware/VerifyCsrfToken.php(87): Illuminate/Pipeline/Pipeline->Illuminate/Pipeline/{closure}()
#22 C:/Users/MSI/Desktop/projet cote serveur/stock-management/vendor/laravel/framework/src/Illuminate/Pipeline/Pipeline.php(219): Illuminate/Foundation/Http/Middleware/VerifyCsrfToken->handle()
#23 C:/Users/MSI/Desktop/projet cote serveur/stock-management/vendor/laravel/framework/src/Illuminate/View/Middleware/ShareErrorsFromSession.php(48): Illuminate/Pipeline/Pipeline->Illuminate/Pipeline/{closure}()
#24 C:/Users/MSI/Desktop/projet cote serveur/stock-management/vendor/laravel/framework/src/Illuminate/Pipeline/Pipeline.php(219): Illuminate/View/Middleware/ShareErrorsFromSession->handle()
#25 C:/Users/MSI/Desktop/projet cote serveur/stock-management/vendor/laravel/framework/src/Illuminate/Session/Middleware/StartSession.php(120): Illuminate/Pipeline/Pipeline->Illuminate/Pipeline/{closure}()
#26 C:/Users/MSI/Desktop/projet cote serveur/stock-management/vendor/laravel/framework/src/Illuminate/Session/Middleware/StartSession.php(63): Illuminate/Session/Middleware/StartSession->handleStatefulRequest()
#27 C:/Users/MSI/Desktop/projet cote serveur/stock-management/vendor/laravel/framework/src/Illuminate/Pipeline/Pipeline.php(219): Illuminate/Session/Middleware/StartSession->handle()
#28 C:/Users/MSI/Desktop/projet cote serveur/stock-management/vendor/laravel/framework/src/Illuminate/Cookie/Middleware/AddQueuedCookiesToResponse.php(36): Illuminate/Pipeline/Pipeline->Illuminate/Pipeline/{closure}()
#29 C:/Users/MSI/Desktop/projet cote serveur/stock-management/vendor/laravel/framework/src/Illuminate/Pipeline/Pipeline.php(219): Illuminate/Cookie/Middleware/AddQueuedCookiesToResponse->handle()
#30 C:/Users/MSI/Desktop/projet cote serveur/stock-management/vendor/laravel/framework/src/Illuminate/Cookie/Middleware/EncryptCookies.php(74): Illuminate/Pipeline/Pipeline->Illuminate/Pipeline/{closure}()
#31 C:/Users/MSI/Desktop/projet cote serveur/stock-management/vendor/laravel/framework/src/Illuminate/Pipeline/Pipeline.php(219): Illuminate/Cookie/Middleware/EncryptCookies->handle()
#32 C:/Users/MSI/Desktop/projet cote serveur/stock-management/vendor/laravel/framework/src/Illuminate/Pipeline/Pipeline.php(137): Illuminate/Pipeline/Pipeline->Illuminate/Pipeline/{closure}()
#33 C:/Users/MSI/Desktop/projet cote serveur/stock-management/vendor/laravel/framework/src/Illuminate/Routing/Router.php(821): Illuminate/Pipeline/Pipeline->then()
#34 C:/Users/MSI/Desktop/projet cote serveur/stock-management/vendor/laravel/framework/src/Illuminate/Routing/Router.php(800): Illuminate/Routing/Router->runRouteWithinStack()
#35 C:/Users/MSI/Desktop/projet cote serveur/stock-management/vendor/laravel/framework/src/Illuminate/Routing/Router.php(764): Illuminate/Routing/Router->runRoute()
#36 C:/Users/MSI/Desktop/projet cote serveur/stock-management/vendor/laravel/framework/src/Illuminate/Routing/Router.php(753): Illuminate/Routing/Router->dispatchToRoute()
#37 C:/Users/MSI/Desktop/projet cote serveur/stock-management/vendor/laravel/framework/src/Illuminate/Foundation/Http/Kernel.php(200): Illuminate/Routing/Router->dispatch()
#38 C:/Users/MSI/Desktop/projet cote serveur/stock-management/vendor/laravel/framework/src/Illuminate/Pipeline/Pipeline.php(180): Illuminate/Foundation/Http/Kernel->Illuminate/Foundation/Http/{closure}()
#39 C:/Users/MSI/Desktop/projet cote serveur/stock-management/vendor/laravel/framework/src/Illuminate/Foundation/Http/Middleware/TransformsRequest.php(21): Illuminate/Pipeline/Pipeline->Illuminate/Pipeline/{closure}()
#40 C:/Users/MSI/Desktop/projet cote serveur/stock-management/vendor/laravel/framework/src/Illuminate/Foundation/Http/Middleware/ConvertEmptyStringsToNull.php(31): Illuminate/Foundation/Http/Middleware/TransformsRequest->handle()
#41 C:/Users/MSI/Desktop/projet cote serveur/stock-management/vendor/laravel/framework/src/Illuminate/Pipeline/Pipeline.php(219): Illuminate/Foundation/Http/Middleware/ConvertEmptyStringsToNull->handle()
#42 C:/Users/MSI/Desktop/projet cote serveur/stock-management/vendor/laravel/framework/src/Illuminate/Foundation/Http/Middleware/TransformsRequest.php(21): Illuminate/Pipeline/Pipeline->Illuminate/Pipeline/{closure}()
#43 C:/Users/MSI/Desktop/projet cote serveur/stock-management/vendor/laravel/framework/src/Illuminate/Foundation/Http/Middleware/TrimStrings.php(51): Illuminate/Foundation/Http/Middleware/TransformsRequest->handle()
#44 C:/Users/MSI/Desktop/projet cote serveur/stock-management/vendor/laravel/framework/src/Illuminate/Pipeline/Pipeline.php(219): Illuminate/Foundation/Http/Middleware/TrimStrings->handle()
#45 C:/Users/MSI/Desktop/projet cote serveur/stock-management/vendor/laravel/framework/src/Illuminate/Http/Middleware/ValidatePostSize.php(27): Illuminate/Pipeline/Pipeline->Illuminate/Pipeline/{closure}()
#46 C:/Users/MSI/Desktop/projet cote serveur/stock-management/vendor/laravel/framework/src/Illuminate/Pipeline/Pipeline.php(219): Illuminate/Http/Middleware/ValidatePostSize->handle()
#47 C:/Users/MSI/Desktop/projet cote serveur/stock-management/vendor/laravel/framework/src/Illuminate/Foundation/Http/Middleware/PreventRequestsDuringMaintenance.php(109): Illuminate/Pipeline/Pipeline->Illuminate/Pipeline/{closure}()
#48 C:/Users/MSI/Desktop/projet cote serveur/stock-management/vendor/laravel/framework/src/Illuminate/Pipeline/Pipeline.php(219): Illuminate/Foundation/Http/Middleware/PreventRequestsDuringMaintenance->handle()
#49 C:/Users/MSI/Desktop/projet cote serveur/stock-management/vendor/laravel/framework/src/Illuminate/Http/Middleware/HandleCors.php(61): Illuminate/Pipeline/Pipeline->Illuminate/Pipeline/{closure}()
#50 C:/Users/MSI/Desktop/projet cote serveur/stock-management/vendor/laravel/framework/src/Illuminate/Pipeline/Pipeline.php(219): Illuminate/Http/Middleware/HandleCors->handle()
#51 C:/Users/MSI/Desktop/projet cote serveur/stock-management/vendor/laravel/framework/src/Illuminate/Http/Middleware/TrustProxies.php(58): Illuminate/Pipeline/Pipeline->Illuminate/Pipeline/{closure}()
#52 C:/Users/MSI/Desktop/projet cote serveur/stock-management/vendor/laravel/framework/src/Illuminate/Pipeline/Pipeline.php(219): Illuminate/Http/Middleware/TrustProxies->handle()
#53 C:/Users/MSI/Desktop/projet cote serveur/stock-management/vendor/laravel/framework/src/Illuminate/Foundation/Http/Middleware/InvokeDeferredCallbacks.php(22): Illuminate/Pipeline/Pipeline->Illuminate/Pipeline/{closure}()
#54 C:/Users/MSI/Desktop/projet cote serveur/stock-management/vendor/laravel/framework/src/Illuminate/Pipeline/Pipeline.php(219): Illuminate/Foundation/Http/Middleware/InvokeDeferredCallbacks->handle()
#55 C:/Users/MSI/Desktop/projet cote serveur/stock-management/vendor/laravel/framework/src/Illuminate/Http/Middleware/ValidatePathEncoding.php(26): Illuminate/Pipeline/Pipeline->Illuminate/Pipeline/{closure}()
#56 C:/Users/MSI/Desktop/projet cote serveur/stock-management/vendor/laravel/framework/src/Illuminate/Pipeline/Pipeline.php(219): Illuminate/Http/Middleware/ValidatePathEncoding->handle()
#57 C:/Users/MSI/Desktop/projet cote serveur/stock-management/vendor/laravel/framework/src/Illuminate/Pipeline/Pipeline.php(137): Illuminate/Pipeline/Pipeline->Illuminate/Pipeline/{closure}()
#58 C:/Users/MSI/Desktop/projet cote serveur/stock-management/vendor/laravel/framework/src/Illuminate/Foundation/Http/Kernel.php(175): Illuminate/Pipeline/Pipeline->then()
#59 C:/Users/MSI/Desktop/projet cote serveur/stock-management/vendor/laravel/framework/src/Illuminate/Foundation/Http/Kernel.php(144): Illuminate/Foundation/Http/Kernel->sendRequestThroughRouter()
#60 C:/Users/MSI/Desktop/projet cote serveur/stock-management/vendor/laravel/framework/src/Illuminate/Foundation/Application.php(1220): Illuminate/Foundation/Http/Kernel->handle()
#61 C:/Users/MSI/Desktop/projet cote serveur/stock-management/public/index.php(17): Illuminate/Foundation/Application->handleRequest()
#62 C:/Users/MSI/Desktop/projet cote serveur/stock-management/vendor/laravel/framework/src/Illuminate/Foundation/resources/server.php(23): require_once('...')
#63 {main}

[previous exception] [object] (PDOException(code: 22P02): SQLSTATE[22P02]: Invalid text representation: 7 ERREUR:  syntaxe en entrée invalide pour le type integer : « seuil_alerte »
CONTEXT:  paramètre de portail non nommé $1 = '...' at C:/Users/MSI/Desktop/projet cote serveur/stock-management/vendor/laravel/framework/src/Illuminate/Database/Connection.php:425)
[stacktrace]
#0 C:/Users/MSI/Desktop/projet cote serveur/stock-management/vendor/laravel/framework/src/Illuminate/Database/Connection.php(425): PDOStatement->execute()
#1 C:/Users/MSI/Desktop/projet cote serveur/stock-management/vendor/laravel/framework/src/Illuminate/Database/Connection.php(827): Illuminate/Database/Connection->Illuminate/Database/{closure}()
#2 C:/Users/MSI/Desktop/projet cote serveur/stock-management/vendor/laravel/framework/src/Illuminate/Database/Connection.php(794): Illuminate/Database/Connection->runQueryCallback()
#3 C:/Users/MSI/Desktop/projet cote serveur/stock-management/vendor/laravel/framework/src/Illuminate/Database/Connection.php(411): Illuminate/Database/Connection->run()
#4 C:/Users/MSI/Desktop/projet cote serveur/stock-management/vendor/laravel/framework/src/Illuminate/Database/Query/Builder.php(3505): Illuminate/Database/Connection->select()
#5 C:/Users/MSI/Desktop/projet cote serveur/stock-management/vendor/laravel/framework/src/Illuminate/Database/Query/Builder.php(3490): Illuminate/Database/Query/Builder->runSelect()
#6 C:/Users/MSI/Desktop/projet cote serveur/stock-management/vendor/laravel/framework/src/Illuminate/Database/Query/Builder.php(4080): Illuminate/Database/Query/Builder->Illuminate/Database/Query/{closure}()
#7 C:/Users/MSI/Desktop/projet cote serveur/stock-management/vendor/laravel/framework/src/Illuminate/Database/Query/Builder.php(3489): Illuminate/Database/Query/Builder->onceWithColumns()
#8 C:/Users/MSI/Desktop/projet cote serveur/stock-management/vendor/laravel/framework/src/Illuminate/Database/Query/Builder.php(4004): Illuminate/Database/Query/Builder->get()
#9 C:/Users/MSI/Desktop/projet cote serveur/stock-management/vendor/laravel/framework/src/Illuminate/Database/Query/Builder.php(3932): Illuminate/Database/Query/Builder->aggregate()
#10 C:/Users/MSI/Desktop/projet cote serveur/stock-management/vendor/laravel/framework/src/Illuminate/Database/Eloquent/Builder.php(2237): Illuminate/Database/Query/Builder->count()
#11 C:/Users/MSI/Desktop/projet cote serveur/stock-management/app/Http/Controllers/Admin/DashboardController.php(55): Illuminate/Database/Eloquent/Builder->__call()
#12 C:/Users/MSI/Desktop/projet cote serveur/stock-management/vendor/laravel/framework/src/Illuminate/Routing/ControllerDispatcher.php(46): App/Http/Controllers/Admin/DashboardController->index()
#13 C:/Users/MSI/Desktop/projet cote serveur/stock-management/vendor/laravel/framework/src/Illuminate/Routing/Route.php(265): Illuminate/Routing/ControllerDispatcher->dispatch()
#14 C:/Users/MSI/Desktop/projet cote serveur/stock-management/vendor/laravel/framework/src/Illuminate/Routing/Route.php(211): Illuminate/Routing/Route->runController()
#15 C:/Users/MSI/Desktop/projet cote serveur/stock-management/vendor/laravel/framework/src/Illuminate/Routing/Router.php(822): Illuminate/Routing/Route->run()
#16 C:/Users/MSI/Desktop/projet cote serveur/stock-management/vendor/laravel/framework/src/Illuminate/Pipeline/Pipeline.php(180): Illuminate/Routing/Router->Illuminate/Routing/{closure}()
#17 C:/Users/MSI/Desktop/projet cote serveur/stock-management/app/Http/Middleware/RoleMiddleware.php(35): Illuminate/Pipeline/Pipeline->Illuminate/Pipeline/{closure}()
#18 C:/Users/MSI/Desktop/projet cote serveur/stock-management/vendor/laravel/framework/src/Illuminate/Pipeline/Pipeline.php(219): App/Http/Middleware/RoleMiddleware->handle()
#19 C:/Users/MSI/Desktop/projet cote serveur/stock-management/vendor/laravel/framework/src/Illuminate/Routing/Middleware/SubstituteBindings.php(50): Illuminate/Pipeline/Pipeline->Illuminate/Pipeline/{closure}()
#20 C:/Users/MSI/Desktop/projet cote serveur/stock-management/vendor/laravel/framework/src/Illuminate/Pipeline/Pipeline.php(219): Illuminate/Routing/Middleware/SubstituteBindings->handle()
#21 C:/Users/MSI/Desktop/projet cote serveur/stock-management/vendor/laravel/framework/src/Illuminate/Auth/Middleware/Authenticate.php(63): Illuminate/Pipeline/Pipeline->Illuminate/Pipeline/{closure}()
#22 C:/Users/MSI/Desktop/projet cote serveur/stock-management/vendor/laravel/framework/src/Illuminate/Pipeline/Pipeline.php(219): Illuminate/Auth/Middleware/Authenticate->handle()
#23 C:/Users/MSI/Desktop/projet cote serveur/stock-management/vendor/laravel/framework/src/Illuminate/Foundation/Http/Middleware/VerifyCsrfToken.php(87): Illuminate/Pipeline/Pipeline->Illuminate/Pipeline/{closure}()
#24 C:/Users/MSI/Desktop/projet cote serveur/stock-management/vendor/laravel/framework/src/Illuminate/Pipeline/Pipeline.php(219): Illuminate/Foundation/Http/Middleware/VerifyCsrfToken->handle()
#25 C:/Users/MSI/Desktop/projet cote serveur/stock-management/vendor/laravel/framework/src/Illuminate/View/Middleware/ShareErrorsFromSession.php(48): Illuminate/Pipeline/Pipeline->Illuminate/Pipeline/{closure}()
#26 C:/Users/MSI/Desktop/projet cote serveur/stock-management/vendor/laravel/framework/src/Illuminate/Pipeline/Pipeline.php(219): Illuminate/View/Middleware/ShareErrorsFromSession->handle()
#27 C:/Users/MSI/Desktop/projet cote serveur/stock-management/vendor/laravel/framework/src/Illuminate/Session/Middleware/StartSession.php(120): Illuminate/Pipeline/Pipeline->Illuminate/Pipeline/{closure}()
#28 C:/Users/MSI/Desktop/projet cote serveur/stock-management/vendor/laravel/framework/src/Illuminate/Session/Middleware/StartSession.php(63): Illuminate/Session/Middleware/StartSession->handleStatefulRequest()
#29 C:/Users/MSI/Desktop/projet cote serveur/stock-management/vendor/laravel/framework/src/Illuminate/Pipeline/Pipeline.php(219): Illuminate/Session/Middleware/StartSession->handle()
#30 C:/Users/MSI/Desktop/projet cote serveur/stock-management/vendor/laravel/framework/src/Illuminate/Cookie/Middleware/AddQueuedCookiesToResponse.php(36): Illuminate/Pipeline/Pipeline->Illuminate/Pipeline/{closure}()
#31 C:/Users/MSI/Desktop/projet cote serveur/stock-management/vendor/laravel/framework/src/Illuminate/Pipeline/Pipeline.php(219): Illuminate/Cookie/Middleware/AddQueuedCookiesToResponse->handle()
#32 C:/Users/MSI/Desktop/projet cote serveur/stock-management/vendor/laravel/framework/src/Illuminate/Cookie/Middleware/EncryptCookies.php(74): Illuminate/Pipeline/Pipeline->Illuminate/Pipeline/{closure}()
#33 C:/Users/MSI/Desktop/projet cote serveur/stock-management/vendor/laravel/framework/src/Illuminate/Pipeline/Pipeline.php(219): Illuminate/Cookie/Middleware/EncryptCookies->handle()
#34 C:/Users/MSI/Desktop/projet cote serveur/stock-management/vendor/laravel/framework/src/Illuminate/Pipeline/Pipeline.php(137): Illuminate/Pipeline/Pipeline->Illuminate/Pipeline/{closure}()
#35 C:/Users/MSI/Desktop/projet cote serveur/stock-management/vendor/laravel/framework/src/Illuminate/Routing/Router.php(821): Illuminate/Pipeline/Pipeline->then()
#36 C:/Users/MSI/Desktop/projet cote serveur/stock-management/vendor/laravel/framework/src/Illuminate/Routing/Router.php(800): Illuminate/Routing/Router->runRouteWithinStack()
#37 C:/Users/MSI/Desktop/projet cote serveur/stock-management/vendor/laravel/framework/src/Illuminate/Routing/Router.php(764): Illuminate/Routing/Router->runRoute()
#38 C:/Users/MSI/Desktop/projet cote serveur/stock-management/vendor/laravel/framework/src/Illuminate/Routing/Router.php(753): Illuminate/Routing/Router->dispatchToRoute()
#39 C:/Users/MSI/Desktop/projet cote serveur/stock-management/vendor/laravel/framework/src/Illuminate/Foundation/Http/Kernel.php(200): Illuminate/Routing/Router->dispatch()
#40 C:/Users/MSI/Desktop/projet cote serveur/stock-management/vendor/laravel/framework/src/Illuminate/Pipeline/Pipeline.php(180): Illuminate/Foundation/Http/Kernel->Illuminate/Foundation/Http/{closure}()
#41 C:/Users/MSI/Desktop/projet cote serveur/stock-management/vendor/laravel/framework/src/Illuminate/Foundation/Http/Middleware/TransformsRequest.php(21): Illuminate/Pipeline/Pipeline->Illuminate/Pipeline/{closure}()
#42 C:/Users/MSI/Desktop/projet cote serveur/stock-management/vendor/laravel/framework/src/Illuminate/Foundation/Http/Middleware/ConvertEmptyStringsToNull.php(31): Illuminate/Foundation/Http/Middleware/TransformsRequest->handle()
#43 C:/Users/MSI/Desktop/projet cote serveur/stock-management/vendor/laravel/framework/src/Illuminate/Pipeline/Pipeline.php(219): Illuminate/Foundation/Http/Middleware/ConvertEmptyStringsToNull->handle()
#44 C:/Users/MSI/Desktop/projet cote serveur/stock-management/vendor/laravel/framework/src/Illuminate/Foundation/Http/Middleware/TransformsRequest.php(21): Illuminate/Pipeline/Pipeline->Illuminate/Pipeline/{closure}()
#45 C:/Users/MSI/Desktop/projet cote serveur/stock-management/vendor/laravel/framework/src/Illuminate/Foundation/Http/Middleware/TrimStrings.php(51): Illuminate/Foundation/Http/Middleware/TransformsRequest->handle()
#46 C:/Users/MSI/Desktop/projet cote serveur/stock-management/vendor/laravel/framework/src/Illuminate/Pipeline/Pipeline.php(219): Illuminate/Foundation/Http/Middleware/TrimStrings->handle()
#47 C:/Users/MSI/Desktop/projet cote serveur/stock-management/vendor/laravel/framework/src/Illuminate/Http/Middleware/ValidatePostSize.php(27): Illuminate/Pipeline/Pipeline->Illuminate/Pipeline/{closure}()
#48 C:/Users/MSI/Desktop/projet cote serveur/stock-management/vendor/laravel/framework/src/Illuminate/Pipeline/Pipeline.php(219): Illuminate/Http/Middleware/ValidatePostSize->handle()
#49 C:/Users/MSI/Desktop/projet cote serveur/stock-management/vendor/laravel/framework/src/Illuminate/Foundation/Http/Middleware/PreventRequestsDuringMaintenance.php(109): Illuminate/Pipeline/Pipeline->Illuminate/Pipeline/{closure}()
#50 C:/Users/MSI/Desktop/projet cote serveur/stock-management/vendor/laravel/framework/src/Illuminate/Pipeline/Pipeline.php(219): Illuminate/Foundation/Http/Middleware/PreventRequestsDuringMaintenance->handle()
#51 C:/Users/MSI/Desktop/projet cote serveur/stock-management/vendor/laravel/framework/src/Illuminate/Http/Middleware/HandleCors.php(61): Illuminate/Pipeline/Pipeline->Illuminate/Pipeline/{closure}()
#52 C:/Users/MSI/Desktop/projet cote serveur/stock-management/vendor/laravel/framework/src/Illuminate/Pipeline/Pipeline.php(219): Illuminate/Http/Middleware/HandleCors->handle()
#53 C:/Users/MSI/Desktop/projet cote serveur/stock-management/vendor/laravel/framework/src/Illuminate/Http/Middleware/TrustProxies.php(58): Illuminate/Pipeline/Pipeline->Illuminate/Pipeline/{closure}()
#54 C:/Users/MSI/Desktop/projet cote serveur/stock-management/vendor/laravel/framework/src/Illuminate/Pipeline/Pipeline.php(219): Illuminate/Http/Middleware/TrustProxies->handle()
#55 C:/Users/MSI/Desktop/projet cote serveur/stock-management/vendor/laravel/framework/src/Illuminate/Foundation/Http/Middleware/InvokeDeferredCallbacks.php(22): Illuminate/Pipeline/Pipeline->Illuminate/Pipeline/{closure}()
#56 C:/Users/MSI/Desktop/projet cote serveur/stock-management/vendor/laravel/framework/src/Illuminate/Pipeline/Pipeline.php(219): Illuminate/Foundation/Http/Middleware/InvokeDeferredCallbacks->handle()
#57 C:/Users/MSI/Desktop/projet cote serveur/stock-management/vendor/laravel/framework/src/Illuminate/Http/Middleware/ValidatePathEncoding.php(26): Illuminate/Pipeline/Pipeline->Illuminate/Pipeline/{closure}()
#58 C:/Users/MSI/Desktop/projet cote serveur/stock-management/vendor/laravel/framework/src/Illuminate/Pipeline/Pipeline.php(219): Illuminate/Http/Middleware/ValidatePathEncoding->handle()
#59 C:/Users/MSI/Desktop/projet cote serveur/stock-management/vendor/laravel/framework/src/Illuminate/Pipeline/Pipeline.php(137): Illuminate/Pipeline/Pipeline->Illuminate/Pipeline/{closure}()
#60 C:/Users/MSI/Desktop/projet cote serveur/stock-management/vendor/laravel/framework/src/Illuminate/Foundation/Http/Kernel.php(175): Illuminate/Pipeline/Pipeline->then()
#61 C:/Users/MSI/Desktop/projet cote serveur/stock-management/vendor/laravel/framework/src/Illuminate/Foundation/Http/Kernel.php(144): Illuminate/Foundation/Http/Kernel->sendRequestThroughRouter()
#62 C:/Users/MSI/Desktop/projet cote serveur/stock-management/vendor/laravel/framework/src/Illuminate/Foundation/Application.php(1220): Illuminate/Foundation/Http/Kernel->handle()
#63 C:/Users/MSI/Desktop/projet cote serveur/stock-management/public/index.php(17): Illuminate/Foundation/Application->handleRequest()
#64 C:/Users/MSI/Desktop/projet cote serveur/stock-management/vendor/laravel/framework/src/Illuminate/Foundation/resources/server.php(23): require_once('...')
#65 {main}
"} 
[2026-05-03 17:48:19] local.ERROR: SQLSTATE[08006] [7] timeout expired (Connection: pgsql, Host: 127.0.0.1, Port: 5555, Database: stock_management, SQL: select * from "sessions" where "id" = QlY3zlGQjlOIlh3iMdiETCgkU8FvqW2oGL2yrKTs limit 1) {"exception":"[object] (Illuminate\\Database\\QueryException(code: 7): SQLSTATE[08006] [7] timeout expired (Connection: pgsql, Host: 127.0.0.1, Port: 5555, Database: stock_management, SQL: select * from \"sessions\" where \"id\" = QlY3zlGQjlOIlh3iMdiETCgkU8FvqW2oGL2yrKTs limit 1) at C:/Users/MSI/Desktop/projet cote serveur/stock-management/vendor/laravel/framework/src/Illuminate/Database/Connection.php:838)
[stacktrace]
#0 C:/Users/MSI/Desktop/projet cote serveur/stock-management/vendor/laravel/framework/src/Illuminate/Database/Connection.php(794): Illuminate/Database/Connection->runQueryCallback()
#1 C:/Users/MSI/Desktop/projet cote serveur/stock-management/vendor/laravel/framework/src/Illuminate/Database/Connection.php(411): Illuminate/Database/Connection->run()
#2 C:/Users/MSI/Desktop/projet cote serveur/stock-management/vendor/laravel/framework/src/Illuminate/Database/Query/Builder.php(3505): Illuminate/Database/Connection->select()
#3 C:/Users/MSI/Desktop/projet cote serveur/stock-management/vendor/laravel/framework/src/Illuminate/Database/Query/Builder.php(3490): Illuminate/Database/Query/Builder->runSelect()
#4 C:/Users/MSI/Desktop/projet cote serveur/stock-management/vendor/laravel/framework/src/Illuminate/Database/Query/Builder.php(4080): Illuminate/Database/Query/Builder->Illuminate/Database/Query/{closure}()
#5 C:/Users/MSI/Desktop/projet cote serveur/stock-management/vendor/laravel/framework/src/Illuminate/Database/Query/Builder.php(3489): Illuminate/Database/Query/Builder->onceWithColumns()
#6 C:/Users/MSI/Desktop/projet cote serveur/stock-management/vendor/laravel/framework/src/Illuminate/Database/Concerns/BuildsQueries.php(366): Illuminate/Database/Query/Builder->get()
#7 C:/Users/MSI/Desktop/projet cote serveur/stock-management/vendor/laravel/framework/src/Illuminate/Database/Query/Builder.php(3412): Illuminate/Database/Query/Builder->first()
#8 C:/Users/MSI/Desktop/projet cote serveur/stock-management/vendor/laravel/framework/src/Illuminate/Session/DatabaseSessionHandler.php(96): Illuminate/Database/Query/Builder->find()
#9 C:/Users/MSI/Desktop/projet cote serveur/stock-management/vendor/laravel/framework/src/Illuminate/Session/Store.php(128): Illuminate/Session/DatabaseSessionHandler->read()
#10 C:/Users/MSI/Desktop/projet cote serveur/stock-management/vendor/laravel/framework/src/Illuminate/Session/Store.php(116): Illuminate/Session/Store->readFromHandler()
#11 C:/Users/MSI/Desktop/projet cote serveur/stock-management/vendor/laravel/framework/src/Illuminate/Session/Store.php(100): Illuminate/Session/Store->loadSession()
#12 C:/Users/MSI/Desktop/projet cote serveur/stock-management/vendor/laravel/framework/src/Illuminate/Session/Middleware/StartSession.php(146): Illuminate/Session/Store->start()
#13 C:/Users/MSI/Desktop/projet cote serveur/stock-management/vendor/laravel/framework/src/Illuminate/Support/helpers.php(393): Illuminate/Session/Middleware/StartSession->Illuminate/Session/Middleware/{closure}()
#14 C:/Users/MSI/Desktop/projet cote serveur/stock-management/vendor/laravel/framework/src/Illuminate/Session/Middleware/StartSession.php(143): tap()
#15 C:/Users/MSI/Desktop/projet cote serveur/stock-management/vendor/laravel/framework/src/Illuminate/Session/Middleware/StartSession.php(115): Illuminate/Session/Middleware/StartSession->startSession()
#16 C:/Users/MSI/Desktop/projet cote serveur/stock-management/vendor/laravel/framework/src/Illuminate/Session/Middleware/StartSession.php(63): Illuminate/Session/Middleware/StartSession->handleStatefulRequest()
#17 C:/Users/MSI/Desktop/projet cote serveur/stock-management/vendor/laravel/framework/src/Illuminate/Pipeline/Pipeline.php(219): Illuminate/Session/Middleware/StartSession->handle()
#18 C:/Users/MSI/Desktop/projet cote serveur/stock-management/vendor/laravel/framework/src/Illuminate/Cookie/Middleware/AddQueuedCookiesToResponse.php(36): Illuminate/Pipeline/Pipeline->Illuminate/Pipeline/{closure}()
#19 C:/Users/MSI/Desktop/projet cote serveur/stock-management/vendor/laravel/framework/src/Illuminate/Pipeline/Pipeline.php(219): Illuminate/Cookie/Middleware/AddQueuedCookiesToResponse->handle()
#20 C:/Users/MSI/Desktop/projet cote serveur/stock-management/vendor/laravel/framework/src/Illuminate/Cookie/Middleware/EncryptCookies.php(74): Illuminate/Pipeline/Pipeline->Illuminate/Pipeline/{closure}()
#21 C:/Users/MSI/Desktop/projet cote serveur/stock-management/vendor/laravel/framework/src/Illuminate/Pipeline/Pipeline.php(219): Illuminate/Cookie/Middleware/EncryptCookies->handle()
#22 C:/Users/MSI/Desktop/projet cote serveur/stock-management/vendor/laravel/framework/src/Illuminate/Pipeline/Pipeline.php(137): Illuminate/Pipeline/Pipeline->Illuminate/Pipeline/{closure}()
#23 C:/Users/MSI/Desktop/projet cote serveur/stock-management/vendor/laravel/framework/src/Illuminate/Routing/Router.php(821): Illuminate/Pipeline/Pipeline->then()
#24 C:/Users/MSI/Desktop/projet cote serveur/stock-management/vendor/laravel/framework/src/Illuminate/Routing/Router.php(800): Illuminate/Routing/Router->runRouteWithinStack()
#25 C:/Users/MSI/Desktop/projet cote serveur/stock-management/vendor/laravel/framework/src/Illuminate/Routing/Router.php(764): Illuminate/Routing/Router->runRoute()
#26 C:/Users/MSI/Desktop/projet cote serveur/stock-management/vendor/laravel/framework/src/Illuminate/Routing/Router.php(753): Illuminate/Routing/Router->dispatchToRoute()
#27 C:/Users/MSI/Desktop/projet cote serveur/stock-management/vendor/laravel/framework/src/Illuminate/Foundation/Http/Kernel.php(200): Illuminate/Routing/Router->dispatch()
#28 C:/Users/MSI/Desktop/projet cote serveur/stock-management/vendor/laravel/framework/src/Illuminate/Pipeline/Pipeline.php(180): Illuminate/Foundation/Http/Kernel->Illuminate/Foundation/Http/{closure}()
#29 C:/Users/MSI/Desktop/projet cote serveur/stock-management/vendor/laravel/framework/src/Illuminate/Foundation/Http/Middleware/TransformsRequest.php(21): Illuminate/Pipeline/Pipeline->Illuminate/Pipeline/{closure}()
#30 C:/Users/MSI/Desktop/projet cote serveur/stock-management/vendor/laravel/framework/src/Illuminate/Foundation/Http/Middleware/ConvertEmptyStringsToNull.php(31): Illuminate/Foundation/Http/Middleware/TransformsRequest->handle()
#31 C:/Users/MSI/Desktop/projet cote serveur/stock-management/vendor/laravel/framework/src/Illuminate/Pipeline/Pipeline.php(219): Illuminate/Foundation/Http/Middleware/ConvertEmptyStringsToNull->handle()
#32 C:/Users/MSI/Desktop/projet cote serveur/stock-management/vendor/laravel/framework/src/Illuminate/Foundation/Http/Middleware/TransformsRequest.php(21): Illuminate/Pipeline/Pipeline->Illuminate/Pipeline/{closure}()
#33 C:/Users/MSI/Desktop/projet cote serveur/stock-management/vendor/laravel/framework/src/Illuminate/Foundation/Http/Middleware/TrimStrings.php(51): Illuminate/Foundation/Http/Middleware/TransformsRequest->handle()
#34 C:/Users/MSI/Desktop/projet cote serveur/stock-management/vendor/laravel/framework/src/Illuminate/Pipeline/Pipeline.php(219): Illuminate/Foundation/Http/Middleware/TrimStrings->handle()
#35 C:/Users/MSI/Desktop/projet cote serveur/stock-management/vendor/laravel/framework/src/Illuminate/Http/Middleware/ValidatePostSize.php(27): Illuminate/Pipeline/Pipeline->Illuminate/Pipeline/{closure}()
#36 C:/Users/MSI/Desktop/projet cote serveur/stock-management/vendor/laravel/framework/src/Illuminate/Pipeline/Pipeline.php(219): Illuminate/Http/Middleware/ValidatePostSize->handle()
#37 C:/Users/MSI/Desktop/projet cote serveur/stock-management/vendor/laravel/framework/src/Illuminate/Foundation/Http/Middleware/PreventRequestsDuringMaintenance.php(109): Illuminate/Pipeline/Pipeline->Illuminate/Pipeline/{closure}()
#38 C:/Users/MSI/Desktop/projet cote serveur/stock-management/vendor/laravel/framework/src/Illuminate/Pipeline/Pipeline.php(219): Illuminate/Foundation/Http/Middleware/PreventRequestsDuringMaintenance->handle()
#39 C:/Users/MSI/Desktop/projet cote serveur/stock-management/vendor/laravel/framework/src/Illuminate/Http/Middleware/HandleCors.php(61): Illuminate/Pipeline/Pipeline->Illuminate/Pipeline/{closure}()
#40 C:/Users/MSI/Desktop/projet cote serveur/stock-management/vendor/laravel/framework/src/Illuminate/Pipeline/Pipeline.php(219): Illuminate/Http/Middleware/HandleCors->handle()
#41 C:/Users/MSI/Desktop/projet cote serveur/stock-management/vendor/laravel/framework/src/Illuminate/Http/Middleware/TrustProxies.php(58): Illuminate/Pipeline/Pipeline->Illuminate/Pipeline/{closure}()
#42 C:/Users/MSI/Desktop/projet cote serveur/stock-management/vendor/laravel/framework/src/Illuminate/Pipeline/Pipeline.php(219): Illuminate/Http/Middleware/TrustProxies->handle()
#43 C:/Users/MSI/Desktop/projet cote serveur/stock-management/vendor/laravel/framework/src/Illuminate/Foundation/Http/Middleware/InvokeDeferredCallbacks.php(22): Illuminate/Pipeline/Pipeline->Illuminate/Pipeline/{closure}()
#44 C:/Users/MSI/Desktop/projet cote serveur/stock-management/vendor/laravel/framework/src/Illuminate/Pipeline/Pipeline.php(219): Illuminate/Foundation/Http/Middleware/InvokeDeferredCallbacks->handle()
#45 C:/Users/MSI/Desktop/projet cote serveur/stock-management/vendor/laravel/framework/src/Illuminate/Http/Middleware/ValidatePathEncoding.php(26): Illuminate/Pipeline/Pipeline->Illuminate/Pipeline/{closure}()
#46 C:/Users/MSI/Desktop/projet cote serveur/stock-management/vendor/laravel/framework/src/Illuminate/Pipeline/Pipeline.php(219): Illuminate/Http/Middleware/ValidatePathEncoding->handle()
#47 C:/Users/MSI/Desktop/projet cote serveur/stock-management/vendor/laravel/framework/src/Illuminate/Pipeline/Pipeline.php(137): Illuminate/Pipeline/Pipeline->Illuminate/Pipeline/{closure}()
#48 C:/Users/MSI/Desktop/projet cote serveur/stock-management/vendor/laravel/framework/src/Illuminate/Foundation/Http/Kernel.php(175): Illuminate/Pipeline/Pipeline->then()
#49 C:/Users/MSI/Desktop/projet cote serveur/stock-management/vendor/laravel/framework/src/Illuminate/Foundation/Http/Kernel.php(144): Illuminate/Foundation/Http/Kernel->sendRequestThroughRouter()
#50 C:/Users/MSI/Desktop/projet cote serveur/stock-management/vendor/laravel/framework/src/Illuminate/Foundation/Application.php(1220): Illuminate/Foundation/Http/Kernel->handle()
#51 C:/Users/MSI/Desktop/projet cote serveur/stock-management/public/index.php(17): Illuminate/Foundation/Application->handleRequest()
#52 C:/Users/MSI/Desktop/projet cote serveur/stock-management/vendor/laravel/framework/src/Illuminate/Foundation/resources/server.php(23): require_once('...')
#53 {main}

[previous exception] [object] (PDOException(code: 7): SQLSTATE[08006] [7] timeout expired at C:/Users/MSI/Desktop/projet cote serveur/stock-management/vendor/laravel/framework/src/Illuminate/Database/Connectors/Connector.php:66)
[stacktrace]
#0 C:/Users/MSI/Desktop/projet cote serveur/stock-management/vendor/laravel/framework/src/Illuminate/Database/Connectors/Connector.php(66): PDO->__construct()
#1 C:/Users/MSI/Desktop/projet cote serveur/stock-management/vendor/laravel/framework/src/Illuminate/Database/Connectors/Connector.php(44): Illuminate/Database/Connectors/Connector->createPdoConnection()
#2 C:/Users/MSI/Desktop/projet cote serveur/stock-management/vendor/laravel/framework/src/Illuminate/Database/Connectors/PostgresConnector.php(35): Illuminate/Database/Connectors/Connector->createConnection()
#3 C:/Users/MSI/Desktop/projet cote serveur/stock-management/vendor/laravel/framework/src/Illuminate/Database/Connectors/ConnectionFactory.php(186): Illuminate/Database/Connectors/PostgresConnector->connect()
#4 [internal function]: Illuminate/Database/Connectors/ConnectionFactory->Illuminate/Database/Connectors/{closure}()
#5 C:/Users/MSI/Desktop/projet cote serveur/stock-management/vendor/laravel/framework/src/Illuminate/Database/Connection.php(1257): call_user_func()
#6 C:/Users/MSI/Desktop/projet cote serveur/stock-management/vendor/laravel/framework/src/Illuminate/Database/Connection.php(525): Illuminate/Database/Connection->getPdo()
#7 C:/Users/MSI/Desktop/projet cote serveur/stock-management/vendor/laravel/framework/src/Illuminate/Database/Connection.php(420): Illuminate/Database/Connection->getPdoForSelect()
#8 C:/Users/MSI/Desktop/projet cote serveur/stock-management/vendor/laravel/framework/src/Illuminate/Database/Connection.php(827): Illuminate/Database/Connection->Illuminate/Database/{closure}()
#9 C:/Users/MSI/Desktop/projet cote serveur/stock-management/vendor/laravel/framework/src/Illuminate/Database/Connection.php(794): Illuminate/Database/Connection->runQueryCallback()
#10 C:/Users/MSI/Desktop/projet cote serveur/stock-management/vendor/laravel/framework/src/Illuminate/Database/Connection.php(411): Illuminate/Database/Connection->run()
#11 C:/Users/MSI/Desktop/projet cote serveur/stock-management/vendor/laravel/framework/src/Illuminate/Database/Query/Builder.php(3505): Illuminate/Database/Connection->select()
#12 C:/Users/MSI/Desktop/projet cote serveur/stock-management/vendor/laravel/framework/src/Illuminate/Database/Query/Builder.php(3490): Illuminate/Database/Query/Builder->runSelect()
#13 C:/Users/MSI/Desktop/projet cote serveur/stock-management/vendor/laravel/framework/src/Illuminate/Database/Query/Builder.php(4080): Illuminate/Database/Query/Builder->Illuminate/Database/Query/{closure}()
#14 C:/Users/MSI/Desktop/projet cote serveur/stock-management/vendor/laravel/framework/src/Illuminate/Database/Query/Builder.php(3489): Illuminate/Database/Query/Builder->onceWithColumns()
#15 C:/Users/MSI/Desktop/projet cote serveur/stock-management/vendor/laravel/framework/src/Illuminate/Database/Concerns/BuildsQueries.php(366): Illuminate/Database/Query/Builder->get()
#16 C:/Users/MSI/Desktop/projet cote serveur/stock-management/vendor/laravel/framework/src/Illuminate/Database/Query/Builder.php(3412): Illuminate/Database/Query/Builder->first()
#17 C:/Users/MSI/Desktop/projet cote serveur/stock-management/vendor/laravel/framework/src/Illuminate/Session/DatabaseSessionHandler.php(96): Illuminate/Database/Query/Builder->find()
#18 C:/Users/MSI/Desktop/projet cote serveur/stock-management/vendor/laravel/framework/src/Illuminate/Session/Store.php(128): Illuminate/Session/DatabaseSessionHandler->read()
#19 C:/Users/MSI/Desktop/projet cote serveur/stock-management/vendor/laravel/framework/src/Illuminate/Session/Store.php(116): Illuminate/Session/Store->readFromHandler()
#20 C:/Users/MSI/Desktop/projet cote serveur/stock-management/vendor/laravel/framework/src/Illuminate/Session/Store.php(100): Illuminate/Session/Store->loadSession()
#21 C:/Users/MSI/Desktop/projet cote serveur/stock-management/vendor/laravel/framework/src/Illuminate/Session/Middleware/StartSession.php(146): Illuminate/Session/Store->start()
#22 C:/Users/MSI/Desktop/projet cote serveur/stock-management/vendor/laravel/framework/src/Illuminate/Support/helpers.php(393): Illuminate/Session/Middleware/StartSession->Illuminate/Session/Middleware/{closure}()
#23 C:/Users/MSI/Desktop/projet cote serveur/stock-management/vendor/laravel/framework/src/Illuminate/Session/Middleware/StartSession.php(143): tap()
#24 C:/Users/MSI/Desktop/projet cote serveur/stock-management/vendor/laravel/framework/src/Illuminate/Session/Middleware/StartSession.php(115): Illuminate/Session/Middleware/StartSession->startSession()
#25 C:/Users/MSI/Desktop/projet cote serveur/stock-management/vendor/laravel/framework/src/Illuminate/Session/Middleware/StartSession.php(63): Illuminate/Session/Middleware/StartSession->handleStatefulRequest()
#26 C:/Users/MSI/Desktop/projet cote serveur/stock-management/vendor/laravel/framework/src/Illuminate/Pipeline/Pipeline.php(219): Illuminate/Session/Middleware/StartSession->handle()
#27 C:/Users/MSI/Desktop/projet cote serveur/stock-management/vendor/laravel/framework/src/Illuminate/Cookie/Middleware/AddQueuedCookiesToResponse.php(36): Illuminate/Pipeline/Pipeline->Illuminate/Pipeline/{closure}()
#28 C:/Users/MSI/Desktop/projet cote serveur/stock-management/vendor/laravel/framework/src/Illuminate/Pipeline/Pipeline.php(219): Illuminate/Cookie/Middleware/AddQueuedCookiesToResponse->handle()
#29 C:/Users/MSI/Desktop/projet cote serveur/stock-management/vendor/laravel/framework/src/Illuminate/Cookie/Middleware/EncryptCookies.php(74): Illuminate/Pipeline/Pipeline->Illuminate/Pipeline/{closure}()
#30 C:/Users/MSI/Desktop/projet cote serveur/stock-management/vendor/laravel/framework/src/Illuminate/Pipeline/Pipeline.php(219): Illuminate/Cookie/Middleware/EncryptCookies->handle()
#31 C:/Users/MSI/Desktop/projet cote serveur/stock-management/vendor/laravel/framework/src/Illuminate/Pipeline/Pipeline.php(137): Illuminate/Pipeline/Pipeline->Illuminate/Pipeline/{closure}()
#32 C:/Users/MSI/Desktop/projet cote serveur/stock-management/vendor/laravel/framework/src/Illuminate/Routing/Router.php(821): Illuminate/Pipeline/Pipeline->then()
#33 C:/Users/MSI/Desktop/projet cote serveur/stock-management/vendor/laravel/framework/src/Illuminate/Routing/Router.php(800): Illuminate/Routing/Router->runRouteWithinStack()
#34 C:/Users/MSI/Desktop/projet cote serveur/stock-management/vendor/laravel/framework/src/Illuminate/Routing/Router.php(764): Illuminate/Routing/Router->runRoute()
#35 C:/Users/MSI/Desktop/projet cote serveur/stock-management/vendor/laravel/framework/src/Illuminate/Routing/Router.php(753): Illuminate/Routing/Router->dispatchToRoute()
#36 C:/Users/MSI/Desktop/projet cote serveur/stock-management/vendor/laravel/framework/src/Illuminate/Foundation/Http/Kernel.php(200): Illuminate/Routing/Router->dispatch()
#37 C:/Users/MSI/Desktop/projet cote serveur/stock-management/vendor/laravel/framework/src/Illuminate/Pipeline/Pipeline.php(180): Illuminate/Foundation/Http/Kernel->Illuminate/Foundation/Http/{closure}()
#38 C:/Users/MSI/Desktop/projet cote serveur/stock-management/vendor/laravel/framework/src/Illuminate/Foundation/Http/Middleware/TransformsRequest.php(21): Illuminate/Pipeline/Pipeline->Illuminate/Pipeline/{closure}()
#39 C:/Users/MSI/Desktop/projet cote serveur/stock-management/vendor/laravel/framework/src/Illuminate/Foundation/Http/Middleware/ConvertEmptyStringsToNull.php(31): Illuminate/Foundation/Http/Middleware/TransformsRequest->handle()
#40 C:/Users/MSI/Desktop/projet cote serveur/stock-management/vendor/laravel/framework/src/Illuminate/Pipeline/Pipeline.php(219): Illuminate/Foundation/Http/Middleware/ConvertEmptyStringsToNull->handle()
#41 C:/Users/MSI/Desktop/projet cote serveur/stock-management/vendor/laravel/framework/src/Illuminate/Foundation/Http/Middleware/TransformsRequest.php(21): Illuminate/Pipeline/Pipeline->Illuminate/Pipeline/{closure}()
#42 C:/Users/MSI/Desktop/projet cote serveur/stock-management/vendor/laravel/framework/src/Illuminate/Foundation/Http/Middleware/TrimStrings.php(51): Illuminate/Foundation/Http/Middleware/TransformsRequest->handle()
#43 C:/Users/MSI/Desktop/projet cote serveur/stock-management/vendor/laravel/framework/src/Illuminate/Pipeline/Pipeline.php(219): Illuminate/Foundation/Http/Middleware/TrimStrings->handle()
#44 C:/Users/MSI/Desktop/projet cote serveur/stock-management/vendor/laravel/framework/src/Illuminate/Http/Middleware/ValidatePostSize.php(27): Illuminate/Pipeline/Pipeline->Illuminate/Pipeline/{closure}()
#45 C:/Users/MSI/Desktop/projet cote serveur/stock-management/vendor/laravel/framework/src/Illuminate/Pipeline/Pipeline.php(219): Illuminate/Http/Middleware/ValidatePostSize->handle()
#46 C:/Users/MSI/Desktop/projet cote serveur/stock-management/vendor/laravel/framework/src/Illuminate/Foundation/Http/Middleware/PreventRequestsDuringMaintenance.php(109): Illuminate/Pipeline/Pipeline->Illuminate/Pipeline/{closure}()
#47 C:/Users/MSI/Desktop/projet cote serveur/stock-management/vendor/laravel/framework/src/Illuminate/Pipeline/Pipeline.php(219): Illuminate/Foundation/Http/Middleware/PreventRequestsDuringMaintenance->handle()
#48 C:/Users/MSI/Desktop/projet cote serveur/stock-management/vendor/laravel/framework/src/Illuminate/Http/Middleware/HandleCors.php(61): Illuminate/Pipeline/Pipeline->Illuminate/Pipeline/{closure}()
#49 C:/Users/MSI/Desktop/projet cote serveur/stock-management/vendor/laravel/framework/src/Illuminate/Pipeline/Pipeline.php(219): Illuminate/Http/Middleware/HandleCors->handle()
#50 C:/Users/MSI/Desktop/projet cote serveur/stock-management/vendor/laravel/framework/src/Illuminate/Http/Middleware/TrustProxies.php(58): Illuminate/Pipeline/Pipeline->Illuminate/Pipeline/{closure}()
#51 C:/Users/MSI/Desktop/projet cote serveur/stock-management/vendor/laravel/framework/src/Illuminate/Pipeline/Pipeline.php(219): Illuminate/Http/Middleware/TrustProxies->handle()
#52 C:/Users/MSI/Desktop/projet cote serveur/stock-management/vendor/laravel/framework/src/Illuminate/Foundation/Http/Middleware/InvokeDeferredCallbacks.php(22): Illuminate/Pipeline/Pipeline->Illuminate/Pipeline/{closure}()
#53 C:/Users/MSI/Desktop/projet cote serveur/stock-management/vendor/laravel/framework/src/Illuminate/Pipeline/Pipeline.php(219): Illuminate/Foundation/Http/Middleware/InvokeDeferredCallbacks->handle()
#54 C:/Users/MSI/Desktop/projet cote serveur/stock-management/vendor/laravel/framework/src/Illuminate/Http/Middleware/ValidatePathEncoding.php(26): Illuminate/Pipeline/Pipeline->Illuminate/Pipeline/{closure}()
#55 C:/Users/MSI/Desktop/projet cote serveur/stock-management/vendor/laravel/framework/src/Illuminate/Pipeline/Pipeline.php(219): Illuminate/Http/Middleware/ValidatePathEncoding->handle()
#56 C:/Users/MSI/Desktop/projet cote serveur/stock-management/vendor/laravel/framework/src/Illuminate/Pipeline/Pipeline.php(137): Illuminate/Pipeline/Pipeline->Illuminate/Pipeline/{closure}()
#57 C:/Users/MSI/Desktop/projet cote serveur/stock-management/vendor/laravel/framework/src/Illuminate/Foundation/Http/Kernel.php(175): Illuminate/Pipeline/Pipeline->then()
#58 C:/Users/MSI/Desktop/projet cote serveur/stock-management/vendor/laravel/framework/src/Illuminate/Foundation/Http/Kernel.php(144): Illuminate/Foundation/Http/Kernel->sendRequestThroughRouter()
#59 C:/Users/MSI/Desktop/projet cote serveur/stock-management/vendor/laravel/framework/src/Illuminate/Foundation/Application.php(1220): Illuminate/Foundation/Http/Kernel->handle()
#60 C:/Users/MSI/Desktop/projet cote serveur/stock-management/public/index.php(17): Illuminate/Foundation/Application->handleRequest()
#61 C:/Users/MSI/Desktop/projet cote serveur/stock-management/vendor/laravel/framework/src/Illuminate/Foundation/resources/server.php(23): require_once('...')
#62 {main}
"} 
[2026-05-03 17:48:53] local.ERROR: SQLSTATE[08006] [7] timeout expired (Connection: pgsql, Host: 127.0.0.1, Port: 5555, Database: stock_management, SQL: select * from "sessions" where "id" = dsQpURF6oYyFxm8v0DjDcI7DkTV1OIDwPOqC4CS7 limit 1) {"exception":"[object] (Illuminate\\Database\\QueryException(code: 7): SQLSTATE[08006] [7] timeout expired (Connection: pgsql, Host: 127.0.0.1, Port: 5555, Database: stock_management, SQL: select * from \"sessions\" where \"id\" = dsQpURF6oYyFxm8v0DjDcI7DkTV1OIDwPOqC4CS7 limit 1) at C:/Users/MSI/Desktop/projet cote serveur/stock-management/vendor/laravel/framework/src/Illuminate/Database/Connection.php:838)
[stacktrace]
#0 C:/Users/MSI/Desktop/projet cote serveur/stock-management/vendor/laravel/framework/src/Illuminate/Database/Connection.php(794): Illuminate/Database/Connection->runQueryCallback()
#1 C:/Users/MSI/Desktop/projet cote serveur/stock-management/vendor/laravel/framework/src/Illuminate/Database/Connection.php(411): Illuminate/Database/Connection->run()
#2 C:/Users/MSI/Desktop/projet cote serveur/stock-management/vendor/laravel/framework/src/Illuminate/Database/Query/Builder.php(3505): Illuminate/Database/Connection->select()
#3 C:/Users/MSI/Desktop/projet cote serveur/stock-management/vendor/laravel/framework/src/Illuminate/Database/Query/Builder.php(3490): Illuminate/Database/Query/Builder->runSelect()
#4 C:/Users/MSI/Desktop/projet cote serveur/stock-management/vendor/laravel/framework/src/Illuminate/Database/Query/Builder.php(4080): Illuminate/Database/Query/Builder->Illuminate/Database/Query/{closure}()
#5 C:/Users/MSI/Desktop/projet cote serveur/stock-management/vendor/laravel/framework/src/Illuminate/Database/Query/Builder.php(3489): Illuminate/Database/Query/Builder->onceWithColumns()
#6 C:/Users/MSI/Desktop/projet cote serveur/stock-management/vendor/laravel/framework/src/Illuminate/Database/Concerns/BuildsQueries.php(366): Illuminate/Database/Query/Builder->get()
#7 C:/Users/MSI/Desktop/projet cote serveur/stock-management/vendor/laravel/framework/src/Illuminate/Database/Query/Builder.php(3412): Illuminate/Database/Query/Builder->first()
#8 C:/Users/MSI/Desktop/projet cote serveur/stock-management/vendor/laravel/framework/src/Illuminate/Session/DatabaseSessionHandler.php(96): Illuminate/Database/Query/Builder->find()
#9 C:/Users/MSI/Desktop/projet cote serveur/stock-management/vendor/laravel/framework/src/Illuminate/Session/Store.php(128): Illuminate/Session/DatabaseSessionHandler->read()
#10 C:/Users/MSI/Desktop/projet cote serveur/stock-management/vendor/laravel/framework/src/Illuminate/Session/Store.php(116): Illuminate/Session/Store->readFromHandler()
#11 C:/Users/MSI/Desktop/projet cote serveur/stock-management/vendor/laravel/framework/src/Illuminate/Session/Store.php(100): Illuminate/Session/Store->loadSession()
#12 C:/Users/MSI/Desktop/projet cote serveur/stock-management/vendor/laravel/framework/src/Illuminate/Session/Middleware/StartSession.php(146): Illuminate/Session/Store->start()
#13 C:/Users/MSI/Desktop/projet cote serveur/stock-management/vendor/laravel/framework/src/Illuminate/Support/helpers.php(393): Illuminate/Session/Middleware/StartSession->Illuminate/Session/Middleware/{closure}()
#14 C:/Users/MSI/Desktop/projet cote serveur/stock-management/vendor/laravel/framework/src/Illuminate/Session/Middleware/StartSession.php(143): tap()
#15 C:/Users/MSI/Desktop/projet cote serveur/stock-management/vendor/laravel/framework/src/Illuminate/Session/Middleware/StartSession.php(115): Illuminate/Session/Middleware/StartSession->startSession()
#16 C:/Users/MSI/Desktop/projet cote serveur/stock-management/vendor/laravel/framework/src/Illuminate/Session/Middleware/StartSession.php(63): Illuminate/Session/Middleware/StartSession->handleStatefulRequest()
#17 C:/Users/MSI/Desktop/projet cote serveur/stock-management/vendor/laravel/framework/src/Illuminate/Pipeline/Pipeline.php(219): Illuminate/Session/Middleware/StartSession->handle()
#18 C:/Users/MSI/Desktop/projet cote serveur/stock-management/vendor/laravel/framework/src/Illuminate/Cookie/Middleware/AddQueuedCookiesToResponse.php(36): Illuminate/Pipeline/Pipeline->Illuminate/Pipeline/{closure}()
#19 C:/Users/MSI/Desktop/projet cote serveur/stock-management/vendor/laravel/framework/src/Illuminate/Pipeline/Pipeline.php(219): Illuminate/Cookie/Middleware/AddQueuedCookiesToResponse->handle()
#20 C:/Users/MSI/Desktop/projet cote serveur/stock-management/vendor/laravel/framework/src/Illuminate/Cookie/Middleware/EncryptCookies.php(74): Illuminate/Pipeline/Pipeline->Illuminate/Pipeline/{closure}()
#21 C:/Users/MSI/Desktop/projet cote serveur/stock-management/vendor/laravel/framework/src/Illuminate/Pipeline/Pipeline.php(219): Illuminate/Cookie/Middleware/EncryptCookies->handle()
#22 C:/Users/MSI/Desktop/projet cote serveur/stock-management/vendor/laravel/framework/src/Illuminate/Pipeline/Pipeline.php(137): Illuminate/Pipeline/Pipeline->Illuminate/Pipeline/{closure}()
#23 C:/Users/MSI/Desktop/projet cote serveur/stock-management/vendor/laravel/framework/src/Illuminate/Routing/Router.php(821): Illuminate/Pipeline/Pipeline->then()
#24 C:/Users/MSI/Desktop/projet cote serveur/stock-management/vendor/laravel/framework/src/Illuminate/Routing/Router.php(800): Illuminate/Routing/Router->runRouteWithinStack()
#25 C:/Users/MSI/Desktop/projet cote serveur/stock-management/vendor/laravel/framework/src/Illuminate/Routing/Router.php(764): Illuminate/Routing/Router->runRoute()
#26 C:/Users/MSI/Desktop/projet cote serveur/stock-management/vendor/laravel/framework/src/Illuminate/Routing/Router.php(753): Illuminate/Routing/Router->dispatchToRoute()
#27 C:/Users/MSI/Desktop/projet cote serveur/stock-management/vendor/laravel/framework/src/Illuminate/Foundation/Http/Kernel.php(200): Illuminate/Routing/Router->dispatch()
#28 C:/Users/MSI/Desktop/projet cote serveur/stock-management/vendor/laravel/framework/src/Illuminate/Pipeline/Pipeline.php(180): Illuminate/Foundation/Http/Kernel->Illuminate/Foundation/Http/{closure}()
#29 C:/Users/MSI/Desktop/projet cote serveur/stock-management/vendor/laravel/framework/src/Illuminate/Foundation/Http/Middleware/TransformsRequest.php(21): Illuminate/Pipeline/Pipeline->Illuminate/Pipeline/{closure}()
#30 C:/Users/MSI/Desktop/projet cote serveur/stock-management/vendor/laravel/framework/src/Illuminate/Foundation/Http/Middleware/ConvertEmptyStringsToNull.php(31): Illuminate/Foundation/Http/Middleware/TransformsRequest->handle()
#31 C:/Users/MSI/Desktop/projet cote serveur/stock-management/vendor/laravel/framework/src/Illuminate/Pipeline/Pipeline.php(219): Illuminate/Foundation/Http/Middleware/ConvertEmptyStringsToNull->handle()
#32 C:/Users/MSI/Desktop/projet cote serveur/stock-management/vendor/laravel/framework/src/Illuminate/Foundation/Http/Middleware/TransformsRequest.php(21): Illuminate/Pipeline/Pipeline->Illuminate/Pipeline/{closure}()
#33 C:/Users/MSI/Desktop/projet cote serveur/stock-management/vendor/laravel/framework/src/Illuminate/Foundation/Http/Middleware/TrimStrings.php(51): Illuminate/Foundation/Http/Middleware/TransformsRequest->handle()
#34 C:/Users/MSI/Desktop/projet cote serveur/stock-management/vendor/laravel/framework/src/Illuminate/Pipeline/Pipeline.php(219): Illuminate/Foundation/Http/Middleware/TrimStrings->handle()
#35 C:/Users/MSI/Desktop/projet cote serveur/stock-management/vendor/laravel/framework/src/Illuminate/Http/Middleware/ValidatePostSize.php(27): Illuminate/Pipeline/Pipeline->Illuminate/Pipeline/{closure}()
#36 C:/Users/MSI/Desktop/projet cote serveur/stock-management/vendor/laravel/framework/src/Illuminate/Pipeline/Pipeline.php(219): Illuminate/Http/Middleware/ValidatePostSize->handle()
#37 C:/Users/MSI/Desktop/projet cote serveur/stock-management/vendor/laravel/framework/src/Illuminate/Foundation/Http/Middleware/PreventRequestsDuringMaintenance.php(109): Illuminate/Pipeline/Pipeline->Illuminate/Pipeline/{closure}()
#38 C:/Users/MSI/Desktop/projet cote serveur/stock-management/vendor/laravel/framework/src/Illuminate/Pipeline/Pipeline.php(219): Illuminate/Foundation/Http/Middleware/PreventRequestsDuringMaintenance->handle()
#39 C:/Users/MSI/Desktop/projet cote serveur/stock-management/vendor/laravel/framework/src/Illuminate/Http/Middleware/HandleCors.php(61): Illuminate/Pipeline/Pipeline->Illuminate/Pipeline/{closure}()
#40 C:/Users/MSI/Desktop/projet cote serveur/stock-management/vendor/laravel/framework/src/Illuminate/Pipeline/Pipeline.php(219): Illuminate/Http/Middleware/HandleCors->handle()
#41 C:/Users/MSI/Desktop/projet cote serveur/stock-management/vendor/laravel/framework/src/Illuminate/Http/Middleware/TrustProxies.php(58): Illuminate/Pipeline/Pipeline->Illuminate/Pipeline/{closure}()
#42 C:/Users/MSI/Desktop/projet cote serveur/stock-management/vendor/laravel/framework/src/Illuminate/Pipeline/Pipeline.php(219): Illuminate/Http/Middleware/TrustProxies->handle()
#43 C:/Users/MSI/Desktop/projet cote serveur/stock-management/vendor/laravel/framework/src/Illuminate/Foundation/Http/Middleware/InvokeDeferredCallbacks.php(22): Illuminate/Pipeline/Pipeline->Illuminate/Pipeline/{closure}()
#44 C:/Users/MSI/Desktop/projet cote serveur/stock-management/vendor/laravel/framework/src/Illuminate/Pipeline/Pipeline.php(219): Illuminate/Foundation/Http/Middleware/InvokeDeferredCallbacks->handle()
#45 C:/Users/MSI/Desktop/projet cote serveur/stock-management/vendor/laravel/framework/src/Illuminate/Http/Middleware/ValidatePathEncoding.php(26): Illuminate/Pipeline/Pipeline->Illuminate/Pipeline/{closure}()
#46 C:/Users/MSI/Desktop/projet cote serveur/stock-management/vendor/laravel/framework/src/Illuminate/Pipeline/Pipeline.php(219): Illuminate/Http/Middleware/ValidatePathEncoding->handle()
#47 C:/Users/MSI/Desktop/projet cote serveur/stock-management/vendor/laravel/framework/src/Illuminate/Pipeline/Pipeline.php(137): Illuminate/Pipeline/Pipeline->Illuminate/Pipeline/{closure}()
#48 C:/Users/MSI/Desktop/projet cote serveur/stock-management/vendor/laravel/framework/src/Illuminate/Foundation/Http/Kernel.php(175): Illuminate/Pipeline/Pipeline->then()
#49 C:/Users/MSI/Desktop/projet cote serveur/stock-management/vendor/laravel/framework/src/Illuminate/Foundation/Http/Kernel.php(144): Illuminate/Foundation/Http/Kernel->sendRequestThroughRouter()
#50 C:/Users/MSI/Desktop/projet cote serveur/stock-management/vendor/laravel/framework/src/Illuminate/Foundation/Application.php(1220): Illuminate/Foundation/Http/Kernel->handle()
#51 C:/Users/MSI/Desktop/projet cote serveur/stock-management/public/index.php(17): Illuminate/Foundation/Application->handleRequest()
#52 C:/Users/MSI/Desktop/projet cote serveur/stock-management/vendor/laravel/framework/src/Illuminate/Foundation/resources/server.php(23): require_once('...')
#53 {main}

[previous exception] [object] (PDOException(code: 7): SQLSTATE[08006] [7] timeout expired at C:/Users/MSI/Desktop/projet cote serveur/stock-management/vendor/laravel/framework/src/Illuminate/Database/Connectors/Connector.php:66)
[stacktrace]
#0 C:/Users/MSI/Desktop/projet cote serveur/stock-management/vendor/laravel/framework/src/Illuminate/Database/Connectors/Connector.php(66): PDO->__construct()
#1 C:/Users/MSI/Desktop/projet cote serveur/stock-management/vendor/laravel/framework/src/Illuminate/Database/Connectors/Connector.php(44): Illuminate/Database/Connectors/Connector->createPdoConnection()
#2 C:/Users/MSI/Desktop/projet cote serveur/stock-management/vendor/laravel/framework/src/Illuminate/Database/Connectors/PostgresConnector.php(35): Illuminate/Database/Connectors/Connector->createConnection()
#3 C:/Users/MSI/Desktop/projet cote serveur/stock-management/vendor/laravel/framework/src/Illuminate/Database/Connectors/ConnectionFactory.php(186): Illuminate/Database/Connectors/PostgresConnector->connect()
#4 [internal function]: Illuminate/Database/Connectors/ConnectionFactory->Illuminate/Database/Connectors/{closure}()
#5 C:/Users/MSI/Desktop/projet cote serveur/stock-management/vendor/laravel/framework/src/Illuminate/Database/Connection.php(1257): call_user_func()
#6 C:/Users/MSI/Desktop/projet cote serveur/stock-management/vendor/laravel/framework/src/Illuminate/Database/Connection.php(525): Illuminate/Database/Connection->getPdo()
#7 C:/Users/MSI/Desktop/projet cote serveur/stock-management/vendor/laravel/framework/src/Illuminate/Database/Connection.php(420): Illuminate/Database/Connection->getPdoForSelect()
#8 C:/Users/MSI/Desktop/projet cote serveur/stock-management/vendor/laravel/framework/src/Illuminate/Database/Connection.php(827): Illuminate/Database/Connection->Illuminate/Database/{closure}()
#9 C:/Users/MSI/Desktop/projet cote serveur/stock-management/vendor/laravel/framework/src/Illuminate/Database/Connection.php(794): Illuminate/Database/Connection->runQueryCallback()
#10 C:/Users/MSI/Desktop/projet cote serveur/stock-management/vendor/laravel/framework/src/Illuminate/Database/Connection.php(411): Illuminate/Database/Connection->run()
#11 C:/Users/MSI/Desktop/projet cote serveur/stock-management/vendor/laravel/framework/src/Illuminate/Database/Query/Builder.php(3505): Illuminate/Database/Connection->select()
#12 C:/Users/MSI/Desktop/projet cote serveur/stock-management/vendor/laravel/framework/src/Illuminate/Database/Query/Builder.php(3490): Illuminate/Database/Query/Builder->runSelect()
#13 C:/Users/MSI/Desktop/projet cote serveur/stock-management/vendor/laravel/framework/src/Illuminate/Database/Query/Builder.php(4080): Illuminate/Database/Query/Builder->Illuminate/Database/Query/{closure}()
#14 C:/Users/MSI/Desktop/projet cote serveur/stock-management/vendor/laravel/framework/src/Illuminate/Database/Query/Builder.php(3489): Illuminate/Database/Query/Builder->onceWithColumns()
#15 C:/Users/MSI/Desktop/projet cote serveur/stock-management/vendor/laravel/framework/src/Illuminate/Database/Concerns/BuildsQueries.php(366): Illuminate/Database/Query/Builder->get()
#16 C:/Users/MSI/Desktop/projet cote serveur/stock-management/vendor/laravel/framework/src/Illuminate/Database/Query/Builder.php(3412): Illuminate/Database/Query/Builder->first()
#17 C:/Users/MSI/Desktop/projet cote serveur/stock-management/vendor/laravel/framework/src/Illuminate/Session/DatabaseSessionHandler.php(96): Illuminate/Database/Query/Builder->find()
#18 C:/Users/MSI/Desktop/projet cote serveur/stock-management/vendor/laravel/framework/src/Illuminate/Session/Store.php(128): Illuminate/Session/DatabaseSessionHandler->read()
#19 C:/Users/MSI/Desktop/projet cote serveur/stock-management/vendor/laravel/framework/src/Illuminate/Session/Store.php(116): Illuminate/Session/Store->readFromHandler()
#20 C:/Users/MSI/Desktop/projet cote serveur/stock-management/vendor/laravel/framework/src/Illuminate/Session/Store.php(100): Illuminate/Session/Store->loadSession()
#21 C:/Users/MSI/Desktop/projet cote serveur/stock-management/vendor/laravel/framework/src/Illuminate/Session/Middleware/StartSession.php(146): Illuminate/Session/Store->start()
#22 C:/Users/MSI/Desktop/projet cote serveur/stock-management/vendor/laravel/framework/src/Illuminate/Support/helpers.php(393): Illuminate/Session/Middleware/StartSession->Illuminate/Session/Middleware/{closure}()
#23 C:/Users/MSI/Desktop/projet cote serveur/stock-management/vendor/laravel/framework/src/Illuminate/Session/Middleware/StartSession.php(143): tap()
#24 C:/Users/MSI/Desktop/projet cote serveur/stock-management/vendor/laravel/framework/src/Illuminate/Session/Middleware/StartSession.php(115): Illuminate/Session/Middleware/StartSession->startSession()
#25 C:/Users/MSI/Desktop/projet cote serveur/stock-management/vendor/laravel/framework/src/Illuminate/Session/Middleware/StartSession.php(63): Illuminate/Session/Middleware/StartSession->handleStatefulRequest()
#26 C:/Users/MSI/Desktop/projet cote serveur/stock-management/vendor/laravel/framework/src/Illuminate/Pipeline/Pipeline.php(219): Illuminate/Session/Middleware/StartSession->handle()
#27 C:/Users/MSI/Desktop/projet cote serveur/stock-management/vendor/laravel/framework/src/Illuminate/Cookie/Middleware/AddQueuedCookiesToResponse.php(36): Illuminate/Pipeline/Pipeline->Illuminate/Pipeline/{closure}()
#28 C:/Users/MSI/Desktop/projet cote serveur/stock-management/vendor/laravel/framework/src/Illuminate/Pipeline/Pipeline.php(219): Illuminate/Cookie/Middleware/AddQueuedCookiesToResponse->handle()
#29 C:/Users/MSI/Desktop/projet cote serveur/stock-management/vendor/laravel/framework/src/Illuminate/Cookie/Middleware/EncryptCookies.php(74): Illuminate/Pipeline/Pipeline->Illuminate/Pipeline/{closure}()
#30 C:/Users/MSI/Desktop/projet cote serveur/stock-management/vendor/laravel/framework/src/Illuminate/Pipeline/Pipeline.php(219): Illuminate/Cookie/Middleware/EncryptCookies->handle()
#31 C:/Users/MSI/Desktop/projet cote serveur/stock-management/vendor/laravel/framework/src/Illuminate/Pipeline/Pipeline.php(137): Illuminate/Pipeline/Pipeline->Illuminate/Pipeline/{closure}()
#32 C:/Users/MSI/Desktop/projet cote serveur/stock-management/vendor/laravel/framework/src/Illuminate/Routing/Router.php(821): Illuminate/Pipeline/Pipeline->then()
#33 C:/Users/MSI/Desktop/projet cote serveur/stock-management/vendor/laravel/framework/src/Illuminate/Routing/Router.php(800): Illuminate/Routing/Router->runRouteWithinStack()
#34 C:/Users/MSI/Desktop/projet cote serveur/stock-management/vendor/laravel/framework/src/Illuminate/Routing/Router.php(764): Illuminate/Routing/Router->runRoute()
#35 C:/Users/MSI/Desktop/projet cote serveur/stock-management/vendor/laravel/framework/src/Illuminate/Routing/Router.php(753): Illuminate/Routing/Router->dispatchToRoute()
#36 C:/Users/MSI/Desktop/projet cote serveur/stock-management/vendor/laravel/framework/src/Illuminate/Foundation/Http/Kernel.php(200): Illuminate/Routing/Router->dispatch()
#37 C:/Users/MSI/Desktop/projet cote serveur/stock-management/vendor/laravel/framework/src/Illuminate/Pipeline/Pipeline.php(180): Illuminate/Foundation/Http/Kernel->Illuminate/Foundation/Http/{closure}()
#38 C:/Users/MSI/Desktop/projet cote serveur/stock-management/vendor/laravel/framework/src/Illuminate/Foundation/Http/Middleware/TransformsRequest.php(21): Illuminate/Pipeline/Pipeline->Illuminate/Pipeline/{closure}()
#39 C:/Users/MSI/Desktop/projet cote serveur/stock-management/vendor/laravel/framework/src/Illuminate/Foundation/Http/Middleware/ConvertEmptyStringsToNull.php(31): Illuminate/Foundation/Http/Middleware/TransformsRequest->handle()
#40 C:/Users/MSI/Desktop/projet cote serveur/stock-management/vendor/laravel/framework/src/Illuminate/Pipeline/Pipeline.php(219): Illuminate/Foundation/Http/Middleware/ConvertEmptyStringsToNull->handle()
#41 C:/Users/MSI/Desktop/projet cote serveur/stock-management/vendor/laravel/framework/src/Illuminate/Foundation/Http/Middleware/TransformsRequest.php(21): Illuminate/Pipeline/Pipeline->Illuminate/Pipeline/{closure}()
#42 C:/Users/MSI/Desktop/projet cote serveur/stock-management/vendor/laravel/framework/src/Illuminate/Foundation/Http/Middleware/TrimStrings.php(51): Illuminate/Foundation/Http/Middleware/TransformsRequest->handle()
#43 C:/Users/MSI/Desktop/projet cote serveur/stock-management/vendor/laravel/framework/src/Illuminate/Pipeline/Pipeline.php(219): Illuminate/Foundation/Http/Middleware/TrimStrings->handle()
#44 C:/Users/MSI/Desktop/projet cote serveur/stock-management/vendor/laravel/framework/src/Illuminate/Http/Middleware/ValidatePostSize.php(27): Illuminate/Pipeline/Pipeline->Illuminate/Pipeline/{closure}()
#45 C:/Users/MSI/Desktop/projet cote serveur/stock-management/vendor/laravel/framework/src/Illuminate/Pipeline/Pipeline.php(219): Illuminate/Http/Middleware/ValidatePostSize->handle()
#46 C:/Users/MSI/Desktop/projet cote serveur/stock-management/vendor/laravel/framework/src/Illuminate/Foundation/Http/Middleware/PreventRequestsDuringMaintenance.php(109): Illuminate/Pipeline/Pipeline->Illuminate/Pipeline/{closure}()
#47 C:/Users/MSI/Desktop/projet cote serveur/stock-management/vendor/laravel/framework/src/Illuminate/Pipeline/Pipeline.php(219): Illuminate/Foundation/Http/Middleware/PreventRequestsDuringMaintenance->handle()
#48 C:/Users/MSI/Desktop/projet cote serveur/stock-management/vendor/laravel/framework/src/Illuminate/Http/Middleware/HandleCors.php(61): Illuminate/Pipeline/Pipeline->Illuminate/Pipeline/{closure}()
#49 C:/Users/MSI/Desktop/projet cote serveur/stock-management/vendor/laravel/framework/src/Illuminate/Pipeline/Pipeline.php(219): Illuminate/Http/Middleware/HandleCors->handle()
#50 C:/Users/MSI/Desktop/projet cote serveur/stock-management/vendor/laravel/framework/src/Illuminate/Http/Middleware/TrustProxies.php(58): Illuminate/Pipeline/Pipeline->Illuminate/Pipeline/{closure}()
#51 C:/Users/MSI/Desktop/projet cote serveur/stock-management/vendor/laravel/framework/src/Illuminate/Pipeline/Pipeline.php(219): Illuminate/Http/Middleware/TrustProxies->handle()
#52 C:/Users/MSI/Desktop/projet cote serveur/stock-management/vendor/laravel/framework/src/Illuminate/Foundation/Http/Middleware/InvokeDeferredCallbacks.php(22): Illuminate/Pipeline/Pipeline->Illuminate/Pipeline/{closure}()
#53 C:/Users/MSI/Desktop/projet cote serveur/stock-management/vendor/laravel/framework/src/Illuminate/Pipeline/Pipeline.php(219): Illuminate/Foundation/Http/Middleware/InvokeDeferredCallbacks->handle()
#54 C:/Users/MSI/Desktop/projet cote serveur/stock-management/vendor/laravel/framework/src/Illuminate/Http/Middleware/ValidatePathEncoding.php(26): Illuminate/Pipeline/Pipeline->Illuminate/Pipeline/{closure}()
#55 C:/Users/MSI/Desktop/projet cote serveur/stock-management/vendor/laravel/framework/src/Illuminate/Pipeline/Pipeline.php(219): Illuminate/Http/Middleware/ValidatePathEncoding->handle()
#56 C:/Users/MSI/Desktop/projet cote serveur/stock-management/vendor/laravel/framework/src/Illuminate/Pipeline/Pipeline.php(137): Illuminate/Pipeline/Pipeline->Illuminate/Pipeline/{closure}()
#57 C:/Users/MSI/Desktop/projet cote serveur/stock-management/vendor/laravel/framework/src/Illuminate/Foundation/Http/Kernel.php(175): Illuminate/Pipeline/Pipeline->then()
#58 C:/Users/MSI/Desktop/projet cote serveur/stock-management/vendor/laravel/framework/src/Illuminate/Foundation/Http/Kernel.php(144): Illuminate/Foundation/Http/Kernel->sendRequestThroughRouter()
#59 C:/Users/MSI/Desktop/projet cote serveur/stock-management/vendor/laravel/framework/src/Illuminate/Foundation/Application.php(1220): Illuminate/Foundation/Http/Kernel->handle()
#60 C:/Users/MSI/Desktop/projet cote serveur/stock-management/public/index.php(17): Illuminate/Foundation/Application->handleRequest()
#61 C:/Users/MSI/Desktop/projet cote serveur/stock-management/vendor/laravel/framework/src/Illuminate/Foundation/resources/server.php(23): require_once('...')
#62 {main}
"} 
[2026-05-03 17:49:24] local.ERROR: SQLSTATE[08006] [7] timeout expired (Connection: pgsql, Host: 127.0.0.1, Port: 5555, Database: stock_management, SQL: select * from "sessions" where "id" = CPh27dvn1JJuix0vIk330VDbykDB9U5rwHY6PjbY limit 1) {"exception":"[object] (Illuminate\\Database\\QueryException(code: 7): SQLSTATE[08006] [7] timeout expired (Connection: pgsql, Host: 127.0.0.1, Port: 5555, Database: stock_management, SQL: select * from \"sessions\" where \"id\" = CPh27dvn1JJuix0vIk330VDbykDB9U5rwHY6PjbY limit 1) at C:/Users/MSI/Desktop/projet cote serveur/stock-management/vendor/laravel/framework/src/Illuminate/Database/Connection.php:838)
[stacktrace]
#0 C:/Users/MSI/Desktop/projet cote serveur/stock-management/vendor/laravel/framework/src/Illuminate/Database/Connection.php(794): Illuminate/Database/Connection->runQueryCallback()
#1 C:/Users/MSI/Desktop/projet cote serveur/stock-management/vendor/laravel/framework/src/Illuminate/Database/Connection.php(411): Illuminate/Database/Connection->run()
#2 C:/Users/MSI/Desktop/projet cote serveur/stock-management/vendor/laravel/framework/src/Illuminate/Database/Query/Builder.php(3505): Illuminate/Database/Connection->select()
#3 C:/Users/MSI/Desktop/projet cote serveur/stock-management/vendor/laravel/framework/src/Illuminate/Database/Query/Builder.php(3490): Illuminate/Database/Query/Builder->runSelect()
#4 C:/Users/MSI/Desktop/projet cote serveur/stock-management/vendor/laravel/framework/src/Illuminate/Database/Query/Builder.php(4080): Illuminate/Database/Query/Builder->Illuminate/Database/Query/{closure}()
#5 C:/Users/MSI/Desktop/projet cote serveur/stock-management/vendor/laravel/framework/src/Illuminate/Database/Query/Builder.php(3489): Illuminate/Database/Query/Builder->onceWithColumns()
#6 C:/Users/MSI/Desktop/projet cote serveur/stock-management/vendor/laravel/framework/src/Illuminate/Database/Concerns/BuildsQueries.php(366): Illuminate/Database/Query/Builder->get()
#7 C:/Users/MSI/Desktop/projet cote serveur/stock-management/vendor/laravel/framework/src/Illuminate/Database/Query/Builder.php(3412): Illuminate/Database/Query/Builder->first()
#8 C:/Users/MSI/Desktop/projet cote serveur/stock-management/vendor/laravel/framework/src/Illuminate/Session/DatabaseSessionHandler.php(96): Illuminate/Database/Query/Builder->find()
#9 C:/Users/MSI/Desktop/projet cote serveur/stock-management/vendor/laravel/framework/src/Illuminate/Session/Store.php(128): Illuminate/Session/DatabaseSessionHandler->read()
#10 C:/Users/MSI/Desktop/projet cote serveur/stock-management/vendor/laravel/framework/src/Illuminate/Session/Store.php(116): Illuminate/Session/Store->readFromHandler()
#11 C:/Users/MSI/Desktop/projet cote serveur/stock-management/vendor/laravel/framework/src/Illuminate/Session/Store.php(100): Illuminate/Session/Store->loadSession()
#12 C:/Users/MSI/Desktop/projet cote serveur/stock-management/vendor/laravel/framework/src/Illuminate/Session/Middleware/StartSession.php(146): Illuminate/Session/Store->start()
#13 C:/Users/MSI/Desktop/projet cote serveur/stock-management/vendor/laravel/framework/src/Illuminate/Support/helpers.php(393): Illuminate/Session/Middleware/StartSession->Illuminate/Session/Middleware/{closure}()
#14 C:/Users/MSI/Desktop/projet cote serveur/stock-management/vendor/laravel/framework/src/Illuminate/Session/Middleware/StartSession.php(143): tap()
#15 C:/Users/MSI/Desktop/projet cote serveur/stock-management/vendor/laravel/framework/src/Illuminate/Session/Middleware/StartSession.php(115): Illuminate/Session/Middleware/StartSession->startSession()
#16 C:/Users/MSI/Desktop/projet cote serveur/stock-management/vendor/laravel/framework/src/Illuminate/Session/Middleware/StartSession.php(63): Illuminate/Session/Middleware/StartSession->handleStatefulRequest()
#17 C:/Users/MSI/Desktop/projet cote serveur/stock-management/vendor/laravel/framework/src/Illuminate/Pipeline/Pipeline.php(219): Illuminate/Session/Middleware/StartSession->handle()
#18 C:/Users/MSI/Desktop/projet cote serveur/stock-management/vendor/laravel/framework/src/Illuminate/Cookie/Middleware/AddQueuedCookiesToResponse.php(36): Illuminate/Pipeline/Pipeline->Illuminate/Pipeline/{closure}()
#19 C:/Users/MSI/Desktop/projet cote serveur/stock-management/vendor/laravel/framework/src/Illuminate/Pipeline/Pipeline.php(219): Illuminate/Cookie/Middleware/AddQueuedCookiesToResponse->handle()
#20 C:/Users/MSI/Desktop/projet cote serveur/stock-management/vendor/laravel/framework/src/Illuminate/Cookie/Middleware/EncryptCookies.php(74): Illuminate/Pipeline/Pipeline->Illuminate/Pipeline/{closure}()
#21 C:/Users/MSI/Desktop/projet cote serveur/stock-management/vendor/laravel/framework/src/Illuminate/Pipeline/Pipeline.php(219): Illuminate/Cookie/Middleware/EncryptCookies->handle()
#22 C:/Users/MSI/Desktop/projet cote serveur/stock-management/vendor/laravel/framework/src/Illuminate/Pipeline/Pipeline.php(137): Illuminate/Pipeline/Pipeline->Illuminate/Pipeline/{closure}()
#23 C:/Users/MSI/Desktop/projet cote serveur/stock-management/vendor/laravel/framework/src/Illuminate/Routing/Router.php(821): Illuminate/Pipeline/Pipeline->then()
#24 C:/Users/MSI/Desktop/projet cote serveur/stock-management/vendor/laravel/framework/src/Illuminate/Routing/Router.php(800): Illuminate/Routing/Router->runRouteWithinStack()
#25 C:/Users/MSI/Desktop/projet cote serveur/stock-management/vendor/laravel/framework/src/Illuminate/Routing/Router.php(764): Illuminate/Routing/Router->runRoute()
#26 C:/Users/MSI/Desktop/projet cote serveur/stock-management/vendor/laravel/framework/src/Illuminate/Routing/Router.php(753): Illuminate/Routing/Router->dispatchToRoute()
#27 C:/Users/MSI/Desktop/projet cote serveur/stock-management/vendor/laravel/framework/src/Illuminate/Foundation/Http/Kernel.php(200): Illuminate/Routing/Router->dispatch()
#28 C:/Users/MSI/Desktop/projet cote serveur/stock-management/vendor/laravel/framework/src/Illuminate/Pipeline/Pipeline.php(180): Illuminate/Foundation/Http/Kernel->Illuminate/Foundation/Http/{closure}()
#29 C:/Users/MSI/Desktop/projet cote serveur/stock-management/vendor/laravel/framework/src/Illuminate/Foundation/Http/Middleware/TransformsRequest.php(21): Illuminate/Pipeline/Pipeline->Illuminate/Pipeline/{closure}()
#30 C:/Users/MSI/Desktop/projet cote serveur/stock-management/vendor/laravel/framework/src/Illuminate/Foundation/Http/Middleware/ConvertEmptyStringsToNull.php(31): Illuminate/Foundation/Http/Middleware/TransformsRequest->handle()
#31 C:/Users/MSI/Desktop/projet cote serveur/stock-management/vendor/laravel/framework/src/Illuminate/Pipeline/Pipeline.php(219): Illuminate/Foundation/Http/Middleware/ConvertEmptyStringsToNull->handle()
#32 C:/Users/MSI/Desktop/projet cote serveur/stock-management/vendor/laravel/framework/src/Illuminate/Foundation/Http/Middleware/TransformsRequest.php(21): Illuminate/Pipeline/Pipeline->Illuminate/Pipeline/{closure}()
#33 C:/Users/MSI/Desktop/projet cote serveur/stock-management/vendor/laravel/framework/src/Illuminate/Foundation/Http/Middleware/TrimStrings.php(51): Illuminate/Foundation/Http/Middleware/TransformsRequest->handle()
#34 C:/Users/MSI/Desktop/projet cote serveur/stock-management/vendor/laravel/framework/src/Illuminate/Pipeline/Pipeline.php(219): Illuminate/Foundation/Http/Middleware/TrimStrings->handle()
#35 C:/Users/MSI/Desktop/projet cote serveur/stock-management/vendor/laravel/framework/src/Illuminate/Http/Middleware/ValidatePostSize.php(27): Illuminate/Pipeline/Pipeline->Illuminate/Pipeline/{closure}()
#36 C:/Users/MSI/Desktop/projet cote serveur/stock-management/vendor/laravel/framework/src/Illuminate/Pipeline/Pipeline.php(219): Illuminate/Http/Middleware/ValidatePostSize->handle()
#37 C:/Users/MSI/Desktop/projet cote serveur/stock-management/vendor/laravel/framework/src/Illuminate/Foundation/Http/Middleware/PreventRequestsDuringMaintenance.php(109): Illuminate/Pipeline/Pipeline->Illuminate/Pipeline/{closure}()
#38 C:/Users/MSI/Desktop/projet cote serveur/stock-management/vendor/laravel/framework/src/Illuminate/Pipeline/Pipeline.php(219): Illuminate/Foundation/Http/Middleware/PreventRequestsDuringMaintenance->handle()
#39 C:/Users/MSI/Desktop/projet cote serveur/stock-management/vendor/laravel/framework/src/Illuminate/Http/Middleware/HandleCors.php(61): Illuminate/Pipeline/Pipeline->Illuminate/Pipeline/{closure}()
#40 C:/Users/MSI/Desktop/projet cote serveur/stock-management/vendor/laravel/framework/src/Illuminate/Pipeline/Pipeline.php(219): Illuminate/Http/Middleware/HandleCors->handle()
#41 C:/Users/MSI/Desktop/projet cote serveur/stock-management/vendor/laravel/framework/src/Illuminate/Http/Middleware/TrustProxies.php(58): Illuminate/Pipeline/Pipeline->Illuminate/Pipeline/{closure}()
#42 C:/Users/MSI/Desktop/projet cote serveur/stock-management/vendor/laravel/framework/src/Illuminate/Pipeline/Pipeline.php(219): Illuminate/Http/Middleware/TrustProxies->handle()
#43 C:/Users/MSI/Desktop/projet cote serveur/stock-management/vendor/laravel/framework/src/Illuminate/Foundation/Http/Middleware/InvokeDeferredCallbacks.php(22): Illuminate/Pipeline/Pipeline->Illuminate/Pipeline/{closure}()
#44 C:/Users/MSI/Desktop/projet cote serveur/stock-management/vendor/laravel/framework/src/Illuminate/Pipeline/Pipeline.php(219): Illuminate/Foundation/Http/Middleware/InvokeDeferredCallbacks->handle()
#45 C:/Users/MSI/Desktop/projet cote serveur/stock-management/vendor/laravel/framework/src/Illuminate/Http/Middleware/ValidatePathEncoding.php(26): Illuminate/Pipeline/Pipeline->Illuminate/Pipeline/{closure}()
#46 C:/Users/MSI/Desktop/projet cote serveur/stock-management/vendor/laravel/framework/src/Illuminate/Pipeline/Pipeline.php(219): Illuminate/Http/Middleware/ValidatePathEncoding->handle()
#47 C:/Users/MSI/Desktop/projet cote serveur/stock-management/vendor/laravel/framework/src/Illuminate/Pipeline/Pipeline.php(137): Illuminate/Pipeline/Pipeline->Illuminate/Pipeline/{closure}()
#48 C:/Users/MSI/Desktop/projet cote serveur/stock-management/vendor/laravel/framework/src/Illuminate/Foundation/Http/Kernel.php(175): Illuminate/Pipeline/Pipeline->then()
#49 C:/Users/MSI/Desktop/projet cote serveur/stock-management/vendor/laravel/framework/src/Illuminate/Foundation/Http/Kernel.php(144): Illuminate/Foundation/Http/Kernel->sendRequestThroughRouter()
#50 C:/Users/MSI/Desktop/projet cote serveur/stock-management/vendor/laravel/framework/src/Illuminate/Foundation/Application.php(1220): Illuminate/Foundation/Http/Kernel->handle()
#51 C:/Users/MSI/Desktop/projet cote serveur/stock-management/public/index.php(17): Illuminate/Foundation/Application->handleRequest()
#52 C:/Users/MSI/Desktop/projet cote serveur/stock-management/vendor/laravel/framework/src/Illuminate/Foundation/resources/server.php(23): require_once('...')
#53 {main}

[previous exception] [object] (PDOException(code: 7): SQLSTATE[08006] [7] timeout expired at C:/Users/MSI/Desktop/projet cote serveur/stock-management/vendor/laravel/framework/src/Illuminate/Database/Connectors/Connector.php:66)
[stacktrace]
#0 C:/Users/MSI/Desktop/projet cote serveur/stock-management/vendor/laravel/framework/src/Illuminate/Database/Connectors/Connector.php(66): PDO->__construct()
#1 C:/Users/MSI/Desktop/projet cote serveur/stock-management/vendor/laravel/framework/src/Illuminate/Database/Connectors/Connector.php(44): Illuminate/Database/Connectors/Connector->createPdoConnection()
#2 C:/Users/MSI/Desktop/projet cote serveur/stock-management/vendor/laravel/framework/src/Illuminate/Database/Connectors/PostgresConnector.php(35): Illuminate/Database/Connectors/Connector->createConnection()
#3 C:/Users/MSI/Desktop/projet cote serveur/stock-management/vendor/laravel/framework/src/Illuminate/Database/Connectors/ConnectionFactory.php(186): Illuminate/Database/Connectors/PostgresConnector->connect()
#4 [internal function]: Illuminate/Database/Connectors/ConnectionFactory->Illuminate/Database/Connectors/{closure}()
#5 C:/Users/MSI/Desktop/projet cote serveur/stock-management/vendor/laravel/framework/src/Illuminate/Database/Connection.php(1257): call_user_func()
#6 C:/Users/MSI/Desktop/projet cote serveur/stock-management/vendor/laravel/framework/src/Illuminate/Database/Connection.php(525): Illuminate/Database/Connection->getPdo()
#7 C:/Users/MSI/Desktop/projet cote serveur/stock-management/vendor/laravel/framework/src/Illuminate/Database/Connection.php(420): Illuminate/Database/Connection->getPdoForSelect()
#8 C:/Users/MSI/Desktop/projet cote serveur/stock-management/vendor/laravel/framework/src/Illuminate/Database/Connection.php(827): Illuminate/Database/Connection->Illuminate/Database/{closure}()
#9 C:/Users/MSI/Desktop/projet cote serveur/stock-management/vendor/laravel/framework/src/Illuminate/Database/Connection.php(794): Illuminate/Database/Connection->runQueryCallback()
#10 C:/Users/MSI/Desktop/projet cote serveur/stock-management/vendor/laravel/framework/src/Illuminate/Database/Connection.php(411): Illuminate/Database/Connection->run()
#11 C:/Users/MSI/Desktop/projet cote serveur/stock-management/vendor/laravel/framework/src/Illuminate/Database/Query/Builder.php(3505): Illuminate/Database/Connection->select()
#12 C:/Users/MSI/Desktop/projet cote serveur/stock-management/vendor/laravel/framework/src/Illuminate/Database/Query/Builder.php(3490): Illuminate/Database/Query/Builder->runSelect()
#13 C:/Users/MSI/Desktop/projet cote serveur/stock-management/vendor/laravel/framework/src/Illuminate/Database/Query/Builder.php(4080): Illuminate/Database/Query/Builder->Illuminate/Database/Query/{closure}()
#14 C:/Users/MSI/Desktop/projet cote serveur/stock-management/vendor/laravel/framework/src/Illuminate/Database/Query/Builder.php(3489): Illuminate/Database/Query/Builder->onceWithColumns()
#15 C:/Users/MSI/Desktop/projet cote serveur/stock-management/vendor/laravel/framework/src/Illuminate/Database/Concerns/BuildsQueries.php(366): Illuminate/Database/Query/Builder->get()
#16 C:/Users/MSI/Desktop/projet cote serveur/stock-management/vendor/laravel/framework/src/Illuminate/Database/Query/Builder.php(3412): Illuminate/Database/Query/Builder->first()
#17 C:/Users/MSI/Desktop/projet cote serveur/stock-management/vendor/laravel/framework/src/Illuminate/Session/DatabaseSessionHandler.php(96): Illuminate/Database/Query/Builder->find()
#18 C:/Users/MSI/Desktop/projet cote serveur/stock-management/vendor/laravel/framework/src/Illuminate/Session/Store.php(128): Illuminate/Session/DatabaseSessionHandler->read()
#19 C:/Users/MSI/Desktop/projet cote serveur/stock-management/vendor/laravel/framework/src/Illuminate/Session/Store.php(116): Illuminate/Session/Store->readFromHandler()
#20 C:/Users/MSI/Desktop/projet cote serveur/stock-management/vendor/laravel/framework/src/Illuminate/Session/Store.php(100): Illuminate/Session/Store->loadSession()
#21 C:/Users/MSI/Desktop/projet cote serveur/stock-management/vendor/laravel/framework/src/Illuminate/Session/Middleware/StartSession.php(146): Illuminate/Session/Store->start()
#22 C:/Users/MSI/Desktop/projet cote serveur/stock-management/vendor/laravel/framework/src/Illuminate/Support/helpers.php(393): Illuminate/Session/Middleware/StartSession->Illuminate/Session/Middleware/{closure}()
#23 C:/Users/MSI/Desktop/projet cote serveur/stock-management/vendor/laravel/framework/src/Illuminate/Session/Middleware/StartSession.php(143): tap()
#24 C:/Users/MSI/Desktop/projet cote serveur/stock-management/vendor/laravel/framework/src/Illuminate/Session/Middleware/StartSession.php(115): Illuminate/Session/Middleware/StartSession->startSession()
#25 C:/Users/MSI/Desktop/projet cote serveur/stock-management/vendor/laravel/framework/src/Illuminate/Session/Middleware/StartSession.php(63): Illuminate/Session/Middleware/StartSession->handleStatefulRequest()
#26 C:/Users/MSI/Desktop/projet cote serveur/stock-management/vendor/laravel/framework/src/Illuminate/Pipeline/Pipeline.php(219): Illuminate/Session/Middleware/StartSession->handle()
#27 C:/Users/MSI/Desktop/projet cote serveur/stock-management/vendor/laravel/framework/src/Illuminate/Cookie/Middleware/AddQueuedCookiesToResponse.php(36): Illuminate/Pipeline/Pipeline->Illuminate/Pipeline/{closure}()
#28 C:/Users/MSI/Desktop/projet cote serveur/stock-management/vendor/laravel/framework/src/Illuminate/Pipeline/Pipeline.php(219): Illuminate/Cookie/Middleware/AddQueuedCookiesToResponse->handle()
#29 C:/Users/MSI/Desktop/projet cote serveur/stock-management/vendor/laravel/framework/src/Illuminate/Cookie/Middleware/EncryptCookies.php(74): Illuminate/Pipeline/Pipeline->Illuminate/Pipeline/{closure}()
#30 C:/Users/MSI/Desktop/projet cote serveur/stock-management/vendor/laravel/framework/src/Illuminate/Pipeline/Pipeline.php(219): Illuminate/Cookie/Middleware/EncryptCookies->handle()
#31 C:/Users/MSI/Desktop/projet cote serveur/stock-management/vendor/laravel/framework/src/Illuminate/Pipeline/Pipeline.php(137): Illuminate/Pipeline/Pipeline->Illuminate/Pipeline/{closure}()
#32 C:/Users/MSI/Desktop/projet cote serveur/stock-management/vendor/laravel/framework/src/Illuminate/Routing/Router.php(821): Illuminate/Pipeline/Pipeline->then()
#33 C:/Users/MSI/Desktop/projet cote serveur/stock-management/vendor/laravel/framework/src/Illuminate/Routing/Router.php(800): Illuminate/Routing/Router->runRouteWithinStack()
#34 C:/Users/MSI/Desktop/projet cote serveur/stock-management/vendor/laravel/framework/src/Illuminate/Routing/Router.php(764): Illuminate/Routing/Router->runRoute()
#35 C:/Users/MSI/Desktop/projet cote serveur/stock-management/vendor/laravel/framework/src/Illuminate/Routing/Router.php(753): Illuminate/Routing/Router->dispatchToRoute()
#36 C:/Users/MSI/Desktop/projet cote serveur/stock-management/vendor/laravel/framework/src/Illuminate/Foundation/Http/Kernel.php(200): Illuminate/Routing/Router->dispatch()
#37 C:/Users/MSI/Desktop/projet cote serveur/stock-management/vendor/laravel/framework/src/Illuminate/Pipeline/Pipeline.php(180): Illuminate/Foundation/Http/Kernel->Illuminate/Foundation/Http/{closure}()
#38 C:/Users/MSI/Desktop/projet cote serveur/stock-management/vendor/laravel/framework/src/Illuminate/Foundation/Http/Middleware/TransformsRequest.php(21): Illuminate/Pipeline/Pipeline->Illuminate/Pipeline/{closure}()
#39 C:/Users/MSI/Desktop/projet cote serveur/stock-management/vendor/laravel/framework/src/Illuminate/Foundation/Http/Middleware/ConvertEmptyStringsToNull.php(31): Illuminate/Foundation/Http/Middleware/TransformsRequest->handle()
#40 C:/Users/MSI/Desktop/projet cote serveur/stock-management/vendor/laravel/framework/src/Illuminate/Pipeline/Pipeline.php(219): Illuminate/Foundation/Http/Middleware/ConvertEmptyStringsToNull->handle()
#41 C:/Users/MSI/Desktop/projet cote serveur/stock-management/vendor/laravel/framework/src/Illuminate/Foundation/Http/Middleware/TransformsRequest.php(21): Illuminate/Pipeline/Pipeline->Illuminate/Pipeline/{closure}()
#42 C:/Users/MSI/Desktop/projet cote serveur/stock-management/vendor/laravel/framework/src/Illuminate/Foundation/Http/Middleware/TrimStrings.php(51): Illuminate/Foundation/Http/Middleware/TransformsRequest->handle()
#43 C:/Users/MSI/Desktop/projet cote serveur/stock-management/vendor/laravel/framework/src/Illuminate/Pipeline/Pipeline.php(219): Illuminate/Foundation/Http/Middleware/TrimStrings->handle()
#44 C:/Users/MSI/Desktop/projet cote serveur/stock-management/vendor/laravel/framework/src/Illuminate/Http/Middleware/ValidatePostSize.php(27): Illuminate/Pipeline/Pipeline->Illuminate/Pipeline/{closure}()
#45 C:/Users/MSI/Desktop/projet cote serveur/stock-management/vendor/laravel/framework/src/Illuminate/Pipeline/Pipeline.php(219): Illuminate/Http/Middleware/ValidatePostSize->handle()
#46 C:/Users/MSI/Desktop/projet cote serveur/stock-management/vendor/laravel/framework/src/Illuminate/Foundation/Http/Middleware/PreventRequestsDuringMaintenance.php(109): Illuminate/Pipeline/Pipeline->Illuminate/Pipeline/{closure}()
#47 C:/Users/MSI/Desktop/projet cote serveur/stock-management/vendor/laravel/framework/src/Illuminate/Pipeline/Pipeline.php(219): Illuminate/Foundation/Http/Middleware/PreventRequestsDuringMaintenance->handle()
#48 C:/Users/MSI/Desktop/projet cote serveur/stock-management/vendor/laravel/framework/src/Illuminate/Http/Middleware/HandleCors.php(61): Illuminate/Pipeline/Pipeline->Illuminate/Pipeline/{closure}()
#49 C:/Users/MSI/Desktop/projet cote serveur/stock-management/vendor/laravel/framework/src/Illuminate/Pipeline/Pipeline.php(219): Illuminate/Http/Middleware/HandleCors->handle()
#50 C:/Users/MSI/Desktop/projet cote serveur/stock-management/vendor/laravel/framework/src/Illuminate/Http/Middleware/TrustProxies.php(58): Illuminate/Pipeline/Pipeline->Illuminate/Pipeline/{closure}()
#51 C:/Users/MSI/Desktop/projet cote serveur/stock-management/vendor/laravel/framework/src/Illuminate/Pipeline/Pipeline.php(219): Illuminate/Http/Middleware/TrustProxies->handle()
#52 C:/Users/MSI/Desktop/projet cote serveur/stock-management/vendor/laravel/framework/src/Illuminate/Foundation/Http/Middleware/InvokeDeferredCallbacks.php(22): Illuminate/Pipeline/Pipeline->Illuminate/Pipeline/{closure}()
#53 C:/Users/MSI/Desktop/projet cote serveur/stock-management/vendor/laravel/framework/src/Illuminate/Pipeline/Pipeline.php(219): Illuminate/Foundation/Http/Middleware/InvokeDeferredCallbacks->handle()
#54 C:/Users/MSI/Desktop/projet cote serveur/stock-management/vendor/laravel/framework/src/Illuminate/Http/Middleware/ValidatePathEncoding.php(26): Illuminate/Pipeline/Pipeline->Illuminate/Pipeline/{closure}()
#55 C:/Users/MSI/Desktop/projet cote serveur/stock-management/vendor/laravel/framework/src/Illuminate/Pipeline/Pipeline.php(219): Illuminate/Http/Middleware/ValidatePathEncoding->handle()
#56 C:/Users/MSI/Desktop/projet cote serveur/stock-management/vendor/laravel/framework/src/Illuminate/Pipeline/Pipeline.php(137): Illuminate/Pipeline/Pipeline->Illuminate/Pipeline/{closure}()
#57 C:/Users/MSI/Desktop/projet cote serveur/stock-management/vendor/laravel/framework/src/Illuminate/Foundation/Http/Kernel.php(175): Illuminate/Pipeline/Pipeline->then()
#58 C:/Users/MSI/Desktop/projet cote serveur/stock-management/vendor/laravel/framework/src/Illuminate/Foundation/Http/Kernel.php(144): Illuminate/Foundation/Http/Kernel->sendRequestThroughRouter()
#59 C:/Users/MSI/Desktop/projet cote serveur/stock-management/vendor/laravel/framework/src/Illuminate/Foundation/Application.php(1220): Illuminate/Foundation/Http/Kernel->handle()
#60 C:/Users/MSI/Desktop/projet cote serveur/stock-management/public/index.php(17): Illuminate/Foundation/Application->handleRequest()
#61 C:/Users/MSI/Desktop/projet cote serveur/stock-management/vendor/laravel/framework/src/Illuminate/Foundation/resources/server.php(23): require_once('...')
#62 {main}
"} 
[2026-05-03 17:49:55] local.ERROR: SQLSTATE[08006] [7] timeout expired (Connection: pgsql, Host: 127.0.0.1, Port: 5555, Database: stock_management, SQL: select * from "sessions" where "id" = yuUsNEWFIFUG5nFYAOEvazpfh8bIuxz7Sf171qq3 limit 1) {"exception":"[object] (Illuminate\\Database\\QueryException(code: 7): SQLSTATE[08006] [7] timeout expired (Connection: pgsql, Host: 127.0.0.1, Port: 5555, Database: stock_management, SQL: select * from \"sessions\" where \"id\" = yuUsNEWFIFUG5nFYAOEvazpfh8bIuxz7Sf171qq3 limit 1) at C:/Users/MSI/Desktop/projet cote serveur/stock-management/vendor/laravel/framework/src/Illuminate/Database/Connection.php:838)
[stacktrace]
#0 C:/Users/MSI/Desktop/projet cote serveur/stock-management/vendor/laravel/framework/src/Illuminate/Database/Connection.php(794): Illuminate/Database/Connection->runQueryCallback()
#1 C:/Users/MSI/Desktop/projet cote serveur/stock-management/vendor/laravel/framework/src/Illuminate/Database/Connection.php(411): Illuminate/Database/Connection->run()
#2 C:/Users/MSI/Desktop/projet cote serveur/stock-management/vendor/laravel/framework/src/Illuminate/Database/Query/Builder.php(3505): Illuminate/Database/Connection->select()
#3 C:/Users/MSI/Desktop/projet cote serveur/stock-management/vendor/laravel/framework/src/Illuminate/Database/Query/Builder.php(3490): Illuminate/Database/Query/Builder->runSelect()
#4 C:/Users/MSI/Desktop/projet cote serveur/stock-management/vendor/laravel/framework/src/Illuminate/Database/Query/Builder.php(4080): Illuminate/Database/Query/Builder->Illuminate/Database/Query/{closure}()
#5 C:/Users/MSI/Desktop/projet cote serveur/stock-management/vendor/laravel/framework/src/Illuminate/Database/Query/Builder.php(3489): Illuminate/Database/Query/Builder->onceWithColumns()
#6 C:/Users/MSI/Desktop/projet cote serveur/stock-management/vendor/laravel/framework/src/Illuminate/Database/Concerns/BuildsQueries.php(366): Illuminate/Database/Query/Builder->get()
#7 C:/Users/MSI/Desktop/projet cote serveur/stock-management/vendor/laravel/framework/src/Illuminate/Database/Query/Builder.php(3412): Illuminate/Database/Query/Builder->first()
#8 C:/Users/MSI/Desktop/projet cote serveur/stock-management/vendor/laravel/framework/src/Illuminate/Session/DatabaseSessionHandler.php(96): Illuminate/Database/Query/Builder->find()
#9 C:/Users/MSI/Desktop/projet cote serveur/stock-management/vendor/laravel/framework/src/Illuminate/Session/Store.php(128): Illuminate/Session/DatabaseSessionHandler->read()
#10 C:/Users/MSI/Desktop/projet cote serveur/stock-management/vendor/laravel/framework/src/Illuminate/Session/Store.php(116): Illuminate/Session/Store->readFromHandler()
#11 C:/Users/MSI/Desktop/projet cote serveur/stock-management/vendor/laravel/framework/src/Illuminate/Session/Store.php(100): Illuminate/Session/Store->loadSession()
#12 C:/Users/MSI/Desktop/projet cote serveur/stock-management/vendor/laravel/framework/src/Illuminate/Session/Middleware/StartSession.php(146): Illuminate/Session/Store->start()
#13 C:/Users/MSI/Desktop/projet cote serveur/stock-management/vendor/laravel/framework/src/Illuminate/Support/helpers.php(393): Illuminate/Session/Middleware/StartSession->Illuminate/Session/Middleware/{closure}()
#14 C:/Users/MSI/Desktop/projet cote serveur/stock-management/vendor/laravel/framework/src/Illuminate/Session/Middleware/StartSession.php(143): tap()
#15 C:/Users/MSI/Desktop/projet cote serveur/stock-management/vendor/laravel/framework/src/Illuminate/Session/Middleware/StartSession.php(115): Illuminate/Session/Middleware/StartSession->startSession()
#16 C:/Users/MSI/Desktop/projet cote serveur/stock-management/vendor/laravel/framework/src/Illuminate/Session/Middleware/StartSession.php(63): Illuminate/Session/Middleware/StartSession->handleStatefulRequest()
#17 C:/Users/MSI/Desktop/projet cote serveur/stock-management/vendor/laravel/framework/src/Illuminate/Pipeline/Pipeline.php(219): Illuminate/Session/Middleware/StartSession->handle()
#18 C:/Users/MSI/Desktop/projet cote serveur/stock-management/vendor/laravel/framework/src/Illuminate/Cookie/Middleware/AddQueuedCookiesToResponse.php(36): Illuminate/Pipeline/Pipeline->Illuminate/Pipeline/{closure}()
#19 C:/Users/MSI/Desktop/projet cote serveur/stock-management/vendor/laravel/framework/src/Illuminate/Pipeline/Pipeline.php(219): Illuminate/Cookie/Middleware/AddQueuedCookiesToResponse->handle()
#20 C:/Users/MSI/Desktop/projet cote serveur/stock-management/vendor/laravel/framework/src/Illuminate/Cookie/Middleware/EncryptCookies.php(74): Illuminate/Pipeline/Pipeline->Illuminate/Pipeline/{closure}()
#21 C:/Users/MSI/Desktop/projet cote serveur/stock-management/vendor/laravel/framework/src/Illuminate/Pipeline/Pipeline.php(219): Illuminate/Cookie/Middleware/EncryptCookies->handle()
#22 C:/Users/MSI/Desktop/projet cote serveur/stock-management/vendor/laravel/framework/src/Illuminate/Pipeline/Pipeline.php(137): Illuminate/Pipeline/Pipeline->Illuminate/Pipeline/{closure}()
#23 C:/Users/MSI/Desktop/projet cote serveur/stock-management/vendor/laravel/framework/src/Illuminate/Routing/Router.php(821): Illuminate/Pipeline/Pipeline->then()
#24 C:/Users/MSI/Desktop/projet cote serveur/stock-management/vendor/laravel/framework/src/Illuminate/Routing/Router.php(800): Illuminate/Routing/Router->runRouteWithinStack()
#25 C:/Users/MSI/Desktop/projet cote serveur/stock-management/vendor/laravel/framework/src/Illuminate/Routing/Router.php(764): Illuminate/Routing/Router->runRoute()
#26 C:/Users/MSI/Desktop/projet cote serveur/stock-management/vendor/laravel/framework/src/Illuminate/Routing/Router.php(753): Illuminate/Routing/Router->dispatchToRoute()
#27 C:/Users/MSI/Desktop/projet cote serveur/stock-management/vendor/laravel/framework/src/Illuminate/Foundation/Http/Kernel.php(200): Illuminate/Routing/Router->dispatch()
#28 C:/Users/MSI/Desktop/projet cote serveur/stock-management/vendor/laravel/framework/src/Illuminate/Pipeline/Pipeline.php(180): Illuminate/Foundation/Http/Kernel->Illuminate/Foundation/Http/{closure}()
#29 C:/Users/MSI/Desktop/projet cote serveur/stock-management/vendor/laravel/framework/src/Illuminate/Foundation/Http/Middleware/TransformsRequest.php(21): Illuminate/Pipeline/Pipeline->Illuminate/Pipeline/{closure}()
#30 C:/Users/MSI/Desktop/projet cote serveur/stock-management/vendor/laravel/framework/src/Illuminate/Foundation/Http/Middleware/ConvertEmptyStringsToNull.php(31): Illuminate/Foundation/Http/Middleware/TransformsRequest->handle()
#31 C:/Users/MSI/Desktop/projet cote serveur/stock-management/vendor/laravel/framework/src/Illuminate/Pipeline/Pipeline.php(219): Illuminate/Foundation/Http/Middleware/ConvertEmptyStringsToNull->handle()
#32 C:/Users/MSI/Desktop/projet cote serveur/stock-management/vendor/laravel/framework/src/Illuminate/Foundation/Http/Middleware/TransformsRequest.php(21): Illuminate/Pipeline/Pipeline->Illuminate/Pipeline/{closure}()
#33 C:/Users/MSI/Desktop/projet cote serveur/stock-management/vendor/laravel/framework/src/Illuminate/Foundation/Http/Middleware/TrimStrings.php(51): Illuminate/Foundation/Http/Middleware/TransformsRequest->handle()
#34 C:/Users/MSI/Desktop/projet cote serveur/stock-management/vendor/laravel/framework/src/Illuminate/Pipeline/Pipeline.php(219): Illuminate/Foundation/Http/Middleware/TrimStrings->handle()
#35 C:/Users/MSI/Desktop/projet cote serveur/stock-management/vendor/laravel/framework/src/Illuminate/Http/Middleware/ValidatePostSize.php(27): Illuminate/Pipeline/Pipeline->Illuminate/Pipeline/{closure}()
#36 C:/Users/MSI/Desktop/projet cote serveur/stock-management/vendor/laravel/framework/src/Illuminate/Pipeline/Pipeline.php(219): Illuminate/Http/Middleware/ValidatePostSize->handle()
#37 C:/Users/MSI/Desktop/projet cote serveur/stock-management/vendor/laravel/framework/src/Illuminate/Foundation/Http/Middleware/PreventRequestsDuringMaintenance.php(109): Illuminate/Pipeline/Pipeline->Illuminate/Pipeline/{closure}()
#38 C:/Users/MSI/Desktop/projet cote serveur/stock-management/vendor/laravel/framework/src/Illuminate/Pipeline/Pipeline.php(219): Illuminate/Foundation/Http/Middleware/PreventRequestsDuringMaintenance->handle()
#39 C:/Users/MSI/Desktop/projet cote serveur/stock-management/vendor/laravel/framework/src/Illuminate/Http/Middleware/HandleCors.php(61): Illuminate/Pipeline/Pipeline->Illuminate/Pipeline/{closure}()
#40 C:/Users/MSI/Desktop/projet cote serveur/stock-management/vendor/laravel/framework/src/Illuminate/Pipeline/Pipeline.php(219): Illuminate/Http/Middleware/HandleCors->handle()
#41 C:/Users/MSI/Desktop/projet cote serveur/stock-management/vendor/laravel/framework/src/Illuminate/Http/Middleware/TrustProxies.php(58): Illuminate/Pipeline/Pipeline->Illuminate/Pipeline/{closure}()
#42 C:/Users/MSI/Desktop/projet cote serveur/stock-management/vendor/laravel/framework/src/Illuminate/Pipeline/Pipeline.php(219): Illuminate/Http/Middleware/TrustProxies->handle()
#43 C:/Users/MSI/Desktop/projet cote serveur/stock-management/vendor/laravel/framework/src/Illuminate/Foundation/Http/Middleware/InvokeDeferredCallbacks.php(22): Illuminate/Pipeline/Pipeline->Illuminate/Pipeline/{closure}()
#44 C:/Users/MSI/Desktop/projet cote serveur/stock-management/vendor/laravel/framework/src/Illuminate/Pipeline/Pipeline.php(219): Illuminate/Foundation/Http/Middleware/InvokeDeferredCallbacks->handle()
#45 C:/Users/MSI/Desktop/projet cote serveur/stock-management/vendor/laravel/framework/src/Illuminate/Http/Middleware/ValidatePathEncoding.php(26): Illuminate/Pipeline/Pipeline->Illuminate/Pipeline/{closure}()
#46 C:/Users/MSI/Desktop/projet cote serveur/stock-management/vendor/laravel/framework/src/Illuminate/Pipeline/Pipeline.php(219): Illuminate/Http/Middleware/ValidatePathEncoding->handle()
#47 C:/Users/MSI/Desktop/projet cote serveur/stock-management/vendor/laravel/framework/src/Illuminate/Pipeline/Pipeline.php(137): Illuminate/Pipeline/Pipeline->Illuminate/Pipeline/{closure}()
#48 C:/Users/MSI/Desktop/projet cote serveur/stock-management/vendor/laravel/framework/src/Illuminate/Foundation/Http/Kernel.php(175): Illuminate/Pipeline/Pipeline->then()
#49 C:/Users/MSI/Desktop/projet cote serveur/stock-management/vendor/laravel/framework/src/Illuminate/Foundation/Http/Kernel.php(144): Illuminate/Foundation/Http/Kernel->sendRequestThroughRouter()
#50 C:/Users/MSI/Desktop/projet cote serveur/stock-management/vendor/laravel/framework/src/Illuminate/Foundation/Application.php(1220): Illuminate/Foundation/Http/Kernel->handle()
#51 C:/Users/MSI/Desktop/projet cote serveur/stock-management/public/index.php(17): Illuminate/Foundation/Application->handleRequest()
#52 C:/Users/MSI/Desktop/projet cote serveur/stock-management/vendor/laravel/framework/src/Illuminate/Foundation/resources/server.php(23): require_once('...')
#53 {main}

[previous exception] [object] (PDOException(code: 7): SQLSTATE[08006] [7] timeout expired at C:/Users/MSI/Desktop/projet cote serveur/stock-management/vendor/laravel/framework/src/Illuminate/Database/Connectors/Connector.php:66)
[stacktrace]
#0 C:/Users/MSI/Desktop/projet cote serveur/stock-management/vendor/laravel/framework/src/Illuminate/Database/Connectors/Connector.php(66): PDO->__construct()
#1 C:/Users/MSI/Desktop/projet cote serveur/stock-management/vendor/laravel/framework/src/Illuminate/Database/Connectors/Connector.php(44): Illuminate/Database/Connectors/Connector->createPdoConnection()
#2 C:/Users/MSI/Desktop/projet cote serveur/stock-management/vendor/laravel/framework/src/Illuminate/Database/Connectors/PostgresConnector.php(35): Illuminate/Database/Connectors/Connector->createConnection()
#3 C:/Users/MSI/Desktop/projet cote serveur/stock-management/vendor/laravel/framework/src/Illuminate/Database/Connectors/ConnectionFactory.php(186): Illuminate/Database/Connectors/PostgresConnector->connect()
#4 [internal function]: Illuminate/Database/Connectors/ConnectionFactory->Illuminate/Database/Connectors/{closure}()
#5 C:/Users/MSI/Desktop/projet cote serveur/stock-management/vendor/laravel/framework/src/Illuminate/Database/Connection.php(1257): call_user_func()
#6 C:/Users/MSI/Desktop/projet cote serveur/stock-management/vendor/laravel/framework/src/Illuminate/Database/Connection.php(525): Illuminate/Database/Connection->getPdo()
#7 C:/Users/MSI/Desktop/projet cote serveur/stock-management/vendor/laravel/framework/src/Illuminate/Database/Connection.php(420): Illuminate/Database/Connection->getPdoForSelect()
#8 C:/Users/MSI/Desktop/projet cote serveur/stock-management/vendor/laravel/framework/src/Illuminate/Database/Connection.php(827): Illuminate/Database/Connection->Illuminate/Database/{closure}()
#9 C:/Users/MSI/Desktop/projet cote serveur/stock-management/vendor/laravel/framework/src/Illuminate/Database/Connection.php(794): Illuminate/Database/Connection->runQueryCallback()
#10 C:/Users/MSI/Desktop/projet cote serveur/stock-management/vendor/laravel/framework/src/Illuminate/Database/Connection.php(411): Illuminate/Database/Connection->run()
#11 C:/Users/MSI/Desktop/projet cote serveur/stock-management/vendor/laravel/framework/src/Illuminate/Database/Query/Builder.php(3505): Illuminate/Database/Connection->select()
#12 C:/Users/MSI/Desktop/projet cote serveur/stock-management/vendor/laravel/framework/src/Illuminate/Database/Query/Builder.php(3490): Illuminate/Database/Query/Builder->runSelect()
#13 C:/Users/MSI/Desktop/projet cote serveur/stock-management/vendor/laravel/framework/src/Illuminate/Database/Query/Builder.php(4080): Illuminate/Database/Query/Builder->Illuminate/Database/Query/{closure}()
#14 C:/Users/MSI/Desktop/projet cote serveur/stock-management/vendor/laravel/framework/src/Illuminate/Database/Query/Builder.php(3489): Illuminate/Database/Query/Builder->onceWithColumns()
#15 C:/Users/MSI/Desktop/projet cote serveur/stock-management/vendor/laravel/framework/src/Illuminate/Database/Concerns/BuildsQueries.php(366): Illuminate/Database/Query/Builder->get()
#16 C:/Users/MSI/Desktop/projet cote serveur/stock-management/vendor/laravel/framework/src/Illuminate/Database/Query/Builder.php(3412): Illuminate/Database/Query/Builder->first()
#17 C:/Users/MSI/Desktop/projet cote serveur/stock-management/vendor/laravel/framework/src/Illuminate/Session/DatabaseSessionHandler.php(96): Illuminate/Database/Query/Builder->find()
#18 C:/Users/MSI/Desktop/projet cote serveur/stock-management/vendor/laravel/framework/src/Illuminate/Session/Store.php(128): Illuminate/Session/DatabaseSessionHandler->read()
#19 C:/Users/MSI/Desktop/projet cote serveur/stock-management/vendor/laravel/framework/src/Illuminate/Session/Store.php(116): Illuminate/Session/Store->readFromHandler()
#20 C:/Users/MSI/Desktop/projet cote serveur/stock-management/vendor/laravel/framework/src/Illuminate/Session/Store.php(100): Illuminate/Session/Store->loadSession()
#21 C:/Users/MSI/Desktop/projet cote serveur/stock-management/vendor/laravel/framework/src/Illuminate/Session/Middleware/StartSession.php(146): Illuminate/Session/Store->start()
#22 C:/Users/MSI/Desktop/projet cote serveur/stock-management/vendor/laravel/framework/src/Illuminate/Support/helpers.php(393): Illuminate/Session/Middleware/StartSession->Illuminate/Session/Middleware/{closure}()
#23 C:/Users/MSI/Desktop/projet cote serveur/stock-management/vendor/laravel/framework/src/Illuminate/Session/Middleware/StartSession.php(143): tap()
#24 C:/Users/MSI/Desktop/projet cote serveur/stock-management/vendor/laravel/framework/src/Illuminate/Session/Middleware/StartSession.php(115): Illuminate/Session/Middleware/StartSession->startSession()
#25 C:/Users/MSI/Desktop/projet cote serveur/stock-management/vendor/laravel/framework/src/Illuminate/Session/Middleware/StartSession.php(63): Illuminate/Session/Middleware/StartSession->handleStatefulRequest()
#26 C:/Users/MSI/Desktop/projet cote serveur/stock-management/vendor/laravel/framework/src/Illuminate/Pipeline/Pipeline.php(219): Illuminate/Session/Middleware/StartSession->handle()
#27 C:/Users/MSI/Desktop/projet cote serveur/stock-management/vendor/laravel/framework/src/Illuminate/Cookie/Middleware/AddQueuedCookiesToResponse.php(36): Illuminate/Pipeline/Pipeline->Illuminate/Pipeline/{closure}()
#28 C:/Users/MSI/Desktop/projet cote serveur/stock-management/vendor/laravel/framework/src/Illuminate/Pipeline/Pipeline.php(219): Illuminate/Cookie/Middleware/AddQueuedCookiesToResponse->handle()
#29 C:/Users/MSI/Desktop/projet cote serveur/stock-management/vendor/laravel/framework/src/Illuminate/Cookie/Middleware/EncryptCookies.php(74): Illuminate/Pipeline/Pipeline->Illuminate/Pipeline/{closure}()
#30 C:/Users/MSI/Desktop/projet cote serveur/stock-management/vendor/laravel/framework/src/Illuminate/Pipeline/Pipeline.php(219): Illuminate/Cookie/Middleware/EncryptCookies->handle()
#31 C:/Users/MSI/Desktop/projet cote serveur/stock-management/vendor/laravel/framework/src/Illuminate/Pipeline/Pipeline.php(137): Illuminate/Pipeline/Pipeline->Illuminate/Pipeline/{closure}()
#32 C:/Users/MSI/Desktop/projet cote serveur/stock-management/vendor/laravel/framework/src/Illuminate/Routing/Router.php(821): Illuminate/Pipeline/Pipeline->then()
#33 C:/Users/MSI/Desktop/projet cote serveur/stock-management/vendor/laravel/framework/src/Illuminate/Routing/Router.php(800): Illuminate/Routing/Router->runRouteWithinStack()
#34 C:/Users/MSI/Desktop/projet cote serveur/stock-management/vendor/laravel/framework/src/Illuminate/Routing/Router.php(764): Illuminate/Routing/Router->runRoute()
#35 C:/Users/MSI/Desktop/projet cote serveur/stock-management/vendor/laravel/framework/src/Illuminate/Routing/Router.php(753): Illuminate/Routing/Router->dispatchToRoute()
#36 C:/Users/MSI/Desktop/projet cote serveur/stock-management/vendor/laravel/framework/src/Illuminate/Foundation/Http/Kernel.php(200): Illuminate/Routing/Router->dispatch()
#37 C:/Users/MSI/Desktop/projet cote serveur/stock-management/vendor/laravel/framework/src/Illuminate/Pipeline/Pipeline.php(180): Illuminate/Foundation/Http/Kernel->Illuminate/Foundation/Http/{closure}()
#38 C:/Users/MSI/Desktop/projet cote serveur/stock-management/vendor/laravel/framework/src/Illuminate/Foundation/Http/Middleware/TransformsRequest.php(21): Illuminate/Pipeline/Pipeline->Illuminate/Pipeline/{closure}()
#39 C:/Users/MSI/Desktop/projet cote serveur/stock-management/vendor/laravel/framework/src/Illuminate/Foundation/Http/Middleware/ConvertEmptyStringsToNull.php(31): Illuminate/Foundation/Http/Middleware/TransformsRequest->handle()
#40 C:/Users/MSI/Desktop/projet cote serveur/stock-management/vendor/laravel/framework/src/Illuminate/Pipeline/Pipeline.php(219): Illuminate/Foundation/Http/Middleware/ConvertEmptyStringsToNull->handle()
#41 C:/Users/MSI/Desktop/projet cote serveur/stock-management/vendor/laravel/framework/src/Illuminate/Foundation/Http/Middleware/TransformsRequest.php(21): Illuminate/Pipeline/Pipeline->Illuminate/Pipeline/{closure}()
#42 C:/Users/MSI/Desktop/projet cote serveur/stock-management/vendor/laravel/framework/src/Illuminate/Foundation/Http/Middleware/TrimStrings.php(51): Illuminate/Foundation/Http/Middleware/TransformsRequest->handle()
#43 C:/Users/MSI/Desktop/projet cote serveur/stock-management/vendor/laravel/framework/src/Illuminate/Pipeline/Pipeline.php(219): Illuminate/Foundation/Http/Middleware/TrimStrings->handle()
#44 C:/Users/MSI/Desktop/projet cote serveur/stock-management/vendor/laravel/framework/src/Illuminate/Http/Middleware/ValidatePostSize.php(27): Illuminate/Pipeline/Pipeline->Illuminate/Pipeline/{closure}()
#45 C:/Users/MSI/Desktop/projet cote serveur/stock-management/vendor/laravel/framework/src/Illuminate/Pipeline/Pipeline.php(219): Illuminate/Http/Middleware/ValidatePostSize->handle()
#46 C:/Users/MSI/Desktop/projet cote serveur/stock-management/vendor/laravel/framework/src/Illuminate/Foundation/Http/Middleware/PreventRequestsDuringMaintenance.php(109): Illuminate/Pipeline/Pipeline->Illuminate/Pipeline/{closure}()
#47 C:/Users/MSI/Desktop/projet cote serveur/stock-management/vendor/laravel/framework/src/Illuminate/Pipeline/Pipeline.php(219): Illuminate/Foundation/Http/Middleware/PreventRequestsDuringMaintenance->handle()
#48 C:/Users/MSI/Desktop/projet cote serveur/stock-management/vendor/laravel/framework/src/Illuminate/Http/Middleware/HandleCors.php(61): Illuminate/Pipeline/Pipeline->Illuminate/Pipeline/{closure}()
#49 C:/Users/MSI/Desktop/projet cote serveur/stock-management/vendor/laravel/framework/src/Illuminate/Pipeline/Pipeline.php(219): Illuminate/Http/Middleware/HandleCors->handle()
#50 C:/Users/MSI/Desktop/projet cote serveur/stock-management/vendor/laravel/framework/src/Illuminate/Http/Middleware/TrustProxies.php(58): Illuminate/Pipeline/Pipeline->Illuminate/Pipeline/{closure}()
#51 C:/Users/MSI/Desktop/projet cote serveur/stock-management/vendor/laravel/framework/src/Illuminate/Pipeline/Pipeline.php(219): Illuminate/Http/Middleware/TrustProxies->handle()
#52 C:/Users/MSI/Desktop/projet cote serveur/stock-management/vendor/laravel/framework/src/Illuminate/Foundation/Http/Middleware/InvokeDeferredCallbacks.php(22): Illuminate/Pipeline/Pipeline->Illuminate/Pipeline/{closure}()
#53 C:/Users/MSI/Desktop/projet cote serveur/stock-management/vendor/laravel/framework/src/Illuminate/Pipeline/Pipeline.php(219): Illuminate/Foundation/Http/Middleware/InvokeDeferredCallbacks->handle()
#54 C:/Users/MSI/Desktop/projet cote serveur/stock-management/vendor/laravel/framework/src/Illuminate/Http/Middleware/ValidatePathEncoding.php(26): Illuminate/Pipeline/Pipeline->Illuminate/Pipeline/{closure}()
#55 C:/Users/MSI/Desktop/projet cote serveur/stock-management/vendor/laravel/framework/src/Illuminate/Pipeline/Pipeline.php(219): Illuminate/Http/Middleware/ValidatePathEncoding->handle()
#56 C:/Users/MSI/Desktop/projet cote serveur/stock-management/vendor/laravel/framework/src/Illuminate/Pipeline/Pipeline.php(137): Illuminate/Pipeline/Pipeline->Illuminate/Pipeline/{closure}()
#57 C:/Users/MSI/Desktop/projet cote serveur/stock-management/vendor/laravel/framework/src/Illuminate/Foundation/Http/Kernel.php(175): Illuminate/Pipeline/Pipeline->then()
#58 C:/Users/MSI/Desktop/projet cote serveur/stock-management/vendor/laravel/framework/src/Illuminate/Foundation/Http/Kernel.php(144): Illuminate/Foundation/Http/Kernel->sendRequestThroughRouter()
#59 C:/Users/MSI/Desktop/projet cote serveur/stock-management/vendor/laravel/framework/src/Illuminate/Foundation/Application.php(1220): Illuminate/Foundation/Http/Kernel->handle()
#60 C:/Users/MSI/Desktop/projet cote serveur/stock-management/public/index.php(17): Illuminate/Foundation/Application->handleRequest()
#61 C:/Users/MSI/Desktop/projet cote serveur/stock-management/vendor/laravel/framework/src/Illuminate/Foundation/resources/server.php(23): require_once('...')
#62 {main}
"} 
[2026-05-03 17:50:25] local.ERROR: SQLSTATE[08006] [7] timeout expired (Connection: pgsql, Host: 127.0.0.1, Port: 5555, Database: stock_management, SQL: select * from "sessions" where "id" = IMQlU7fJiheMw8nA6YcVtYl4QeNmcX4jZah0UJ82 limit 1) {"exception":"[object] (Illuminate\\Database\\QueryException(code: 7): SQLSTATE[08006] [7] timeout expired (Connection: pgsql, Host: 127.0.0.1, Port: 5555, Database: stock_management, SQL: select * from \"sessions\" where \"id\" = IMQlU7fJiheMw8nA6YcVtYl4QeNmcX4jZah0UJ82 limit 1) at C:/Users/MSI/Desktop/projet cote serveur/stock-management/vendor/laravel/framework/src/Illuminate/Database/Connection.php:838)
[stacktrace]
#0 C:/Users/MSI/Desktop/projet cote serveur/stock-management/vendor/laravel/framework/src/Illuminate/Database/Connection.php(794): Illuminate/Database/Connection->runQueryCallback()
#1 C:/Users/MSI/Desktop/projet cote serveur/stock-management/vendor/laravel/framework/src/Illuminate/Database/Connection.php(411): Illuminate/Database/Connection->run()
#2 C:/Users/MSI/Desktop/projet cote serveur/stock-management/vendor/laravel/framework/src/Illuminate/Database/Query/Builder.php(3505): Illuminate/Database/Connection->select()
#3 C:/Users/MSI/Desktop/projet cote serveur/stock-management/vendor/laravel/framework/src/Illuminate/Database/Query/Builder.php(3490): Illuminate/Database/Query/Builder->runSelect()
#4 C:/Users/MSI/Desktop/projet cote serveur/stock-management/vendor/laravel/framework/src/Illuminate/Database/Query/Builder.php(4080): Illuminate/Database/Query/Builder->Illuminate/Database/Query/{closure}()
#5 C:/Users/MSI/Desktop/projet cote serveur/stock-management/vendor/laravel/framework/src/Illuminate/Database/Query/Builder.php(3489): Illuminate/Database/Query/Builder->onceWithColumns()
#6 C:/Users/MSI/Desktop/projet cote serveur/stock-management/vendor/laravel/framework/src/Illuminate/Database/Concerns/BuildsQueries.php(366): Illuminate/Database/Query/Builder->get()
#7 C:/Users/MSI/Desktop/projet cote serveur/stock-management/vendor/laravel/framework/src/Illuminate/Database/Query/Builder.php(3412): Illuminate/Database/Query/Builder->first()
#8 C:/Users/MSI/Desktop/projet cote serveur/stock-management/vendor/laravel/framework/src/Illuminate/Session/DatabaseSessionHandler.php(96): Illuminate/Database/Query/Builder->find()
#9 C:/Users/MSI/Desktop/projet cote serveur/stock-management/vendor/laravel/framework/src/Illuminate/Session/Store.php(128): Illuminate/Session/DatabaseSessionHandler->read()
#10 C:/Users/MSI/Desktop/projet cote serveur/stock-management/vendor/laravel/framework/src/Illuminate/Session/Store.php(116): Illuminate/Session/Store->readFromHandler()
#11 C:/Users/MSI/Desktop/projet cote serveur/stock-management/vendor/laravel/framework/src/Illuminate/Session/Store.php(100): Illuminate/Session/Store->loadSession()
#12 C:/Users/MSI/Desktop/projet cote serveur/stock-management/vendor/laravel/framework/src/Illuminate/Session/Middleware/StartSession.php(146): Illuminate/Session/Store->start()
#13 C:/Users/MSI/Desktop/projet cote serveur/stock-management/vendor/laravel/framework/src/Illuminate/Support/helpers.php(393): Illuminate/Session/Middleware/StartSession->Illuminate/Session/Middleware/{closure}()
#14 C:/Users/MSI/Desktop/projet cote serveur/stock-management/vendor/laravel/framework/src/Illuminate/Session/Middleware/StartSession.php(143): tap()
#15 C:/Users/MSI/Desktop/projet cote serveur/stock-management/vendor/laravel/framework/src/Illuminate/Session/Middleware/StartSession.php(115): Illuminate/Session/Middleware/StartSession->startSession()
#16 C:/Users/MSI/Desktop/projet cote serveur/stock-management/vendor/laravel/framework/src/Illuminate/Session/Middleware/StartSession.php(63): Illuminate/Session/Middleware/StartSession->handleStatefulRequest()
#17 C:/Users/MSI/Desktop/projet cote serveur/stock-management/vendor/laravel/framework/src/Illuminate/Pipeline/Pipeline.php(219): Illuminate/Session/Middleware/StartSession->handle()
#18 C:/Users/MSI/Desktop/projet cote serveur/stock-management/vendor/laravel/framework/src/Illuminate/Cookie/Middleware/AddQueuedCookiesToResponse.php(36): Illuminate/Pipeline/Pipeline->Illuminate/Pipeline/{closure}()
#19 C:/Users/MSI/Desktop/projet cote serveur/stock-management/vendor/laravel/framework/src/Illuminate/Pipeline/Pipeline.php(219): Illuminate/Cookie/Middleware/AddQueuedCookiesToResponse->handle()
#20 C:/Users/MSI/Desktop/projet cote serveur/stock-management/vendor/laravel/framework/src/Illuminate/Cookie/Middleware/EncryptCookies.php(74): Illuminate/Pipeline/Pipeline->Illuminate/Pipeline/{closure}()
#21 C:/Users/MSI/Desktop/projet cote serveur/stock-management/vendor/laravel/framework/src/Illuminate/Pipeline/Pipeline.php(219): Illuminate/Cookie/Middleware/EncryptCookies->handle()
#22 C:/Users/MSI/Desktop/projet cote serveur/stock-management/vendor/laravel/framework/src/Illuminate/Pipeline/Pipeline.php(137): Illuminate/Pipeline/Pipeline->Illuminate/Pipeline/{closure}()
#23 C:/Users/MSI/Desktop/projet cote serveur/stock-management/vendor/laravel/framework/src/Illuminate/Routing/Router.php(821): Illuminate/Pipeline/Pipeline->then()
#24 C:/Users/MSI/Desktop/projet cote serveur/stock-management/vendor/laravel/framework/src/Illuminate/Routing/Router.php(800): Illuminate/Routing/Router->runRouteWithinStack()
#25 C:/Users/MSI/Desktop/projet cote serveur/stock-management/vendor/laravel/framework/src/Illuminate/Routing/Router.php(764): Illuminate/Routing/Router->runRoute()
#26 C:/Users/MSI/Desktop/projet cote serveur/stock-management/vendor/laravel/framework/src/Illuminate/Routing/Router.php(753): Illuminate/Routing/Router->dispatchToRoute()
#27 C:/Users/MSI/Desktop/projet cote serveur/stock-management/vendor/laravel/framework/src/Illuminate/Foundation/Http/Kernel.php(200): Illuminate/Routing/Router->dispatch()
#28 C:/Users/MSI/Desktop/projet cote serveur/stock-management/vendor/laravel/framework/src/Illuminate/Pipeline/Pipeline.php(180): Illuminate/Foundation/Http/Kernel->Illuminate/Foundation/Http/{closure}()
#29 C:/Users/MSI/Desktop/projet cote serveur/stock-management/vendor/laravel/framework/src/Illuminate/Foundation/Http/Middleware/TransformsRequest.php(21): Illuminate/Pipeline/Pipeline->Illuminate/Pipeline/{closure}()
#30 C:/Users/MSI/Desktop/projet cote serveur/stock-management/vendor/laravel/framework/src/Illuminate/Foundation/Http/Middleware/ConvertEmptyStringsToNull.php(31): Illuminate/Foundation/Http/Middleware/TransformsRequest->handle()
#31 C:/Users/MSI/Desktop/projet cote serveur/stock-management/vendor/laravel/framework/src/Illuminate/Pipeline/Pipeline.php(219): Illuminate/Foundation/Http/Middleware/ConvertEmptyStringsToNull->handle()
#32 C:/Users/MSI/Desktop/projet cote serveur/stock-management/vendor/laravel/framework/src/Illuminate/Foundation/Http/Middleware/TransformsRequest.php(21): Illuminate/Pipeline/Pipeline->Illuminate/Pipeline/{closure}()
#33 C:/Users/MSI/Desktop/projet cote serveur/stock-management/vendor/laravel/framework/src/Illuminate/Foundation/Http/Middleware/TrimStrings.php(51): Illuminate/Foundation/Http/Middleware/TransformsRequest->handle()
#34 C:/Users/MSI/Desktop/projet cote serveur/stock-management/vendor/laravel/framework/src/Illuminate/Pipeline/Pipeline.php(219): Illuminate/Foundation/Http/Middleware/TrimStrings->handle()
#35 C:/Users/MSI/Desktop/projet cote serveur/stock-management/vendor/laravel/framework/src/Illuminate/Http/Middleware/ValidatePostSize.php(27): Illuminate/Pipeline/Pipeline->Illuminate/Pipeline/{closure}()
#36 C:/Users/MSI/Desktop/projet cote serveur/stock-management/vendor/laravel/framework/src/Illuminate/Pipeline/Pipeline.php(219): Illuminate/Http/Middleware/ValidatePostSize->handle()
#37 C:/Users/MSI/Desktop/projet cote serveur/stock-management/vendor/laravel/framework/src/Illuminate/Foundation/Http/Middleware/PreventRequestsDuringMaintenance.php(109): Illuminate/Pipeline/Pipeline->Illuminate/Pipeline/{closure}()
#38 C:/Users/MSI/Desktop/projet cote serveur/stock-management/vendor/laravel/framework/src/Illuminate/Pipeline/Pipeline.php(219): Illuminate/Foundation/Http/Middleware/PreventRequestsDuringMaintenance->handle()
#39 C:/Users/MSI/Desktop/projet cote serveur/stock-management/vendor/laravel/framework/src/Illuminate/Http/Middleware/HandleCors.php(61): Illuminate/Pipeline/Pipeline->Illuminate/Pipeline/{closure}()
#40 C:/Users/MSI/Desktop/projet cote serveur/stock-management/vendor/laravel/framework/src/Illuminate/Pipeline/Pipeline.php(219): Illuminate/Http/Middleware/HandleCors->handle()
#41 C:/Users/MSI/Desktop/projet cote serveur/stock-management/vendor/laravel/framework/src/Illuminate/Http/Middleware/TrustProxies.php(58): Illuminate/Pipeline/Pipeline->Illuminate/Pipeline/{closure}()
#42 C:/Users/MSI/Desktop/projet cote serveur/stock-management/vendor/laravel/framework/src/Illuminate/Pipeline/Pipeline.php(219): Illuminate/Http/Middleware/TrustProxies->handle()
#43 C:/Users/MSI/Desktop/projet cote serveur/stock-management/vendor/laravel/framework/src/Illuminate/Foundation/Http/Middleware/InvokeDeferredCallbacks.php(22): Illuminate/Pipeline/Pipeline->Illuminate/Pipeline/{closure}()
#44 C:/Users/MSI/Desktop/projet cote serveur/stock-management/vendor/laravel/framework/src/Illuminate/Pipeline/Pipeline.php(219): Illuminate/Foundation/Http/Middleware/InvokeDeferredCallbacks->handle()
#45 C:/Users/MSI/Desktop/projet cote serveur/stock-management/vendor/laravel/framework/src/Illuminate/Http/Middleware/ValidatePathEncoding.php(26): Illuminate/Pipeline/Pipeline->Illuminate/Pipeline/{closure}()
#46 C:/Users/MSI/Desktop/projet cote serveur/stock-management/vendor/laravel/framework/src/Illuminate/Pipeline/Pipeline.php(219): Illuminate/Http/Middleware/ValidatePathEncoding->handle()
#47 C:/Users/MSI/Desktop/projet cote serveur/stock-management/vendor/laravel/framework/src/Illuminate/Pipeline/Pipeline.php(137): Illuminate/Pipeline/Pipeline->Illuminate/Pipeline/{closure}()
#48 C:/Users/MSI/Desktop/projet cote serveur/stock-management/vendor/laravel/framework/src/Illuminate/Foundation/Http/Kernel.php(175): Illuminate/Pipeline/Pipeline->then()
#49 C:/Users/MSI/Desktop/projet cote serveur/stock-management/vendor/laravel/framework/src/Illuminate/Foundation/Http/Kernel.php(144): Illuminate/Foundation/Http/Kernel->sendRequestThroughRouter()
#50 C:/Users/MSI/Desktop/projet cote serveur/stock-management/vendor/laravel/framework/src/Illuminate/Foundation/Application.php(1220): Illuminate/Foundation/Http/Kernel->handle()
#51 C:/Users/MSI/Desktop/projet cote serveur/stock-management/public/index.php(17): Illuminate/Foundation/Application->handleRequest()
#52 C:/Users/MSI/Desktop/projet cote serveur/stock-management/vendor/laravel/framework/src/Illuminate/Foundation/resources/server.php(23): require_once('...')
#53 {main}

[previous exception] [object] (PDOException(code: 7): SQLSTATE[08006] [7] timeout expired at C:/Users/MSI/Desktop/projet cote serveur/stock-management/vendor/laravel/framework/src/Illuminate/Database/Connectors/Connector.php:66)
[stacktrace]
#0 C:/Users/MSI/Desktop/projet cote serveur/stock-management/vendor/laravel/framework/src/Illuminate/Database/Connectors/Connector.php(66): PDO->__construct()
#1 C:/Users/MSI/Desktop/projet cote serveur/stock-management/vendor/laravel/framework/src/Illuminate/Database/Connectors/Connector.php(44): Illuminate/Database/Connectors/Connector->createPdoConnection()
#2 C:/Users/MSI/Desktop/projet cote serveur/stock-management/vendor/laravel/framework/src/Illuminate/Database/Connectors/PostgresConnector.php(35): Illuminate/Database/Connectors/Connector->createConnection()
#3 C:/Users/MSI/Desktop/projet cote serveur/stock-management/vendor/laravel/framework/src/Illuminate/Database/Connectors/ConnectionFactory.php(186): Illuminate/Database/Connectors/PostgresConnector->connect()
#4 [internal function]: Illuminate/Database/Connectors/ConnectionFactory->Illuminate/Database/Connectors/{closure}()
#5 C:/Users/MSI/Desktop/projet cote serveur/stock-management/vendor/laravel/framework/src/Illuminate/Database/Connection.php(1257): call_user_func()
#6 C:/Users/MSI/Desktop/projet cote serveur/stock-management/vendor/laravel/framework/src/Illuminate/Database/Connection.php(525): Illuminate/Database/Connection->getPdo()
#7 C:/Users/MSI/Desktop/projet cote serveur/stock-management/vendor/laravel/framework/src/Illuminate/Database/Connection.php(420): Illuminate/Database/Connection->getPdoForSelect()
#8 C:/Users/MSI/Desktop/projet cote serveur/stock-management/vendor/laravel/framework/src/Illuminate/Database/Connection.php(827): Illuminate/Database/Connection->Illuminate/Database/{closure}()
#9 C:/Users/MSI/Desktop/projet cote serveur/stock-management/vendor/laravel/framework/src/Illuminate/Database/Connection.php(794): Illuminate/Database/Connection->runQueryCallback()
#10 C:/Users/MSI/Desktop/projet cote serveur/stock-management/vendor/laravel/framework/src/Illuminate/Database/Connection.php(411): Illuminate/Database/Connection->run()
#11 C:/Users/MSI/Desktop/projet cote serveur/stock-management/vendor/laravel/framework/src/Illuminate/Database/Query/Builder.php(3505): Illuminate/Database/Connection->select()
#12 C:/Users/MSI/Desktop/projet cote serveur/stock-management/vendor/laravel/framework/src/Illuminate/Database/Query/Builder.php(3490): Illuminate/Database/Query/Builder->runSelect()
#13 C:/Users/MSI/Desktop/projet cote serveur/stock-management/vendor/laravel/framework/src/Illuminate/Database/Query/Builder.php(4080): Illuminate/Database/Query/Builder->Illuminate/Database/Query/{closure}()
#14 C:/Users/MSI/Desktop/projet cote serveur/stock-management/vendor/laravel/framework/src/Illuminate/Database/Query/Builder.php(3489): Illuminate/Database/Query/Builder->onceWithColumns()
#15 C:/Users/MSI/Desktop/projet cote serveur/stock-management/vendor/laravel/framework/src/Illuminate/Database/Concerns/BuildsQueries.php(366): Illuminate/Database/Query/Builder->get()
#16 C:/Users/MSI/Desktop/projet cote serveur/stock-management/vendor/laravel/framework/src/Illuminate/Database/Query/Builder.php(3412): Illuminate/Database/Query/Builder->first()
#17 C:/Users/MSI/Desktop/projet cote serveur/stock-management/vendor/laravel/framework/src/Illuminate/Session/DatabaseSessionHandler.php(96): Illuminate/Database/Query/Builder->find()
#18 C:/Users/MSI/Desktop/projet cote serveur/stock-management/vendor/laravel/framework/src/Illuminate/Session/Store.php(128): Illuminate/Session/DatabaseSessionHandler->read()
#19 C:/Users/MSI/Desktop/projet cote serveur/stock-management/vendor/laravel/framework/src/Illuminate/Session/Store.php(116): Illuminate/Session/Store->readFromHandler()
#20 C:/Users/MSI/Desktop/projet cote serveur/stock-management/vendor/laravel/framework/src/Illuminate/Session/Store.php(100): Illuminate/Session/Store->loadSession()
#21 C:/Users/MSI/Desktop/projet cote serveur/stock-management/vendor/laravel/framework/src/Illuminate/Session/Middleware/StartSession.php(146): Illuminate/Session/Store->start()
#22 C:/Users/MSI/Desktop/projet cote serveur/stock-management/vendor/laravel/framework/src/Illuminate/Support/helpers.php(393): Illuminate/Session/Middleware/StartSession->Illuminate/Session/Middleware/{closure}()
#23 C:/Users/MSI/Desktop/projet cote serveur/stock-management/vendor/laravel/framework/src/Illuminate/Session/Middleware/StartSession.php(143): tap()
#24 C:/Users/MSI/Desktop/projet cote serveur/stock-management/vendor/laravel/framework/src/Illuminate/Session/Middleware/StartSession.php(115): Illuminate/Session/Middleware/StartSession->startSession()
#25 C:/Users/MSI/Desktop/projet cote serveur/stock-management/vendor/laravel/framework/src/Illuminate/Session/Middleware/StartSession.php(63): Illuminate/Session/Middleware/StartSession->handleStatefulRequest()
#26 C:/Users/MSI/Desktop/projet cote serveur/stock-management/vendor/laravel/framework/src/Illuminate/Pipeline/Pipeline.php(219): Illuminate/Session/Middleware/StartSession->handle()
#27 C:/Users/MSI/Desktop/projet cote serveur/stock-management/vendor/laravel/framework/src/Illuminate/Cookie/Middleware/AddQueuedCookiesToResponse.php(36): Illuminate/Pipeline/Pipeline->Illuminate/Pipeline/{closure}()
#28 C:/Users/MSI/Desktop/projet cote serveur/stock-management/vendor/laravel/framework/src/Illuminate/Pipeline/Pipeline.php(219): Illuminate/Cookie/Middleware/AddQueuedCookiesToResponse->handle()
#29 C:/Users/MSI/Desktop/projet cote serveur/stock-management/vendor/laravel/framework/src/Illuminate/Cookie/Middleware/EncryptCookies.php(74): Illuminate/Pipeline/Pipeline->Illuminate/Pipeline/{closure}()
#30 C:/Users/MSI/Desktop/projet cote serveur/stock-management/vendor/laravel/framework/src/Illuminate/Pipeline/Pipeline.php(219): Illuminate/Cookie/Middleware/EncryptCookies->handle()
#31 C:/Users/MSI/Desktop/projet cote serveur/stock-management/vendor/laravel/framework/src/Illuminate/Pipeline/Pipeline.php(137): Illuminate/Pipeline/Pipeline->Illuminate/Pipeline/{closure}()
#32 C:/Users/MSI/Desktop/projet cote serveur/stock-management/vendor/laravel/framework/src/Illuminate/Routing/Router.php(821): Illuminate/Pipeline/Pipeline->then()
#33 C:/Users/MSI/Desktop/projet cote serveur/stock-management/vendor/laravel/framework/src/Illuminate/Routing/Router.php(800): Illuminate/Routing/Router->runRouteWithinStack()
#34 C:/Users/MSI/Desktop/projet cote serveur/stock-management/vendor/laravel/framework/src/Illuminate/Routing/Router.php(764): Illuminate/Routing/Router->runRoute()
#35 C:/Users/MSI/Desktop/projet cote serveur/stock-management/vendor/laravel/framework/src/Illuminate/Routing/Router.php(753): Illuminate/Routing/Router->dispatchToRoute()
#36 C:/Users/MSI/Desktop/projet cote serveur/stock-management/vendor/laravel/framework/src/Illuminate/Foundation/Http/Kernel.php(200): Illuminate/Routing/Router->dispatch()
#37 C:/Users/MSI/Desktop/projet cote serveur/stock-management/vendor/laravel/framework/src/Illuminate/Pipeline/Pipeline.php(180): Illuminate/Foundation/Http/Kernel->Illuminate/Foundation/Http/{closure}()
#38 C:/Users/MSI/Desktop/projet cote serveur/stock-management/vendor/laravel/framework/src/Illuminate/Foundation/Http/Middleware/TransformsRequest.php(21): Illuminate/Pipeline/Pipeline->Illuminate/Pipeline/{closure}()
#39 C:/Users/MSI/Desktop/projet cote serveur/stock-management/vendor/laravel/framework/src/Illuminate/Foundation/Http/Middleware/ConvertEmptyStringsToNull.php(31): Illuminate/Foundation/Http/Middleware/TransformsRequest->handle()
#40 C:/Users/MSI/Desktop/projet cote serveur/stock-management/vendor/laravel/framework/src/Illuminate/Pipeline/Pipeline.php(219): Illuminate/Foundation/Http/Middleware/ConvertEmptyStringsToNull->handle()
#41 C:/Users/MSI/Desktop/projet cote serveur/stock-management/vendor/laravel/framework/src/Illuminate/Foundation/Http/Middleware/TransformsRequest.php(21): Illuminate/Pipeline/Pipeline->Illuminate/Pipeline/{closure}()
#42 C:/Users/MSI/Desktop/projet cote serveur/stock-management/vendor/laravel/framework/src/Illuminate/Foundation/Http/Middleware/TrimStrings.php(51): Illuminate/Foundation/Http/Middleware/TransformsRequest->handle()
#43 C:/Users/MSI/Desktop/projet cote serveur/stock-management/vendor/laravel/framework/src/Illuminate/Pipeline/Pipeline.php(219): Illuminate/Foundation/Http/Middleware/TrimStrings->handle()
#44 C:/Users/MSI/Desktop/projet cote serveur/stock-management/vendor/laravel/framework/src/Illuminate/Http/Middleware/ValidatePostSize.php(27): Illuminate/Pipeline/Pipeline->Illuminate/Pipeline/{closure}()
#45 C:/Users/MSI/Desktop/projet cote serveur/stock-management/vendor/laravel/framework/src/Illuminate/Pipeline/Pipeline.php(219): Illuminate/Http/Middleware/ValidatePostSize->handle()
#46 C:/Users/MSI/Desktop/projet cote serveur/stock-management/vendor/laravel/framework/src/Illuminate/Foundation/Http/Middleware/PreventRequestsDuringMaintenance.php(109): Illuminate/Pipeline/Pipeline->Illuminate/Pipeline/{closure}()
#47 C:/Users/MSI/Desktop/projet cote serveur/stock-management/vendor/laravel/framework/src/Illuminate/Pipeline/Pipeline.php(219): Illuminate/Foundation/Http/Middleware/PreventRequestsDuringMaintenance->handle()
#48 C:/Users/MSI/Desktop/projet cote serveur/stock-management/vendor/laravel/framework/src/Illuminate/Http/Middleware/HandleCors.php(61): Illuminate/Pipeline/Pipeline->Illuminate/Pipeline/{closure}()
#49 C:/Users/MSI/Desktop/projet cote serveur/stock-management/vendor/laravel/framework/src/Illuminate/Pipeline/Pipeline.php(219): Illuminate/Http/Middleware/HandleCors->handle()
#50 C:/Users/MSI/Desktop/projet cote serveur/stock-management/vendor/laravel/framework/src/Illuminate/Http/Middleware/TrustProxies.php(58): Illuminate/Pipeline/Pipeline->Illuminate/Pipeline/{closure}()
#51 C:/Users/MSI/Desktop/projet cote serveur/stock-management/vendor/laravel/framework/src/Illuminate/Pipeline/Pipeline.php(219): Illuminate/Http/Middleware/TrustProxies->handle()
#52 C:/Users/MSI/Desktop/projet cote serveur/stock-management/vendor/laravel/framework/src/Illuminate/Foundation/Http/Middleware/InvokeDeferredCallbacks.php(22): Illuminate/Pipeline/Pipeline->Illuminate/Pipeline/{closure}()
#53 C:/Users/MSI/Desktop/projet cote serveur/stock-management/vendor/laravel/framework/src/Illuminate/Pipeline/Pipeline.php(219): Illuminate/Foundation/Http/Middleware/InvokeDeferredCallbacks->handle()
#54 C:/Users/MSI/Desktop/projet cote serveur/stock-management/vendor/laravel/framework/src/Illuminate/Http/Middleware/ValidatePathEncoding.php(26): Illuminate/Pipeline/Pipeline->Illuminate/Pipeline/{closure}()
#55 C:/Users/MSI/Desktop/projet cote serveur/stock-management/vendor/laravel/framework/src/Illuminate/Pipeline/Pipeline.php(219): Illuminate/Http/Middleware/ValidatePathEncoding->handle()
#56 C:/Users/MSI/Desktop/projet cote serveur/stock-management/vendor/laravel/framework/src/Illuminate/Pipeline/Pipeline.php(137): Illuminate/Pipeline/Pipeline->Illuminate/Pipeline/{closure}()
#57 C:/Users/MSI/Desktop/projet cote serveur/stock-management/vendor/laravel/framework/src/Illuminate/Foundation/Http/Kernel.php(175): Illuminate/Pipeline/Pipeline->then()
#58 C:/Users/MSI/Desktop/projet cote serveur/stock-management/vendor/laravel/framework/src/Illuminate/Foundation/Http/Kernel.php(144): Illuminate/Foundation/Http/Kernel->sendRequestThroughRouter()
#59 C:/Users/MSI/Desktop/projet cote serveur/stock-management/vendor/laravel/framework/src/Illuminate/Foundation/Application.php(1220): Illuminate/Foundation/Http/Kernel->handle()
#60 C:/Users/MSI/Desktop/projet cote serveur/stock-management/public/index.php(17): Illuminate/Foundation/Application->handleRequest()
#61 C:/Users/MSI/Desktop/projet cote serveur/stock-management/vendor/laravel/framework/src/Illuminate/Foundation/resources/server.php(23): require_once('...')
#62 {main}
"} 
[2026-05-03 17:51:01] local.ERROR: SQLSTATE[08006] [7] timeout expired (Connection: pgsql, Host: 127.0.0.1, Port: 5555, Database: stock_management, SQL: select count(*) as "Value" from pg_stat_activity) {"exception":"[object] (Illuminate\\Database\\QueryException(code: 7): SQLSTATE[08006] [7] timeout expired (Connection: pgsql, Host: 127.0.0.1, Port: 5555, Database: stock_management, SQL: select count(*) as \"Value\" from pg_stat_activity) at C:/Users/MSI/Desktop/projet cote serveur/stock-management/vendor/laravel/framework/src/Illuminate/Database/Connection.php:838)
[stacktrace]
#0 C:/Users/MSI/Desktop/projet cote serveur/stock-management/vendor/laravel/framework/src/Illuminate/Database/Connection.php(794): Illuminate/Database/Connection->runQueryCallback()
#1 C:/Users/MSI/Desktop/projet cote serveur/stock-management/vendor/laravel/framework/src/Illuminate/Database/Connection.php(411): Illuminate/Database/Connection->run()
#2 C:/Users/MSI/Desktop/projet cote serveur/stock-management/vendor/laravel/framework/src/Illuminate/Database/Connection.php(357): Illuminate/Database/Connection->select()
#3 C:/Users/MSI/Desktop/projet cote serveur/stock-management/vendor/laravel/framework/src/Illuminate/Database/Connection.php(374): Illuminate/Database/Connection->selectOne()
#4 C:/Users/MSI/Desktop/projet cote serveur/stock-management/vendor/laravel/framework/src/Illuminate/Database/Connection.php(649): Illuminate/Database/Connection->scalar()
#5 C:/Users/MSI/Desktop/projet cote serveur/stock-management/vendor/laravel/framework/src/Illuminate/Database/Console/MonitorCommand.php(89): Illuminate/Database/Connection->threadCount()
#6 [internal function]: Illuminate/Database/Console/MonitorCommand->Illuminate/Database/Console/{closure}()
#7 C:/Users/MSI/Desktop/projet cote serveur/stock-management/vendor/laravel/framework/src/Illuminate/Collections/Arr.php(841): array_map()
#8 C:/Users/MSI/Desktop/projet cote serveur/stock-management/vendor/laravel/framework/src/Illuminate/Collections/Collection.php(829): Illuminate/Support/Arr::map()
#9 C:/Users/MSI/Desktop/projet cote serveur/stock-management/vendor/laravel/framework/src/Illuminate/Database/Console/MonitorCommand.php(82): Illuminate/Support/Collection->map()
#10 C:/Users/MSI/Desktop/projet cote serveur/stock-management/vendor/laravel/framework/src/Illuminate/Database/Console/MonitorCommand.php(65): Illuminate/Database/Console/MonitorCommand->parseDatabases()
#11 C:/Users/MSI/Desktop/projet cote serveur/stock-management/vendor/laravel/framework/src/Illuminate/Container/BoundMethod.php(36): Illuminate/Database/Console/MonitorCommand->handle()
#12 C:/Users/MSI/Desktop/projet cote serveur/stock-management/vendor/laravel/framework/src/Illuminate/Container/Util.php(43): Illuminate/Container/BoundMethod::Illuminate/Container/{closure}()
#13 C:/Users/MSI/Desktop/projet cote serveur/stock-management/vendor/laravel/framework/src/Illuminate/Container/BoundMethod.php(96): Illuminate/Container/Util::unwrapIfClosure()
#14 C:/Users/MSI/Desktop/projet cote serveur/stock-management/vendor/laravel/framework/src/Illuminate/Container/BoundMethod.php(35): Illuminate/Container/BoundMethod::callBoundMethod()
#15 C:/Users/MSI/Desktop/projet cote serveur/stock-management/vendor/laravel/framework/src/Illuminate/Container/Container.php(799): Illuminate/Container/BoundMethod::call()
#16 C:/Users/MSI/Desktop/projet cote serveur/stock-management/vendor/laravel/framework/src/Illuminate/Console/Command.php(211): Illuminate/Container/Container->call()
#17 C:/Users/MSI/Desktop/projet cote serveur/stock-management/vendor/symfony/console/Command/Command.php(341): Illuminate/Console/Command->execute()
#18 C:/Users/MSI/Desktop/projet cote serveur/stock-management/vendor/laravel/framework/src/Illuminate/Console/Command.php(180): Symfony/Component/Console/Command/Command->run()
#19 C:/Users/MSI/Desktop/projet cote serveur/stock-management/vendor/symfony/console/Application.php(1117): Illuminate/Console/Command->run()
#20 C:/Users/MSI/Desktop/projet cote serveur/stock-management/vendor/symfony/console/Application.php(356): Symfony/Component/Console/Application->doRunCommand()
#21 C:/Users/MSI/Desktop/projet cote serveur/stock-management/vendor/symfony/console/Application.php(195): Symfony/Component/Console/Application->doRun()
#22 C:/Users/MSI/Desktop/projet cote serveur/stock-management/vendor/laravel/framework/src/Illuminate/Foundation/Console/Kernel.php(198): Symfony/Component/Console/Application->run()
#23 C:/Users/MSI/Desktop/projet cote serveur/stock-management/vendor/laravel/framework/src/Illuminate/Foundation/Application.php(1235): Illuminate/Foundation/Console/Kernel->handle()
#24 C:/Users/MSI/Desktop/projet cote serveur/stock-management/artisan(13): Illuminate/Foundation/Application->handleCommand()
#25 {main}

[previous exception] [object] (PDOException(code: 7): SQLSTATE[08006] [7] timeout expired at C:/Users/MSI/Desktop/projet cote serveur/stock-management/vendor/laravel/framework/src/Illuminate/Database/Connectors/Connector.php:66)
[stacktrace]
#0 C:/Users/MSI/Desktop/projet cote serveur/stock-management/vendor/laravel/framework/src/Illuminate/Database/Connectors/Connector.php(66): PDO->__construct()
#1 C:/Users/MSI/Desktop/projet cote serveur/stock-management/vendor/laravel/framework/src/Illuminate/Database/Connectors/Connector.php(44): Illuminate/Database/Connectors/Connector->createPdoConnection()
#2 C:/Users/MSI/Desktop/projet cote serveur/stock-management/vendor/laravel/framework/src/Illuminate/Database/Connectors/PostgresConnector.php(35): Illuminate/Database/Connectors/Connector->createConnection()
#3 C:/Users/MSI/Desktop/projet cote serveur/stock-management/vendor/laravel/framework/src/Illuminate/Database/Connectors/ConnectionFactory.php(186): Illuminate/Database/Connectors/PostgresConnector->connect()
#4 [internal function]: Illuminate/Database/Connectors/ConnectionFactory->Illuminate/Database/Connectors/{closure}()
#5 C:/Users/MSI/Desktop/projet cote serveur/stock-management/vendor/laravel/framework/src/Illuminate/Database/Connection.php(1257): call_user_func()
#6 C:/Users/MSI/Desktop/projet cote serveur/stock-management/vendor/laravel/framework/src/Illuminate/Database/Connection.php(1295): Illuminate/Database/Connection->getPdo()
#7 C:/Users/MSI/Desktop/projet cote serveur/stock-management/vendor/laravel/framework/src/Illuminate/Database/Connection.php(525): Illuminate/Database/Connection->getReadPdo()
#8 C:/Users/MSI/Desktop/projet cote serveur/stock-management/vendor/laravel/framework/src/Illuminate/Database/Connection.php(420): Illuminate/Database/Connection->getPdoForSelect()
#9 C:/Users/MSI/Desktop/projet cote serveur/stock-management/vendor/laravel/framework/src/Illuminate/Database/Connection.php(827): Illuminate/Database/Connection->Illuminate/Database/{closure}()
#10 C:/Users/MSI/Desktop/projet cote serveur/stock-management/vendor/laravel/framework/src/Illuminate/Database/Connection.php(794): Illuminate/Database/Connection->runQueryCallback()
#11 C:/Users/MSI/Desktop/projet cote serveur/stock-management/vendor/laravel/framework/src/Illuminate/Database/Connection.php(411): Illuminate/Database/Connection->run()
#12 C:/Users/MSI/Desktop/projet cote serveur/stock-management/vendor/laravel/framework/src/Illuminate/Database/Connection.php(357): Illuminate/Database/Connection->select()
#13 C:/Users/MSI/Desktop/projet cote serveur/stock-management/vendor/laravel/framework/src/Illuminate/Database/Connection.php(374): Illuminate/Database/Connection->selectOne()
#14 C:/Users/MSI/Desktop/projet cote serveur/stock-management/vendor/laravel/framework/src/Illuminate/Database/Connection.php(649): Illuminate/Database/Connection->scalar()
#15 C:/Users/MSI/Desktop/projet cote serveur/stock-management/vendor/laravel/framework/src/Illuminate/Database/Console/MonitorCommand.php(89): Illuminate/Database/Connection->threadCount()
#16 [internal function]: Illuminate/Database/Console/MonitorCommand->Illuminate/Database/Console/{closure}()
#17 C:/Users/MSI/Desktop/projet cote serveur/stock-management/vendor/laravel/framework/src/Illuminate/Collections/Arr.php(841): array_map()
#18 C:/Users/MSI/Desktop/projet cote serveur/stock-management/vendor/laravel/framework/src/Illuminate/Collections/Collection.php(829): Illuminate/Support/Arr::map()
#19 C:/Users/MSI/Desktop/projet cote serveur/stock-management/vendor/laravel/framework/src/Illuminate/Database/Console/MonitorCommand.php(82): Illuminate/Support/Collection->map()
#20 C:/Users/MSI/Desktop/projet cote serveur/stock-management/vendor/laravel/framework/src/Illuminate/Database/Console/MonitorCommand.php(65): Illuminate/Database/Console/MonitorCommand->parseDatabases()
#21 C:/Users/MSI/Desktop/projet cote serveur/stock-management/vendor/laravel/framework/src/Illuminate/Container/BoundMethod.php(36): Illuminate/Database/Console/MonitorCommand->handle()
#22 C:/Users/MSI/Desktop/projet cote serveur/stock-management/vendor/laravel/framework/src/Illuminate/Container/Util.php(43): Illuminate/Container/BoundMethod::Illuminate/Container/{closure}()
#23 C:/Users/MSI/Desktop/projet cote serveur/stock-management/vendor/laravel/framework/src/Illuminate/Container/BoundMethod.php(96): Illuminate/Container/Util::unwrapIfClosure()
#24 C:/Users/MSI/Desktop/projet cote serveur/stock-management/vendor/laravel/framework/src/Illuminate/Container/BoundMethod.php(35): Illuminate/Container/BoundMethod::callBoundMethod()
#25 C:/Users/MSI/Desktop/projet cote serveur/stock-management/vendor/laravel/framework/src/Illuminate/Container/Container.php(799): Illuminate/Container/BoundMethod::call()
#26 C:/Users/MSI/Desktop/projet cote serveur/stock-management/vendor/laravel/framework/src/Illuminate/Console/Command.php(211): Illuminate/Container/Container->call()
#27 C:/Users/MSI/Desktop/projet cote serveur/stock-management/vendor/symfony/console/Command/Command.php(341): Illuminate/Console/Command->execute()
#28 C:/Users/MSI/Desktop/projet cote serveur/stock-management/vendor/laravel/framework/src/Illuminate/Console/Command.php(180): Symfony/Component/Console/Command/Command->run()
#29 C:/Users/MSI/Desktop/projet cote serveur/stock-management/vendor/symfony/console/Application.php(1117): Illuminate/Console/Command->run()
#30 C:/Users/MSI/Desktop/projet cote serveur/stock-management/vendor/symfony/console/Application.php(356): Symfony/Component/Console/Application->doRunCommand()
#31 C:/Users/MSI/Desktop/projet cote serveur/stock-management/vendor/symfony/console/Application.php(195): Symfony/Component/Console/Application->doRun()
#32 C:/Users/MSI/Desktop/projet cote serveur/stock-management/vendor/laravel/framework/src/Illuminate/Foundation/Console/Kernel.php(198): Symfony/Component/Console/Application->run()
#33 C:/Users/MSI/Desktop/projet cote serveur/stock-management/vendor/laravel/framework/src/Illuminate/Foundation/Application.php(1235): Illuminate/Foundation/Console/Kernel->handle()
#34 C:/Users/MSI/Desktop/projet cote serveur/stock-management/artisan(13): Illuminate/Foundation/Application->handleCommand()
#35 {main}
"} 
